p,profile,rms_over_g,theta,chi_m2,chi_m2_low,chi_m2_high,chi_m8,chi_m8_low,chi_m8_high,min_q10_m8,min_q10_m8_low,min_q10_m8_high
0.0,uniform,0.0,0.0,0.8038646784552066,0.7766804976336872,0.827326568198456,0.9983114466227635,0.9968989006609936,0.9993506323672855,0.9752856263576999,0.9613322758383402,0.9861813623289972
0.0,uniform,0.0,0.01308996938995747,0.8037962759877354,0.776613128113619,0.8272586186538913,0.9983086734450021,0.9968946825329431,0.9993489583413513,0.9752640461120651,0.9613035537749123,0.9861640953634453
0.0,uniform,0.0,0.02617993877991494,0.8035910316703587,0.7764109866054453,0.8270547265029791,0.9983003320323811,0.9968820000293513,0.9993439186466303,0.9751992352252324,0.9612173143381351,0.9861122252186809
0.0,uniform,0.0,0.039269908169872414,0.8032488349339562,0.7760739744291658,0.8267147613890754,0.9982863620111817,0.9968607687199443,0.9993354708877907,0.975090983116492,0.9610733377234607,0.986025543986876
0.0,uniform,0.0,0.05235987755982988,0.8027695020819249,0.7756019276638667,0.8262385067004259,0.998266676239671,0.9968308475451789,0.99932357132863,0.9749389383824818,0.9608712573739323,0.9859037046108872
0.0,uniform,0.0,0.06544984694978735,0.8021527771658241,0.7749946179642426,0.8256201668370896,0.9982409399903109,0.9967920322734898,0.9993080556366041,0.9747422476240154,0.9606105596590545,0.9857458595482402
0.0,uniform,0.0,0.07853981633974483,0.8013983332068038,0.7742517536995336,0.824863350520406,0.9982089143054124,0.9967441546358532,0.9992898182443851,0.9744998354497204,0.9602905834310999,0.9855571114854418
0.0,uniform,0.0,0.09162978572970229,0.8005057737583824,0.7733729814107083,0.8239678527468243,0.9981703272172359,0.996686835067008,0.9992679240022642,0.9742115026846364,0.9599105194647358,0.9853474741052867
0.0,uniform,0.0,0.10471975511965977,0.799475547276812,0.7723579560160023,0.8229340326013308,0.9981249738846993,0.9966196798734276,0.9992398201442687,0.9738763207363706,0.9594694097875566,0.9850849187554059
0.0,uniform,0.0,0.11780972450961724,0.7983064420274782,0.7712061548385664,0.8217606191852724,0.9980724188034484,0.996546280189609,0.9992070331867677,0.9734872792615589,0.958961948623133,0.9847899579054589
0.0,uniform,0.0,0.1308996938995747,0.796997761936702,0.7699170429800909,0.820446833377304,0.9980122946352351,0.996460320127276,0.9991692601741816,0.9730335441464661,0.9583853854772754,0.9844200365458448
0.0,uniform,0.0,0.14398966328953217,0.7955488522080286,0.7684900401940957,0.8189919256514179,0.9979447828212386,0.9963538173691582,0.9991274234053494,0.972526375984392,0.9577478654444554,0.9840084851570863
0.0,uniform,0.0,0.15707963267948966,0.7939590010080665,0.7669101348823493,0.8173949693128251,0.9978698667505292,0.9962475389903286,0.9990821281715896,0.9719603274635061,0.9570413570785796,0.9835685915288842
0.0,uniform,0.0,0.17016960206944712,0.7922274429257672,0.7651782173905534,0.8156551894251346,0.9977851198320787,0.9961262725852509,0.9990293041735326,0.9713008492985398,0.956268935440457,0.9830405783630806
0.0,uniform,0.0,0.18325957145940458,0.7903533627116434,0.7633045082719002,0.8137720366035684,0.9976895583775969,0.9959925114090885,0.9989681746626226,0.9705685695459861,0.9554592480234682,0.9824582581178867
0.0,uniform,0.0,0.19634954084936207,0.7883358992844344,0.7612883147546038,0.8117508633642663,0.9975833086790936,0.9958364880934095,0.9988995702847127,0.9697875748400437,0.9545773847080283,0.9817797918801189
0.0,uniform,0.0,0.20943951023931953,0.7861741499920322,0.7591289124692028,0.8095843063054284,0.9974654977997287,0.995664454827927,0.9988242770228271,0.9689409337711244,0.9535900542319792,0.9810122121205846
0.0,uniform,0.0,0.222529479629277,0.7838671751129028,0.7568255494459702,0.8072712665971498,0.9973346441727519,0.9954825090403836,0.9987411800885023,0.9680265777506841,0.9524373748633108,0.9802025605329904
0.0,uniform,0.0,0.23561944901923448,0.7814140025837196,0.754377450313733,0.8048163909110099,0.9971906738729653,0.9952752531041442,0.9986486370562005,0.9670373505929007,0.9512875380993628,0.9793846698700965
0.0,uniform,0.0,0.24870941840919195,0.7788136329385108,0.7517838206871427,0.8022183924320032,0.9970322671612761,0.9950503231348634,0.9985458702957819,0.9659318351330182,0.9500567473033176,0.978375785313987
0.0,uniform,0.0,0.2617993877991494,0.7760650444442952,0.7490438517291528,0.7994708812381073,0.9968562449433009,0.9948035540197396,0.9984304892233515,0.9647768172529557,0.9487702310975791,0.9774238821415571
0.0,uniform,0.0,0.2748893571891069,0.7731671984179235,0.7461567248752469,0.796572611202257,0.9966628281914319,0.9945303944297769,0.9983026823198334,0.963549982542618,0.9474094108983538,0.976341840098048
0.0,uniform,0.0,0.28797932657906433,0.7701201899629123,0.7431216739685249,0.7935234164507569,0.9964478817342782,0.9942278095245541,0.998158422242862,0.9622083208882741,0.9459308053798092,0.9751618074702172
0.0,uniform,0.0,0.3010692959690218,0.7669270361121777,0.7399380793920501,0.7903259721602514,0.9962098610856552,0.9938875127277845,0.9979966237340331,0.960778451177458,0.9443348993183415,0.973852609143901
0.0,uniform,0.0,0.3141592653589793,0.7635850690918451,0.7366116535177055,0.7869741139338117,0.9959489212508564,0.9935170418783323,0.9978154150304742,0.9592579771159265,0.9426166385752607,0.9725239791089172
0.0,uniform,0.0,0.32724923474893675,0.7600931710262487,0.7331414812629646,0.7834665486778147,0.9956621683164402,0.9931239315966708,0.9976147403862753,0.9576531210180841,0.9408081020515991,0.971132663629299
0.0,uniform,0.0,0.34033920413889424,0.7564470577906394,0.7295203874434091,0.7798002764787719,0.9953429712071467,0.9926957875648404,0.9973941196150156,0.9559347282727791,0.9388640777010924,0.9697135393451853
0.0,uniform,0.0,0.3534291735288517,0.7526456803613478,0.7257475727919761,0.7759601797691109,0.9949930265761585,0.9922149511916998,0.997157291721359,0.9541166120083462,0.9368212344809376,0.968125537553083
0.0,uniform,0.0,0.36651914291880916,0.7486880131327588,0.7218222641568901,0.7719756204092348,0.994611726170021,0.9917060561947116,0.9968888885888755,0.9522124831301219,0.9347284672902257,0.9664288711575126
0.0,uniform,0.0,0.37960911230876665,0.7445690489385229,0.7177436198096051,0.7678011449626566,0.9941947765121358,0.991140638698392,0.9965919344989026,0.9501743894275579,0.9324393429315453,0.9646014043687204
0.0,uniform,0.0,0.39269908169872414,0.7402816708213233,0.7135107817138403,0.763486987948279,0.9937382289993243,0.9905202903911015,0.9962639240744692,0.9480165954687938,0.9300081885994893,0.9627364528259555
0.0,uniform,0.0,0.4057890510886816,0.735835002871128,0.7091233398018111,0.7590109057910283,0.9932394649876285,0.9898387653105698,0.995907493996406,0.9457228943858013,0.9273893257785886,0.9606562853149555
0.0,uniform,0.0,0.41887902047863906,0.7312282055260092,0.7045806823809837,0.7543705551550542,0.9926923465109456,0.9891218632515711,0.9955033127527947,0.9432855773760109,0.9245904185623439,0.9584837838295982
0.0,uniform,0.0,0.43196898986859655,0.7264604943992087,0.6998822521368226,0.7495646798518162,0.9920929343168834,0.9883519436879841,0.9950590599510826,0.9406984894298692,0.9217440074741279,0.9561316763600919
0.0,uniform,0.0,0.445058959258554,0.7215311465875519,0.6950271526373151,0.7445922876167762,0.9914381940593473,0.9875237994163696,0.9945685563586424,0.9379806451153816,0.9187673357659941,0.9537187900307528
0.0,uniform,0.0,0.4581489286485115,0.716439506963213,0.6900148431104539,0.7394525662946039,0.9907236057005022,0.9866297436925751,0.9940210715349935,0.9351291288316722,0.9156122049694417,0.9512085131021779
0.0,uniform,0.0,0.47123889803846897,0.7111849944376273,0.6848454719627175,0.7341443677606804,0.9899451670650036,0.9856615676428385,0.9934255050213412,0.9321113880862505,0.9122599370416956,0.948497336699779
0.0,uniform,0.0,0.4843288674284264,0.7057671081869206,0.6795187577485785,0.7286527351253975,0.9890969133069375,0.9845873507145854,0.9927606174534965,0.928926712616864,0.9088049190807308,0.9455167094940343
0.0,uniform,0.0,0.4974188368183839,0.7001854338288177,0.6740345015835386,0.7229797138067685,0.988171486504549,0.9834208868261328,0.9920580788941564,0.9255912304093656,0.9051286425262318,0.9424110184191807
0.0,uniform,0.0,0.5105088062083414,0.6944396495415829,0.6683925926657145,0.7171369876615816,0.9871639775850384,0.9821744186090396,0.991264797005386,0.922096543692761,0.9012695227457993,0.9391760219774214
0.0,uniform,0.0,0.5235987755982988,0.6885299414837127,0.6625930137392069,0.7111249848328376,0.9860678225975366,0.9808143294445891,0.990385198928876,0.9184091817150288,0.897242840968594,0.9358150695349442
0.0,uniform,0.0,0.5366887449882562,0.6824563371894371,0.6566351500595048,0.7049437163920989,0.9848755195337944,0.9793345325080799,0.9894203158847117,0.9145303079078237,0.8929989774418556,0.9322964438906881
0.0,uniform,0.0,0.5497787143782138,0.6762182609038915,0.650500336597811,0.6985918815862397,0.9835778779823143,0.9777516120067807,0.9883563537189879,0.9104717566530445,0.8885237795391266,0.9286564608116883
0.0,uniform,0.0,0.5628686837681712,0.6698158190264274,0.6442086515165483,0.6920694333812325,0.982166357433122,0.9760518671243823,0.9871823128843935,0.9062265414942628,0.8839769615299962,0.9247484566567538
0.0,uniform,0.0,0.5759586531581287,0.6632500272585024,0.6377636261883234,0.6854302367096504,0.9806321000997299,0.9742049492312851,0.9858978270515251,0.9017801474679507,0.8790758680162912,0.9205368988732867
0.0,uniform,0.0,0.5890486225480862,0.6565216254496695,0.6311673270836906,0.6786237231673026,0.9789678009615094,0.9722317323721125,0.9844967744613657,0.8971142841308078,0.8739902711481816,0.916238058477585
0.0,uniform,0.0,0.6021385919380436,0.6496306341968975,0.6244171913926163,0.6716463750187647,0.9771638948134683,0.9701003906650264,0.9829630681434971,0.8922159721750068,0.8687029544084137,0.9117995964489527
0.0,uniform,0.0,0.6152285613280011,0.6425775983410743,0.6175138617612849,0.6644986024966877,0.9752128865130425,0.967772492825525,0.9812885724587345,0.8871137575599394,0.8632473980716845,0.9071225832193932
0.0,uniform,0.0,0.6283185307179586,0.6353680496898362,0.6104570465226968,0.6571810911751786,0.9731059158762267,0.9653158716920945,0.9794625033605449,0.8817968671463062,0.8575133224391804,0.9021100791161989
0.0,uniform,0.0,0.6414085001079161,0.6279992144236498,0.6032477260848198,0.6496944752082835,0.9708215112845364,0.9626811352369563,0.9774756379476846,0.8762722786320425,0.851662276142295,0.8968773172962089
0.0,uniform,0.0,0.6544984694978735,0.6204699914784831,0.5958868060733997,0.6420311404552126,0.9683559990884785,0.9598577714256155,0.9753224515799859,0.870528853511663,0.8456168929851113,0.891420173145887
0.0,uniform,0.0,0.667588438887831,0.6127788143490184,0.5883728635084398,0.634182624373235,0.9657049345656059,0.9568305939115437,0.9730043251880565,0.86451160531843,0.8393079635743701,0.885757495057025
0.0,uniform,0.0,0.6806784082777885,0.6049301890076453,0.5807105355553605,0.6261687516018134,0.9628498119679091,0.953536989593027,0.9704919792140378,0.8582160937643645,0.832708528008505,0.8798084205169797
0.0,uniform,0.0,0.6937683776677459,0.5969256725115522,0.5729014976732482,0.6179909798899826,0.9597743293656964,0.9500873045169477,0.9677686590973119,0.8516406831890792,0.8258536171695656,0.8734746485933891
0.0,uniform,0.0,0.7068583470577035,0.5887669952675489,0.564947718951837,0.6096509518558461,0.9564651980119496,0.9463981653667367,0.9648202352809001,0.8447960928833105,0.8186714219560898,0.8668514538804012
0.0,uniform,0.0,0.7199483164476609,0.5804560654486305,0.556852214604849,0.6011504997570061,0.9529083761604155,0.9424514242051294,0.9616217600322452,0.8376654439771816,0.8112088268343481,0.8599775054490901
0.0,uniform,0.0,0.7330382858376183,0.5719949732854122,0.5486159671006731,0.5924916501213039,0.9490933379931642,0.9382035960460258,0.9581920089572983,0.8302435012718011,0.8034858921652887,0.8529088839249764
0.0,uniform,0.0,0.7461282552275759,0.5633859952341996,0.5402413143306135,0.5836763800671799,0.9450020794597735,0.9336723920345056,0.9544781656583656,0.8225268821648282,0.7954876615236457,0.8455004404831737
0.0,uniform,0.0,0.7592182246175333,0.5546315980241181,0.5317307697027985,0.5747066126506212,0.9406204915503378,0.928826394486459,0.9504776652356121,0.8145201327046006,0.7872061403568515,0.8377206160688503
0.0,uniform,0.0,0.7723081940074907,0.5457344425863896,0.5230870257141426,0.5655857711067845,0.9359364640717495,0.9236703796519953,0.9461744636914224,0.8062254596252023,0.7786634466869509,0.8295896039427645
0.0,uniform,0.0,0.7853981633974483,0.536697387869562,0.5143129574239763,0.5563167037750586,0.9309294952012451,0.9181855016835593,0.9415599056102383,0.7976445436306987,0.7697843257088063,0.8212051806859649
0.0,uniform,0.0,0.7984881327874057,0.5275211725187141,0.5054070978818334,0.5468977722419363,0.9255861215922483,0.9123620608571418,0.9365906540047274,0.7887665488062131,0.7606726920177831,0.8125159358005548
0.0,uniform,0.0,0.8115781021773631,0.5182100512461661,0.49637606643566395,0.5373342615569232,0.9198877816522724,0.9061852349845495,0.931276057982472,0.779576384050507,0.7512735412154312,0.803488365571973
0.0,uniform,0.0,0.8246680715673207,0.5087689913204708,0.4872640112302929,0.5276326997766209,0.913812100493382,0.8996369201960434,0.925589083873269,0.7700765376018697,0.7416107851837447,0.7941932899146232
0.0,uniform,0.0,0.8377580409572781,0.49920168318148117,0.47803361348767787,0.5177968261962252,0.9073483630635155,0.8927316666166025,0.9195124844859706,0.7602581656691719,0.7316928014362584,0.7845639788733215
0.0,uniform,0.0,0.8508480103472356,0.4895133431303951,0.4686922380636683,0.5078248422806972,0.9004803120036727,0.8853807415147641,0.9130285685509596,0.7501417400087136,0.7214856211190372,0.7746579503957329
0.0,uniform,0.0,0.8639379797371931,0.47970758307312017,0.4592418842623899,0.49771515882562695,0.8931918257429733,0.8776096718386739,0.9061102244671849,0.7397056102246257,0.7110249687816248,0.7643765994467556
0.0,uniform,0.0,0.8770279491271505,0.469787875448487,0.449685024434468,0.487484604782872,0.8854670057484492,0.8694256925103113,0.8987418621337843,0.7289484768736139,0.7002914539854618,0.7537196170529011
0.0,uniform,0.0,0.890117918517108,0.4597544034008567,0.4400085424986212,0.47713359254304816,0.8772902690362246,0.8607995196710796,0.8909250336429699,0.7178644614821826,0.6892916088381091,0.7426957614564502
0.0,uniform,0.0,0.9032078879070655,0.4496149442318986,0.43022900083105564,0.4666970387196378,0.8686464457142696,0.8517586567717624,0.8826343217161872,0.7064531145637125,0.6778520706286166,0.7314416073733135
0.0,uniform,0.0,0.916297857297023,0.4393762494988677,0.42035432527045463,0.45615842325912836,0.8595208812850498,0.8423162468469214,0.8738384862399398,0.6947022821238674,0.6661668955277098,0.7197499330965024
0.0,uniform,0.0,0.9293878266869804,0.4290435832069303,0.4103826375559986,0.44551778837316974,0.8498966674814543,0.8323925274197911,0.8645343572132766,0.6826219043561975,0.6540899021117909,0.7076394376813211
0.0,uniform,0.0,0.9424777960769379,0.41862244581716807,0.4003308723228566,0.43478079757345356,0.8397666245778573,0.821940550821084,0.854684866898811,0.6702000687645615,0.6416754819306156,0.6952327215953271
0.0,uniform,0.0,0.9555677654668954,0.40811857731903406,0.3902045604292265,0.42395337084225254,0.8291190806317014,0.8109041134007404,0.844323584799767,0.657457867820388,0.6289291702875643,0.6824394491531153
0.0,uniform,0.0,0.9686577348568528,0.39753796034576744,0.3800094564809665,0.41304168790011486,0.8179392968789861,0.7994449639891527,0.8333760279591966,0.6444037212229706,0.6158905155138321,0.669351791362218
0.0,uniform,0.0,0.9817477042468103,0.3868868233551955,0.36975154183181874,0.40204731187470044,0.8062161962231172,0.7874528440899042,0.8218789613122709,0.6310404528650764,0.6025807622120627,0.6558782835276554
0.0,uniform,0.0,0.9948376736367678,0.37617164390080693,0.3594370276766317,0.3909786688275791,0.7939405581799903,0.7748683698931991,0.809851993067827,0.6173512442501174,0.5890588725254893,0.6420860732230088
0.0,uniform,0.0,1.0079276430267252,0.3653991520207791,0.3490829834352688,0.37984637985199243,0.7811044949775682,0.761752125916091,0.7972749636178939,0.6033569132346646,0.575300158042424,0.6279639023434036
0.0,uniform,0.0,1.0210176124166828,0.35457633377579545,0.338680787929661,0.3686579278326395,0.7677015782024469,0.7481606693736987,0.784053524924499,0.5890657134450296,0.5612757955380995,0.6134921324292524
0.0,uniform,0.0,1.03410758180664,0.3437104349700761,0.3282288734739926,0.3574301554351131,0.7537269663757696,0.7340464933568612,0.7702324933749295,0.5744900643974106,0.5470067398918292,0.5987395814363543
0.0,uniform,0.0,1.0471975511965976,0.332808965094138,0.31777320561003264,0.3461595760984899,0.7391775329527849,0.7193934568852856,0.7558073879800193,0.5596402407839228,0.5324778845678632,0.5836264811410817
0.0,uniform,0.0,1.0602875205865552,0.32187970153248985,0.3072940829033649,0.33483041211370423,0.7240519942459902,0.7042016002893807,0.7407753820543511,0.5445254577310285,0.5177059323880496,0.5681693475159493
0.0,uniform,0.0,1.0733774899765125,0.31093069408485374,0.29679430095427534,0.32349348021898755,0.7083510367845322,0.6884718469721942,0.7251404871252589,0.529159544128983,0.5027096140639097,0.5525040500513794
0.0,uniform,0.0,1.08646745936647,0.2999702698557283,0.286284871458252,0.31214155400645305,0.6920774436429187,0.6722083261484882,0.7089187937053252,0.5135722627176923,0.487519169731148,0.5365925039169369
0.0,uniform,0.0,1.0995574287564276,0.2890062920600846,0.27577665949783925,0.3007827265822176,0.6752362193007158,0.6554172523735445,0.6920940352814705,0.4977621683003428,0.4721383056027516,0.5204016150750391
0.0,uniform,0.0,1.112647398146385,0.27804844740753526,0.26527800866608453,0.28942628851521734,0.6578347126323837,0.6381070352323251,0.6746723032354114,0.481738966301632,0.4565851070551245,0.5039939939822226
0.0,uniform,0.0,1.1257373675363425,0.26710690685937255,0.2547994440497508,0.27809592747301154,0.6398827376736668,0.6202883870326064,0.6566637494967369,0.4655159595873631,0.44086881545543133,0.4873535337053437
0.0,uniform,0.0,1.1388273369263,0.25619047763824304,0.2443486427833741,0.2667900134674353,0.6213926918688834,0.6019921105884486,0.638079237475745,0.44910934834609234,0.42500500537095465,0.4704954074156759
0.0,uniform,0.0,1.1519173063162573,0.24530860604009477,0.23393421345001664,0.25551484720555345,0.6023796715733861,0.5832201346959951,0.6189873278036345,0.432537953622584,0.4090141825600426,0.4534174841066269
0.0,uniform,0.0,1.1650072757062149,0.23447141333212607,0.2235657573689069,0.24428108328848497,0.5828615846688959,0.5639262540383332,0.5993481670807617,0.4158200268902483,0.3929498895935857,0.43620072448781677
0.0,uniform,0.0,1.1780972450961724,0.2236893490847037,0.21325717398543603,0.23309967193464864,0.5628592602483776,0.5442270718713248,0.5791653829399876,0.3989634015741899,0.3767521178942055,0.41879187234781734
0.0,uniform,0.0,1.1911872144861297,0.2129731324379358,0.20300626003676703,0.22197390255654492,0.5423965554441169,0.5241133283395025,0.5584374170801039,0.3819975622235865,0.36047662990046314,0.4012914372288178
0.0,uniform,0.0,1.2042771838760873,0.20233176673344277,0.1928337467884572,0.21092224563015569,0.5215004596110193,0.5036096352672522,0.5372220600674907,0.3649482868688541,0.34414706038557014,0.38365054674899124
0.0,uniform,0.0,1.2173671532660448,0.19177919107025723,0.18274906560394874,0.19995897352904052,0.5002011962411025,0.48274565008480774,0.5155464756548409,0.3478382970860403,0.3277856695926547,0.3658781783041603
0.0,uniform,0.0,1.2304571226560022,0.18132729037399184,0.1727634683057498,0.18909655643732481,0.478532323180297,0.46155411142785185,0.4934651537540077,0.33069248992554495,0.31141573934937417,0.34802069873362496
0.0,uniform,0.0,1.2435470920459597,0.1709883489859347,0.16288874951914642,0.17834788837589688,0.45653083195236,0.4400709295134187,0.4710741557188928,0.3135344790373241,0.29505425334367924,0.33014518718963565
0.0,uniform,0.0,1.2566370614359172,0.1607750713497185,0.15313682305360168,0.1677263089126838,0.43423724727671326,0.41833527724553826,0.448336916364652,0.29639597307071447,0.27873499580302935,0.31229499370913916
0.0,uniform,0.0,1.2697270308258746,0.15070143939501593,0.14351870527257948,0.15724571143631053,0.4116957282103863,0.39637375573523287,0.42529405457146985,0.2793064087042924,0.26248557722817145,0.2944548332133049
0.0,uniform,0.0,1.2828170002158321,0.1407809682373798,0.13404920591422026,0.14692039468323595,0.38895417276670236,0.3742400930175265,0.40203740608684063,0.2622964335680423,0.2463343464706132,0.27668335333890276
0.0,uniform,0.0,1.2959069696057897,0.13102685031747058,0.12474122344622221,0.13676510717708834,0.3660643283889909,0.3519950914529381,0.37860367417340934,0.24540042789723607,0.2303162082705324,0.2590075110040779
0.0,uniform,0.0,1.308996938995747,0.12145375062815923,0.11560861136407558,0.12679512458283373,0.3430819113197601,0.3296919894688852,0.355043041462965,0.22864941762280366,0.21445727079088095,0.2414616995537926
0.0,uniform,0.0,1.3220869083857045,0.11207691693025588,0.10666577155076455,0.11702655907942836,0.32006673875107866,0.30738779051493537,0.3314177727207853,0.212079281202734,0.19878908798619338,0.2240912791131578
0.0,uniform,0.0,1.335176877775662,0.10291223011053736,0.09792770207190947,0.1074761911076145,0.2970828787364435,0.28514340518194004,0.3077947246678627,0.1957274074615434,0.1833461737124091,0.2069378275604339
0.0,uniform,0.0,1.3482668471656194,0.09397626368266361,0.08941005362389001,0.09816144892323485,0.2741988242832977,0.26302381712134953,0.28424552835529093,0.17963309775439976,0.16816407743050024,0.19001876041878246
0.0,uniform,0.0,1.361356816555577,0.08528635458581786,0.08112919667287516,0.08910056648232562,0.25148769996796366,0.24109076116602207,0.2608468045858456,0.16383850697776464,0.15327937046781617,0.1733925937858342
0.0,uniform,0.0,1.3744467859455345,0.07686068809534645,0.07310230194631488,0.08031267268078149,0.229027512028899,0.2194267548482369,0.23769096376220347,0.14838625379092232,0.13873428544704253,0.15712155628579155
0.0,uniform,0.0,1.3875367553354918,0.06871822174632304,0.06534708908624241,0.07181754170439623,0.20690145651657268,0.1981107355823024,0.214854347292576,0.13332240333826503,0.12457076026750032,0.14125221730564153
0.0,uniform,0.0,1.4006267247254494,0.06087888416355961,0.057881405461749975,0.06363587150672896,0.18519782564981013,0.17722588494856137,0.1924284727245389,0.11869544638701994,0.11083327705399683,0.12583842737531836
0.0,uniform,0.0,1.413716694115407,0.05336472307690495,0.050724612050193005,0.05579143241631898,0.16401172772282113,0.1568618669476095,0.1705116837562165,0.10455682230612488,0.09756885052200459,0.11092143480207838
0.0,uniform,0.0,1.4268066635053642,0.04619860618653061,0.04390182822269809,0.04830833561425727,0.1434449122428076,0.1371144511811625,0.14919969450847542,0.09096156013772949,0.08482783021002194,0.09656104595648439
0.0,uniform,0.0,1.4398966328953218,0.039405075657910335,0.037439007020565546,0.041212356764257094,0.12360654152714932,0.11808615404041685,0.12862332183386374,0.07796857149369738,0.07266410866879142,0.08281012925629548
0.0,uniform,0.0,1.4529866022852793,0.03301063513274597,0.0313582459048603,0.034531346726091816,0.10461455029593918,0.09988758452430085,0.10890923581972688,0.06564125257568086,0.061135599169788224,0.06975275280566037
0.0,uniform,0.0,1.4660765716752366,0.02704420449587896,0.02568566358200605,0.028295710432222648,0.08659676143436094,0.08263889091108717,0.09019529222067693,0.05404846238734656,0.050305209805467876,0.057463443782346434
0.0,uniform,0.0,1.4791665410651942,0.021537876862973312,0.02045197852480101,0.02253927465798058,0.06969327773059103,0.06647178158930263,0.07262711561342773,0.04326577911732737,0.04024200047200361,0.04602370495966955
0.0,uniform,0.0,1.4922565104551517,0.016527468288917498,0.015690981386111726,0.017299759089841056,0.05405954884442719,0.051532439830088345,0.05636479218138045,0.033377294306874424,0.03102283358598136,0.03552419853815497
0.0,uniform,0.0,1.505346479845109,0.012053857882967908,0.011441278936895926,0.012620123393107046,0.03987094511927104,0.037985906249172315,0.041593392074062756,0.02447828715790951,0.022734832638906122,0.02606761587237134
0.0,uniform,0.0,1.5184364492350666,0.008164907297342957,0.00774810006726424,0.008551507545789793,0.02733021856703252,0.026023046203810137,0.028526763266938582,0.01667942966339498,0.015479549768242062,0.017773193539775325
0.0,uniform,0.0,1.5315264186250241,0.004918724348355442,0.004666254721822024,0.005152987899679395,0.01668014750343778,0.015872533381849976,0.01742078877757392,0.010114047947037573,0.009379010461126432,0.010784486290556033
0.0,uniform,0.0,1.5446163880149815,0.0023899299067368734,0.002266469510418426,0.0025045309194963498,0.008227922484734888,0.007824070928860366,0.008599047810017956,0.0049520229409033495,0.004587781437032203,0.00528439511022197
0.0,uniform,0.0,1.557706357404939,0.0006844800593029714,0.0006488561505246823,0.0007176112403332926,0.0024037147897945873,0.002283691198973989,0.0025142963722230294,0.0014327595725266316,0.001325556870339769,0.0015304067528281889
0.0,uniform,0.0,1.5707963267948966,8.04243281012767e-16,6.672366765693962e-16,9.35731824401689e-16,6.529550346497797e-15,5.981406452296879e-15,7.055095907671311e-15,0.0,0.0,0.0
0.0,uniform,0.5,0.0,0.6401445574032643,0.6203600403227156,0.6597922763213917,0.9802023026571632,0.9753013363411184,0.9846442819720065,0.8352839117139811,0.8074422680178645,0.8599215854449468
0.0,uniform,0.5,0.01308996938995747,0.639779751900816,0.6202165749473381,0.658620210422211,0.9801803762281777,0.9753299869401729,0.9846335799711677,0.834538110565837,0.8069522180323109,0.8587085403701444
0.0,uniform,0.5,0.02617993877991494,0.6404523369722783,0.6206467825910384,0.6594672164436483,0.9802790455439827,0.9754627602383052,0.9847424010563387,0.8347465760424928,0.8072346794786002,0.8590747404057021
0.0,uniform,0.5,0.039269908169872414,0.6412267182438253,0.6211322792840851,0.6604426131204096,0.9804757504647847,0.9755786422181417,0.9849331248400103,0.8352580050831172,0.8086908445754583,0.8596194821339078
0.0,uniform,0.5,0.05235987755982988,0.6415240282320164,0.6215045305121942,0.6609734341321337,0.9805904193428283,0.9757537724815573,0.9850189896423027,0.8355363285191219,0.809973729273538,0.8594615879673877
0.0,uniform,0.5,0.06544984694978735,0.6414424761762082,0.6214017723708758,0.6609399974819766,0.9806012844366433,0.9757697586841714,0.9849625569334332,0.8349947433809451,0.8091491299619487,0.8590608584847025
0.0,uniform,0.5,0.07853981633974483,0.6410874542752417,0.6207381793453455,0.6605973601087158,0.9804405436496975,0.9755743674568481,0.9847526879706114,0.8356002533291819,0.809585383365854,0.8599803897772017
0.0,uniform,0.5,0.09162978572970229,0.6409073637703576,0.6203241854439765,0.6608190688260246,0.9803343343651907,0.9753394109515816,0.9846944099170862,0.8361268582196516,0.8100558062679479,0.8609899799009499
0.0,uniform,0.5,0.10471975511965977,0.6401309981450553,0.6193782198074422,0.6602541025166057,0.9801874297592236,0.9751049773654674,0.9846337263386988,0.8361222230815848,0.8099688260908301,0.8607362179324723
0.0,uniform,0.5,0.11780972450961724,0.6392595523064603,0.6182476089900139,0.6593859678170045,0.9801004643670229,0.9751507128505914,0.9844836653888724,0.8355843954088044,0.8094898497421004,0.8602035296157142
0.0,uniform,0.5,0.1308996938995747,0.6389200941602421,0.6177488705455202,0.6588600620205164,0.9801586384682959,0.9752882363892942,0.9844682665290391,0.8349795708797819,0.8092714261551599,0.8598463285522034
0.0,uniform,0.5,0.14398966328953217,0.6387911536533403,0.6177882541725677,0.6587651019665577,0.9801842324898313,0.975392613614711,0.9844156313987116,0.8349175722378522,0.8089817263853075,0.8597650431114862
0.0,uniform,0.5,0.15707963267948966,0.6388080904137083,0.6176667060602771,0.6588797700759988,0.9801860701610406,0.9753951459511998,0.9844163587542197,0.8359355664165697,0.8105270265639243,0.8601710869112957
0.0,uniform,0.5,0.17016960206944712,0.639139019897042,0.6177401392874444,0.659270161098439,0.9801653385559858,0.9752008554815321,0.9844995053267939,0.8364069546692736,0.8112228842180357,0.8601645613857495
0.0,uniform,0.5,0.18325957145940458,0.6393878091353853,0.6177901083362435,0.6596572806323482,0.9802078157464544,0.9752231888149552,0.9845144128681762,0.8376826023695104,0.812171073227553,0.8607282307259259
0.0,uniform,0.5,0.19634954084936207,0.6392975860292128,0.6175893776343004,0.6596219675641642,0.9801592360434284,0.9752442530561626,0.9843286346506351,0.8377574858110948,0.812211801146773,0.8601856311549221
0.0,uniform,0.5,0.20943951023931953,0.6385513920261814,0.6169700343108876,0.6591231720887432,0.9800476440091336,0.9751832143076913,0.9841016947086237,0.8376065707095779,0.8117445926033002,0.8599803842652458
0.0,uniform,0.5,0.222529479629277,0.6379050405445206,0.6163328808055699,0.6586028125759652,0.9797983003560256,0.9748936779592294,0.9839748725361628,0.8376209352745204,0.8118805563453562,0.8596223377039436
0.0,uniform,0.5,0.23561944901923448,0.6376822668902886,0.6158922574083867,0.6586495280079833,0.9794786825158782,0.9743635519381804,0.9838582880960072,0.8378938653460083,0.8115350407403961,0.8600024324423883
0.0,uniform,0.5,0.24870941840919195,0.6375292173143118,0.6157560533946927,0.6586055364072638,0.9792190002677373,0.9739556664127534,0.9836824495500353,0.837580216797154,0.81100276565298,0.8600249196882847
0.0,uniform,0.5,0.2617993877991494,0.6370584012177148,0.6151141020685919,0.6581785302459221,0.9791771272020277,0.9737599789542287,0.9836783697489719,0.8366541058867875,0.8095082860707035,0.8599215781255115
0.0,uniform,0.5,0.2748893571891069,0.636596588533556,0.6142395681239863,0.6574775799717243,0.9792012703581664,0.9737251781804809,0.9838511837803903,0.8357323745483615,0.8084220276638387,0.8590196018829677
0.0,uniform,0.5,0.28797932657906433,0.6364198742706745,0.6140002594328564,0.6572793955927396,0.979053545284381,0.9735176695936563,0.9837974577805645,0.83502231507895,0.8071682859634293,0.8589331040137128
0.0,uniform,0.5,0.3010692959690218,0.6364710611451577,0.6140425356781889,0.6568378288588711,0.9788669665904385,0.9731864166065607,0.9835936486034972,0.8352528358741417,0.8067559107110729,0.8598234258407924
0.0,uniform,0.5,0.3141592653589793,0.6359271417466605,0.6131943440184514,0.656572394952989,0.9786166618729001,0.972825124107749,0.9833948938200636,0.8360726058056579,0.8073660868591928,0.8610448525832072
0.0,uniform,0.5,0.32724923474893675,0.6353496046131148,0.6126348215531128,0.6559543228093042,0.9784672684309395,0.9725920778982086,0.983258552657196,0.8366215262780495,0.8077799435619374,0.8624785513545594
0.0,uniform,0.5,0.34033920413889424,0.6348036533744276,0.6120418787124853,0.6552599008686062,0.9783089993649221,0.9724153965163529,0.9831300346722961,0.8370020304529368,0.8075969874612632,0.8647050843246963
0.0,uniform,0.5,0.3534291735288517,0.6336120577981218,0.6107203105347121,0.6541951324940066,0.9782207811198886,0.9722996380540055,0.9830061377137961,0.8376499090043684,0.8077179782617571,0.8663185445815001
0.0,uniform,0.5,0.36651914291880916,0.6318782083772948,0.6082650219222395,0.6522276693730623,0.9781739182469801,0.9723055412544052,0.9829544580721574,0.8387260966366895,0.8082463909537572,0.86792860514862
0.0,uniform,0.5,0.37960911230876665,0.630064413352843,0.6060851327683148,0.6504673413838806,0.9780432639931619,0.9721644400759474,0.9828538530373722,0.8395363646542346,0.8093881055924169,0.8691256307842198
0.0,uniform,0.5,0.39269908169872414,0.6282684726619043,0.6041904972916871,0.6489959035227735,0.9778475843918831,0.9717257320105964,0.9827266616265989,0.8407247102664798,0.8098291576992369,0.8710521400430752
0.0,uniform,0.5,0.4057890510886816,0.6264652804290795,0.6021109945282428,0.6475910131222447,0.9777503295663247,0.9713714496776844,0.9826951986731809,0.8401256436256932,0.8086077427210879,0.8714747358313275
0.0,uniform,0.5,0.41887902047863906,0.6242199479456736,0.5991189841132432,0.6456539040735076,0.9775078198083413,0.9709951674535405,0.9825464590867258,0.8406438416215377,0.8094143860151746,0.8720097251547108
0.0,uniform,0.5,0.43196898986859655,0.6224183425249321,0.5968412951540129,0.6446183738585396,0.9771785506068253,0.9705242818614144,0.9822723484096251,0.8418033000362892,0.8106652474054247,0.8729475901040259
0.0,uniform,0.5,0.445058959258554,0.6212492681237349,0.5952742769603947,0.6433373688872541,0.9768956009867925,0.9701105566017176,0.9821510629445276,0.841964736648254,0.809955646260578,0.873402353856959
0.0,uniform,0.5,0.4581489286485115,0.6192063756540366,0.592792782866866,0.6415640278239081,0.9765961075756288,0.9697703962677342,0.9819978079882914,0.8415470148167811,0.8086917796573473,0.873745225034531
0.0,uniform,0.5,0.47123889803846897,0.6175286565778976,0.5912109129229894,0.6401530949807809,0.9763517220378403,0.9696196245691963,0.9817438297974191,0.8404737178321038,0.8076566998545098,0.8728535105320152
0.0,uniform,0.5,0.4843288674284264,0.6159044331394312,0.5891331625780761,0.6390659438458683,0.9758621778643106,0.9690567303377763,0.9814359316723431,0.8390309077492836,0.8049416635299836,0.8719852591584427
0.0,uniform,0.5,0.4974188368183839,0.614045494469598,0.5865846390300982,0.6374796748655043,0.9751776176329588,0.9678988805742458,0.9810285958779551,0.8379313399067553,0.8031420643167339,0.8715743553863899
0.0,uniform,0.5,0.5105088062083414,0.6125769547014551,0.5848332064314603,0.6364416884512115,0.9746243151862785,0.967260108382093,0.980680996249436,0.8371148802213795,0.8014444411544591,0.8714062298794533
0.0,uniform,0.5,0.5235987755982988,0.6110203236372475,0.5831155002666185,0.6354437716141,0.9741112292401696,0.9665229202084923,0.9803663488444471,0.834652275546607,0.7988514791973701,0.8688982718644338
0.0,uniform,0.5,0.5366887449882562,0.6089973431199944,0.580855300388921,0.6336793069233687,0.9736809891535763,0.9659516698170282,0.9802423507719437,0.8324164868450938,0.7970303019794218,0.866838607587739
0.0,uniform,0.5,0.5497787143782138,0.6073189560428996,0.5794321085776343,0.6322414768518247,0.9733242399352523,0.9653294141734635,0.9801509782978942,0.8309698350497801,0.7958296412694863,0.8654209545066779
0.0,uniform,0.5,0.5628686837681712,0.6049628214225643,0.5772142895429627,0.6303949754217694,0.9727114050473342,0.9644798571284472,0.9797554778404688,0.8299720428387585,0.7957172819122954,0.864182142160912
0.0,uniform,0.5,0.5759586531581287,0.6024347818113215,0.5745248393867506,0.6283490376115886,0.9720602514002642,0.9635103301050266,0.9794092930047454,0.8290333201504025,0.7945371902855576,0.8623666121409461
0.0,uniform,0.5,0.5890486225480862,0.6002406006238094,0.5719189120133988,0.6265547826024405,0.9711258975538328,0.9622475621635066,0.9788649585463045,0.8273230571836052,0.7919837385970606,0.8613461156583978
0.0,uniform,0.5,0.6021385919380436,0.597296399080964,0.568731605003163,0.6239526285814198,0.9699923464978136,0.9606545413662194,0.9781743426441278,0.8257518945902954,0.7910506813286123,0.8594185579139321
0.0,uniform,0.5,0.6152285613280011,0.5942063982041713,0.5659784840255546,0.6210798403015738,0.96907093093684,0.9594555217618205,0.9775405676634645,0.8244679104242607,0.7899096736873106,0.8581788218692139
0.0,uniform,0.5,0.6283185307179586,0.591116040828049,0.5628556730058316,0.6182588577787722,0.9680458363980335,0.957965374758518,0.9767153481720983,0.8229828606673353,0.7880701705038398,0.8567694746046327
0.0,uniform,0.5,0.6414085001079161,0.5881566983444064,0.560136748431643,0.6152192283696347,0.9671006276912647,0.9568842397380702,0.976022336547834,0.8211675852399846,0.7854051955651155,0.8553228730477372
0.0,uniform,0.5,0.6544984694978735,0.5853471268436057,0.5570148631167463,0.6128291409661163,0.9661283959354154,0.955809961546184,0.9753087344984444,0.817399884289073,0.7814068742383501,0.8519771848498695
0.0,uniform,0.5,0.667588438887831,0.5823358093071418,0.5536983584399294,0.6098403907569356,0.9649022751395671,0.9541772579393103,0.9745489815751182,0.8136617888969374,0.7765806226134377,0.8490985565422547
0.0,uniform,0.5,0.6806784082777885,0.5792553339297275,0.5506514724698461,0.6067978522792611,0.9638537041403517,0.9527187262803384,0.9737093383938232,0.8101882874023879,0.7726586410627924,0.8456966564631281
0.0,uniform,0.5,0.6937683776677459,0.5762222214263822,0.5475162254736045,0.6035968645783825,0.9629210037371084,0.9515018525890027,0.9730469593382685,0.8068323387612342,0.7684106363623991,0.8428716665092292
0.0,uniform,0.5,0.7068583470577035,0.5730892403833793,0.5443045972212844,0.6009748022397763,0.9619745431414506,0.9504391843202213,0.9722723451851937,0.8019254063865128,0.7614687264386596,0.8390162336376416
0.0,uniform,0.5,0.7199483164476609,0.5695362820490625,0.5408662715572952,0.5976624628614485,0.9606957574785642,0.9488743369751422,0.9713076274025824,0.7966310787430678,0.7547891138710342,0.834624529539838
0.0,uniform,0.5,0.7330382858376183,0.5653218302271701,0.5357877861570455,0.5939059891491065,0.9591810393340054,0.946837827156116,0.9701924441331538,0.7918645738914419,0.7483845106217089,0.8310999322071588
0.0,uniform,0.5,0.7461282552275759,0.5610684881228216,0.5308388618676804,0.5899303636977746,0.9574470273622785,0.9442037240128704,0.9689012120965219,0.7868813337774655,0.7413906126401131,0.8277488847381985
0.0,uniform,0.5,0.7592182246175333,0.5565843264124333,0.5261737034901133,0.5853139304695364,0.9557184856499537,0.9419705343523864,0.9676819952014484,0.7823672180890616,0.734873707456244,0.8248840826033453
0.0,uniform,0.5,0.7723081940074907,0.5519382458004656,0.5214075373227406,0.5805742232982013,0.9538805047013809,0.9397294267833245,0.9663999711687759,0.7775656242216255,0.7282393313424108,0.8210145860746679
0.0,uniform,0.5,0.7853981633974483,0.5472140248335257,0.5168164171527635,0.5758154875075217,0.9519272628851554,0.9373061395648735,0.9648523657036617,0.7722977459933241,0.7204653367491812,0.8179223455068033
0.0,uniform,0.5,0.7984881327874057,0.5422058668150344,0.5118215353310999,0.5708448686665786,0.9498616834595621,0.9347958192880246,0.9631096348917194,0.7659014246495616,0.7113669093675303,0.8138432426151916
0.0,uniform,0.5,0.8115781021773631,0.5372738957077822,0.5068343354432887,0.5660353947431795,0.947862760416791,0.9322178997460533,0.9614299242131749,0.7583478642758529,0.701801052642243,0.8077993017986388
0.0,uniform,0.5,0.8246680715673207,0.5320777542018256,0.5016586528502859,0.5610613778083628,0.9455050996053664,0.9290614000693805,0.9596310098253344,0.7503071197834865,0.6917047524040546,0.8012128250329212
0.0,uniform,0.5,0.8377580409572781,0.5264352795810715,0.49602339427424336,0.5554341670142516,0.9430611657088797,0.9259900793599392,0.9577328258257949,0.7430661676612442,0.6826506119577092,0.7956200685609693
0.0,uniform,0.5,0.8508480103472356,0.5207781147521299,0.49056867852228864,0.549677843614387,0.9403262698888303,0.9228614708356149,0.9554133329265958,0.7357470088467898,0.67384982843124,0.7893175889668468
0.0,uniform,0.5,0.8639379797371931,0.5152192130564293,0.4850763380020818,0.5438581566068579,0.9371330785724763,0.9188463655582327,0.952946875237901,0.7277001924140812,0.6643773773531678,0.7821935725545359
0.0,uniform,0.5,0.8770279491271505,0.5093623635581144,0.4792335028567341,0.5380478550934051,0.9338082340904372,0.9147544540209916,0.950029395007179,0.7187255206189445,0.6540167797039415,0.773930525181838
0.0,uniform,0.5,0.890117918517108,0.5029622498102478,0.4730815382728503,0.5313018329785908,0.9303306593590808,0.9101695957589675,0.9471809807280323,0.7094333000655061,0.6435514565249224,0.765474283848538
0.0,uniform,0.5,0.9032078879070655,0.49610836460254265,0.4663645305095175,0.5243734640039482,0.9265312365072306,0.9058116439743633,0.9437794170705602,0.6997931632208477,0.6339633958523795,0.756770253012768
0.0,uniform,0.5,0.916297857297023,0.48919982794897227,0.4595955177983303,0.5171645384047007,0.9224679954901448,0.9011919999469147,0.9404233459973123,0.6894702726650701,0.62235585699657,0.7477292183767265
0.0,uniform,0.5,0.9293878266869804,0.4820214603923178,0.45254377622013237,0.509759546172841,0.9182872809525301,0.8967564357500963,0.9368099841855083,0.6785409994193062,0.6104138977855782,0.7381269245134398
0.0,uniform,0.5,0.9424777960769379,0.47479588986439275,0.4452842939560699,0.5025146412435161,0.9139362063174997,0.8917240886650698,0.9328913019638139,0.6675669084270499,0.5994570388928001,0.7273575865829999
0.0,uniform,0.5,0.9555677654668954,0.4672760433517611,0.43844071620466524,0.4947966322792717,0.9089355608161344,0.8860668139821115,0.9284795013304493,0.6563274351698293,0.5890607141195455,0.7161226865865026
0.0,uniform,0.5,0.9686577348568528,0.45965500122619646,0.4309675053092929,0.48709688785851124,0.9030827070103474,0.8795687291826341,0.9230837715387847,0.6448868001129457,0.5777403250006672,0.704797864320292
0.0,uniform,0.5,0.9817477042468103,0.45204470349461867,0.423343221702339,0.4795715217281004,0.8966215897078981,0.8722301886129243,0.9174337425663515,0.6333038271915187,0.565987108302644,0.6934142626238188
0.0,uniform,0.5,0.9948376736367678,0.44391180241819733,0.41518508510438457,0.47141057659339636,0.8899598991078115,0.8646142499936988,0.9118916869343663,0.621149580088165,0.5538775487343928,0.681299088003888
0.0,uniform,0.5,1.0079276430267252,0.4352494307655985,0.40676543245887753,0.46255955924889025,0.8826966952513525,0.8561846637580931,0.9056364643156315,0.608681411481692,0.5415932596387104,0.6687473051152691
0.0,uniform,0.5,1.0210176124166828,0.42651268680732324,0.3987007188300048,0.4535876541952763,0.8746776512808482,0.8470307219529959,0.8985733605616057,0.5959351835968413,0.528789204218304,0.6558001763391151
0.0,uniform,0.5,1.03410758180664,0.41747064907555226,0.3898077882260122,0.4444556370951574,0.8660920223293055,0.8376675643050382,0.890807702799722,0.582899624327564,0.5159084914881016,0.6427466773036628
0.0,uniform,0.5,1.0471975511965976,0.4082899854183692,0.38074129140982743,0.4349116411643221,0.8572277734760926,0.8279074161122297,0.8829332616619036,0.5697102595466905,0.5031283370844698,0.6294222382998053
0.0,uniform,0.5,1.0602875205865552,0.3987190060701475,0.37167326993214156,0.42494736238833725,0.8475959052890638,0.8172980289525748,0.8742099075818364,0.5562742523637051,0.49021225290168596,0.615783197725195
0.0,uniform,0.5,1.0733774899765125,0.3889057338827024,0.3624742257681751,0.41503078778603186,0.8372434032232552,0.8065325965942346,0.8646530591773259,0.5424999711247048,0.4771096138999512,0.6015489271858151
0.0,uniform,0.5,1.08646745936647,0.3787700389239323,0.3523463708912952,0.40463418897885,0.8259456335207034,0.7946141479460789,0.8540276297257232,0.5287430827947973,0.4638253315643652,0.5875258899695298
0.0,uniform,0.5,1.0995574287564276,0.3683340284937007,0.34237044042976994,0.393737223997783,0.8137544875792391,0.7820007645438121,0.8425395269522654,0.5148137525100718,0.4508523377436831,0.5736019743745518
0.0,uniform,0.5,1.112647398146385,0.35750701670155416,0.3316593057895901,0.38241422690889565,0.8007296496156416,0.7682946229286081,0.8303087097334636,0.5004227508588351,0.43763187927316005,0.558306363265011
0.0,uniform,0.5,1.1257373675363425,0.34644246215930713,0.32113718579048073,0.37075716134490877,0.786811261718014,0.7534447422783285,0.8173816692385769,0.4853230024201716,0.42319348678722746,0.5422084613681335
0.0,uniform,0.5,1.1388273369263,0.3353185745483504,0.3105561728257724,0.3590614476450759,0.771998550970277,0.7379761770821408,0.8032877641124493,0.470054710807626,0.409154935727603,0.5261256750694988
0.0,uniform,0.5,1.1519173063162573,0.3240504563112449,0.2998510939785193,0.3472852733094175,0.7562497271949105,0.7217651048600038,0.7880498421618608,0.45468875367799905,0.39560079348979643,0.5103023639745159
0.0,uniform,0.5,1.1650072757062149,0.3124007275789892,0.2886686445398066,0.33505416915629943,0.7395721585347195,0.7046993167667652,0.771782708315272,0.4391352241017879,0.381933228021274,0.49338912086775205
0.0,uniform,0.5,1.1780972450961724,0.3005186102832635,0.2774880286313464,0.32265319361512024,0.7218343976102027,0.6866410698974482,0.7547086445734174,0.42344644874676024,0.3676635903511168,0.47674683465988293
0.0,uniform,0.5,1.1911872144861297,0.2885008155779768,0.2660608680078022,0.3100337602107112,0.7031232860071324,0.6677297174632821,0.7365994987736686,0.407916533332405,0.3534805890855003,0.4600813667874159
0.0,uniform,0.5,1.2042771838760873,0.27640228471743566,0.2546992131074186,0.29727647238303856,0.6832886069898176,0.6476148512007514,0.717161368491026,0.3919729476757758,0.33923024774227467,0.4428496779933247
0.0,uniform,0.5,1.2173671532660448,0.26426107069471655,0.24337715911050928,0.28457225023959093,0.662623320379985,0.626681006717586,0.6967459984024016,0.3756130524993863,0.3245349903098164,0.42493424279887804
0.0,uniform,0.5,1.2304571226560022,0.25201447726777804,0.23187360583275893,0.27148853305753173,0.6409713170743894,0.6047677163142113,0.675320736597457,0.3591000372814064,0.309815611895481,0.4064707544391617
0.0,uniform,0.5,1.2435470920459597,0.23960797028262146,0.22038486282796302,0.2583649708770859,0.6183726317404229,0.5821966220897977,0.652654448769197,0.3421589868299668,0.2944437745426534,0.38768737843444734
0.0,uniform,0.5,1.2566370614359172,0.22721399302773004,0.2089605541684151,0.2452988527496672,0.594775967283157,0.5589080458303299,0.6288755207586586,0.3248663911257799,0.2793105597169098,0.3686945911104563
0.0,uniform,0.5,1.2697270308258746,0.21484137822005586,0.1975058759704174,0.23212117877935817,0.570248576695726,0.5349003871149799,0.6041854129677758,0.3074747461407329,0.2642184947209793,0.34942321398215365
0.0,uniform,0.5,1.2828170002158321,0.2023416363931021,0.18591874131538344,0.21879688943935005,0.544917188716862,0.510077063190134,0.5784369665918557,0.29002620347454816,0.24870077139618538,0.32998448704001526
0.0,uniform,0.5,1.2959069696057897,0.1898365108482001,0.1742262788751327,0.20550071147677315,0.5186820884441483,0.4849393916200688,0.5516003320299975,0.2725182600170856,0.23341541109718536,0.31054240937101285
0.0,uniform,0.5,1.308996938995747,0.17740867487583378,0.1627030773329092,0.19217732465799425,0.49157982206864953,0.4590584490122404,0.5236687946772336,0.25503321915303334,0.21820187317039316,0.2912774444883774
0.0,uniform,0.5,1.3220869083857045,0.1650333759893111,0.15130907858232923,0.17895477168683144,0.4638015207523325,0.43224962560049623,0.4950269756767738,0.2376287732553378,0.20312795823260246,0.2718849656030531
0.0,uniform,0.5,1.335176877775662,0.15273043207573841,0.13996277497159873,0.16570144541973697,0.4353480376927607,0.40489218975013297,0.4654460008989336,0.22029026251879846,0.1881976104666424,0.2522955121849315
0.0,uniform,0.5,1.3482668471656194,0.14055069067022377,0.1287191593654174,0.15256444080025922,0.4062539794371805,0.37722325705733284,0.4350590273757651,0.20304671147453612,0.17320142751817463,0.23285792178776415
0.0,uniform,0.5,1.361356816555577,0.1285333072050568,0.1176636075083815,0.13959581332174942,0.37665528430674344,0.34913285645146175,0.4039404983668583,0.18592638881838,0.15846557227714164,0.213557147894156
0.0,uniform,0.5,1.3744467859455345,0.11666939816809839,0.10676350928737009,0.12677671684442654,0.3466971620496,0.32080821853475233,0.37232073795702364,0.16906886227944593,0.14396794005726976,0.19460162862700747
0.0,uniform,0.5,1.3875367553354918,0.1050419029375464,0.09608341479015288,0.11418570792295137,0.31651668486086865,0.29232165493303086,0.34053686430918917,0.15253756133468596,0.12980562720529107,0.17582469569169248
0.0,uniform,0.5,1.4006267247254494,0.09372687854698192,0.08571019979862103,0.10197050896010779,0.28628099378348754,0.2639336943425361,0.30855144868085876,0.1363700935956549,0.1158516552987428,0.15733744044820658
0.0,uniform,0.5,1.413716694115407,0.08275323956873816,0.07561053637827024,0.09011028588285687,0.2561341865805891,0.23577164205165102,0.27655336279561615,0.12061009116982174,0.10235456604051225,0.13934796761086118
0.0,uniform,0.5,1.4268066635053642,0.07217126638433628,0.06587487587355806,0.07861730138968516,0.22627991203072204,0.20792407905609278,0.24472912342013756,0.10534139188266776,0.08935197689054065,0.12190336831119246
0.0,uniform,0.5,1.4398966328953218,0.062020183924991173,0.05654445101751566,0.06761597290733684,0.19691972337662622,0.1806442353771636,0.21328190334328082,0.09064542245590866,0.07677813198430383,0.10506479585270932
0.0,uniform,0.5,1.4529866022852793,0.05234065469232039,0.047666745305401166,0.0571054484212074,0.16829770043002068,0.15413633730008636,0.18254573468006488,0.07661428607126124,0.0648093168183275,0.08895218195666274
0.0,uniform,0.5,1.4660765716752366,0.043204877356500505,0.03931853577085485,0.04717468932793749,0.14065947927677225,0.12861681377646333,0.15284111115730342,0.06332799285252828,0.05349292315757702,0.07359509790563185
0.0,uniform,0.5,1.4791665410651942,0.03467341960614649,0.03151530103862223,0.037889948776663226,0.11429107348704409,0.10428612156963137,0.12436349334963522,0.05088529847239693,0.04294281730905728,0.05921022326950762
0.0,uniform,0.5,1.4922565104551517,0.026817409223446175,0.02434245499248003,0.02932407720106083,0.0895003065699214,0.08153926247233022,0.09750637124865445,0.039403225662639284,0.033209375601452554,0.045923510371670896
0.0,uniform,0.5,1.505346479845109,0.019717670383550764,0.017874628151190352,0.021573470484772816,0.06664310461521342,0.0606331928211035,0.07269380704808583,0.02900787583826016,0.024409231337142543,0.033865900127548296
0.0,uniform,0.5,1.5184364492350666,0.013471229304988537,0.012196911434580947,0.014751365775149764,0.04612860599853636,0.041893020612613,0.05038620835843737,0.019842532976348023,0.016673793461468817,0.02320856978617262
0.0,uniform,0.5,1.5315264186250241,0.00819088380816013,0.007407434621133371,0.008980552798114152,0.02844193390332239,0.02578846271299757,0.03111249290025481,0.01208044696136445,0.010133090552458411,0.014156954590811854
0.0,uniform,0.5,1.5446163880149815,0.004022900637322661,0.0036327289890976866,0.004415033969291361,0.014189451156044974,0.012843015487560732,0.01554608604746166,0.005941225721804676,0.004973595311263902,0.006975845300577743
0.0,uniform,0.5,1.557706357404939,0.0011686342212555276,0.001053611420520897,0.0012844006702207257,0.0042040473901937235,0.003796481726272931,0.004615804884604383,0.0017285105550329978,0.00144313177401869,0.002035721985381244
0.0,uniform,0.5,1.5707963267948966,1.2015784329293784e-15,1.0574135361473663e-15,1.3477643597109965e-15,8.319080733006318e-15,7.814731811842467e-15,8.81278713130845e-15,0.0,0.0,0.0
0.0,uniform,2.0,0.0,0.3308278339268443,0.3066447508570558,0.3550409068038705,0.7608858516334979,0.7285573799818756,0.7925934070808328,0.32650465597979256,0.271391680564816,0.3815550588906874
0.0,uniform,2.0,0.01308996938995747,0.33146499368952814,0.30754645635030103,0.3554764287734197,0.7594796484090773,0.7275043890849454,0.790800663932679,0.3322809142581146,0.2783944225279818,0.38648289169258526
0.0,uniform,2.0,0.02617993877991494,0.33223959424753297,0.30944393349370386,0.35531376764044426,0.7597848346884802,0.7275202381932678,0.7914729549244557,0.3415436077223221,0.28553601877667156,0.39503890720024787
0.0,uniform,2.0,0.039269908169872414,0.33294696314733724,0.310871661064246,0.3551388079373359,0.7619600184195604,0.7293697462420667,0.7936216787307445,0.3535269877238058,0.29714278743306616,0.4068714592967521
0.0,uniform,2.0,0.05235987755982988,0.3333482612939644,0.31069650688993355,0.355647788289894,0.7656542083411456,0.7326751337223957,0.7977126076583333,0.36782925686168727,0.3107572538326825,0.4220462136107313
0.0,uniform,2.0,0.06544984694978735,0.33320637425819466,0.3100931581237069,0.3558634572399751,0.765716556877349,0.7326177011061845,0.7971894813381826,0.37877891834220273,0.32165561291696687,0.4331377345739569
0.0,uniform,2.0,0.07853981633974483,0.33216702983142926,0.30993939309122714,0.3545089503515681,0.7634954680427768,0.7317367771508536,0.7940207203664449,0.38307586214590056,0.32702082604458016,0.4367711383121135
0.0,uniform,2.0,0.09162978572970229,0.33119760870420073,0.30920861328256055,0.35323250327369665,0.7642245658545014,0.7327230598783624,0.7945747561067315,0.3875388257529801,0.3306108840746586,0.443084098852454
0.0,uniform,2.0,0.10471975511965977,0.33115256180856895,0.3086285470460649,0.3533840919462815,0.7651028916880228,0.7342191288762848,0.7949570878655731,0.3851163066810141,0.3297365233850453,0.4385289034269139
0.0,uniform,2.0,0.11780972450961724,0.3292647226056999,0.30713136361661153,0.3509025623430231,0.7649907471154226,0.7339600934271265,0.7954688368831616,0.38077298098544654,0.3281578770396928,0.4308457067492505
0.0,uniform,2.0,0.1308996938995747,0.3286700616250731,0.30735213592602545,0.34986321425429867,0.7628517049166187,0.732000764179896,0.7923210125788069,0.37411316999099786,0.32617554198434584,0.4216119850790276
0.0,uniform,2.0,0.14398966328953217,0.32790918438123223,0.3068390689426112,0.3491032643067659,0.7635339963820403,0.7331490199381405,0.7927472458737478,0.36923454891377644,0.324949844077774,0.4140953833166672
0.0,uniform,2.0,0.15707963267948966,0.3264256654902666,0.30534158324993926,0.34766558133711245,0.7624875117106149,0.7322460193657279,0.7912947511193753,0.3670907262843983,0.3269992855999902,0.4069873452579968
0.0,uniform,2.0,0.17016960206944712,0.3256930638678339,0.30362198766548576,0.3475487873340311,0.7644868449214468,0.7336281847651898,0.7937460613398625,0.36864858407534795,0.3315455990916758,0.4079537277510181
0.0,uniform,2.0,0.18325957145940458,0.32527797394719066,0.30263141695976387,0.3478054040316928,0.7664327440727093,0.7346673510209865,0.7963836268986857,0.3697552957904036,0.33278117232684273,0.40931729609273176
0.0,uniform,2.0,0.19634954084936207,0.32647122344673946,0.3038827299090317,0.34836791150002666,0.7653073293194037,0.7337770172199009,0.7949135336746946,0.3716646940631467,0.3344606672052952,0.4105310664250613
0.0,uniform,2.0,0.20943951023931953,0.32799393671285376,0.30537761305489064,0.34987141810345657,0.7614517868569514,0.7290859188073423,0.7914113092974828,0.3743027091796361,0.3374370952223949,0.4117507165382277
0.0,uniform,2.0,0.222529479629277,0.32750258888582456,0.30494898094972905,0.34970841455055446,0.7611771551452534,0.7288767182544346,0.791382719538756,0.37707786973953006,0.3406940660063716,0.4128059126002278
0.0,uniform,2.0,0.23561944901923448,0.32740395782164083,0.3050174161698251,0.3497093482915762,0.762168276911206,0.7304121899652258,0.7922841082045066,0.374956359617963,0.3388551989838915,0.40981724552197923
0.0,uniform,2.0,0.24870941840919195,0.328632243445283,0.30613742530797666,0.3514854395404177,0.762945190716349,0.7308401343670482,0.7931250115678896,0.3691703171701996,0.33187199453840766,0.40581428919628687
0.0,uniform,2.0,0.2617993877991494,0.3289277691258835,0.30652829165278994,0.35152143097224814,0.7644272821374386,0.732577243257357,0.7939214230533573,0.3627186965001911,0.327205669840688,0.39843251053726186
0.0,uniform,2.0,0.2748893571891069,0.32756384519652165,0.30542261183773883,0.34956599447884956,0.7612338773392376,0.7303818408832582,0.79099019761269,0.35731867971161185,0.31818911868880523,0.3955775540676023
0.0,uniform,2.0,0.28797932657906433,0.3282653505028935,0.30540929429301183,0.35067386209911783,0.760122523365213,0.7292477848165653,0.7893896657201221,0.3518846203001731,0.31084635936197214,0.39132569175347504
0.0,uniform,2.0,0.3010692959690218,0.3263997131550557,0.3043094030829215,0.3480158921608579,0.763730171375097,0.7322762570363189,0.7942263126532737,0.34350691006210443,0.3000199772558569,0.3851094770561472
0.0,uniform,2.0,0.3141592653589793,0.3263538442842356,0.3047607399603189,0.34696925503950443,0.7643424477387346,0.7321319863896008,0.795917815238056,0.33484016114184073,0.29093508680952274,0.3776450722935298
0.0,uniform,2.0,0.32724923474893675,0.32514387782366816,0.30413627037286345,0.34501535830767494,0.7644423421621754,0.7335737723536607,0.7943795835392593,0.3335197516952908,0.29119205535348114,0.3758218313443631
0.0,uniform,2.0,0.34033920413889424,0.32448946722845573,0.3035492652897609,0.3446441899621749,0.7660999172552362,0.7348639897881513,0.7954154789898167,0.3385476895959005,0.29387930032914117,0.38256363117694125
0.0,uniform,2.0,0.3534291735288517,0.3276066215721036,0.30605607451418965,0.34858037318347557,0.7695219280149779,0.7377639138168919,0.7990028946799569,0.33945950230815786,0.2928517273447229,0.3835759004923702
0.0,uniform,2.0,0.36651914291880916,0.3284130747949285,0.3068524274247116,0.3493100781934987,0.7668716033653254,0.7364719242252257,0.7963668796899727,0.3455115076690414,0.296508733971933,0.3921757923120014
0.0,uniform,2.0,0.37960911230876665,0.32769475020293415,0.30620413912180416,0.3491329190254097,0.7687126911735751,0.7381914327074618,0.7988070756481728,0.345479560648841,0.2969601978697573,0.3937586180504247
0.0,uniform,2.0,0.39269908169872414,0.3278644912400092,0.3052050658385308,0.3501824730006371,0.76894234169108,0.7384297308517408,0.7979058377353989,0.3419583097736441,0.29443384890773316,0.3886961482639689
0.0,uniform,2.0,0.4057890510886816,0.32655647167232166,0.30433459838633087,0.3486952942167247,0.7683097017066577,0.737051728675837,0.7987406396053481,0.3377915818949235,0.29133056342500574,0.3834139839635631
0.0,uniform,2.0,0.41887902047863906,0.32452024417471564,0.30235063097465803,0.34675394378304697,0.7673923158502896,0.7358591437167455,0.7978952818937153,0.33152693702908737,0.2860409568417103,0.3759913564586538
0.0,uniform,2.0,0.43196898986859655,0.3232083770161834,0.30074976725826624,0.34591754466536706,0.7702535577522179,0.7385222286730567,0.8026502091540783,0.3219279083806334,0.2782830206382307,0.36835946692615185
0.0,uniform,2.0,0.445058959258554,0.3216587134030762,0.2994103185879421,0.34420181820876433,0.7689837375443309,0.7368502522355675,0.8005337562302451,0.31162469620817,0.26690667968851456,0.3575747332711651
0.0,uniform,2.0,0.4581489286485115,0.3204760283212082,0.29865326300993994,0.34257158921363573,0.7683189844935824,0.7348547448634661,0.8011436528542197,0.30478965254736035,0.2581157456391218,0.35274947645787225
0.0,uniform,2.0,0.47123889803846897,0.3190832505497591,0.29727819503421343,0.341542663072372,0.7655925918668434,0.7323579919377199,0.7983009455800079,0.294922710195576,0.2489502272343325,0.341311228431287
0.0,uniform,2.0,0.4843288674284264,0.3166687269919042,0.2959386106781546,0.33779886355295297,0.7626268796073932,0.7296155704678015,0.79480795721357,0.28534370199128084,0.24092358756492052,0.33036961337075366
0.0,uniform,2.0,0.4974188368183839,0.31606397955026155,0.2945677163892183,0.33800392577001914,0.7595828919192905,0.7260746848208032,0.7915844117504446,0.27923798069101213,0.23681966799121984,0.32284641037522216
0.0,uniform,2.0,0.5105088062083414,0.3140001308699753,0.2926314013087755,0.33550671615373695,0.7535748278226322,0.7203033055228877,0.7863020862929296,0.2706453370949435,0.2296944563154023,0.3132579351257738
0.0,uniform,2.0,0.5235987755982988,0.3125932773109374,0.2911150647824338,0.3333860825768032,0.7548893846780182,0.7209797519888625,0.7877322363651946,0.2568257079897082,0.21753341041274668,0.2980162488410967
0.0,uniform,2.0,0.5366887449882562,0.31253583101763777,0.29002921872664644,0.3351292721203887,0.7538427460705308,0.7201054030164904,0.7870671866428629,0.25150692139762837,0.2142312801684568,0.2895691892958242
0.0,uniform,2.0,0.5497787143782138,0.31007376996650515,0.287301446413853,0.3328756364496777,0.7536582313673678,0.7206168769584502,0.78600917791938,0.2507459633460309,0.21524176546209073,0.2874010585849659
0.0,uniform,2.0,0.5628686837681712,0.3076690213168454,0.2855932453564651,0.32944791459077744,0.75028902704191,0.7180349705656183,0.7811472956101199,0.24899929305948718,0.21188700696809887,0.288263441685452
0.0,uniform,2.0,0.5759586531581287,0.30766012143818594,0.2849677653456028,0.3312486489631657,0.7464252045734439,0.7147099452209452,0.7774620545829641,0.25074904554583777,0.21192362333283446,0.29230169294707037
0.0,uniform,2.0,0.5890486225480862,0.302810882134999,0.27976315589564654,0.3257430539779049,0.7431151222011168,0.7102723603566119,0.7746915244687081,0.24946337097311225,0.2086754050676531,0.29237408939501924
0.0,uniform,2.0,0.6021385919380436,0.29802663527613965,0.27589952530288886,0.31985290289516277,0.7404248190678188,0.7074456538207307,0.7722324791836772,0.24491361416530463,0.204516390258431,0.28817437728696876
0.0,uniform,2.0,0.6152285613280011,0.29486406349542216,0.2730236553191768,0.3163842552891892,0.73271902325436,0.7015116861838835,0.7635337124204665,0.24457544819616472,0.20371351951793118,0.2874829394347365
0.0,uniform,2.0,0.6283185307179586,0.2928971291540519,0.27093641317012096,0.31533997432047123,0.7290368216999658,0.6950559613384114,0.7634520283132864,0.24435104419587536,0.20419806503197102,0.28566143557682544
0.0,uniform,2.0,0.6414085001079161,0.28781483308539624,0.2656458896349247,0.3104167450692131,0.7224156206512197,0.6881494265743008,0.7576157675197983,0.24103188082119045,0.20332741396848864,0.2813991468724087
0.0,uniform,2.0,0.6544984694978735,0.28548707961786274,0.26375630829107827,0.3077354770724685,0.7199814386323399,0.6858580670027966,0.7550426810159246,0.23529201972597638,0.1981518123727462,0.2752822600417539
0.0,uniform,2.0,0.667588438887831,0.2853604172004202,0.26317905666308244,0.30844750947154675,0.7158411146468538,0.6806553285101857,0.7522749900779272,0.22916293636893467,0.1901456692141126,0.2683711527134629
0.0,uniform,2.0,0.6806784082777885,0.28344662791792763,0.2626109033514976,0.30536943569920943,0.714726505348986,0.6801091594507056,0.7506542836813292,0.22533346545647345,0.18601388704189117,0.26635985193527123
0.0,uniform,2.0,0.6937683776677459,0.2816423510776967,0.26110846688895606,0.30375500832596797,0.7088188064779644,0.6749170333185931,0.7441424751188347,0.21781330281012343,0.17908325907976574,0.2577828623365151
0.0,uniform,2.0,0.7068583470577035,0.2812310954266266,0.2597291218864391,0.3046555875832407,0.7076411313557062,0.6700411911874644,0.7472459515497585,0.2100498739912081,0.1717034057776375,0.2480714575162737
0.0,uniform,2.0,0.7199483164476609,0.28080635172279583,0.25878493646204564,0.30438583038925227,0.7082578890823567,0.6694778885565947,0.7477638909875868,0.20071296916492187,0.1630518270774967,0.23999916272546992
0.0,uniform,2.0,0.7330382858376183,0.2816667908002368,0.26000549540196966,0.30496066223494217,0.7082746463728965,0.6698775431760049,0.7467408859507889,0.19163256818898622,0.1552978394413619,0.22988185697826782
0.0,uniform,2.0,0.7461282552275759,0.28173267437328525,0.25904061387309585,0.30600965260113183,0.71030727447337,0.6707442521616598,0.7500144100797539,0.18500768002903253,0.14959966752264142,0.22260872247615027
0.0,uniform,2.0,0.7592182246175333,0.28340273477852324,0.259741545945528,0.30715627824103875,0.7159592324856802,0.6780725276457049,0.7540016339467119,0.17801040489522826,0.14362953680498527,0.21399987817189667
0.0,uniform,2.0,0.7723081940074907,0.2861481427359696,0.262776200229532,0.30991377634960915,0.7186738303422796,0.680744583790174,0.7558608964840592,0.17070614257920247,0.13716634211267284,0.20480656421098462
0.0,uniform,2.0,0.7853981633974483,0.28711179380296303,0.2640228107273977,0.31051286021389424,0.7219989065952431,0.6856731357207142,0.7580690947291986,0.1655451374652194,0.13412471985119528,0.19825460419040164
0.0,uniform,2.0,0.7984881327874057,0.28617698349957277,0.26310107272287603,0.31011540642084223,0.7247568918484704,0.6880275592991243,0.7602389215031357,0.16139521391928702,0.13188818553076326,0.19278717395164263
0.0,uniform,2.0,0.8115781021773631,0.28763157633904574,0.2644038925277617,0.3113833722306077,0.7250189830784493,0.6899206036807131,0.759470399282527,0.15554047902034643,0.12688007702451917,0.18664943297020156
0.0,uniform,2.0,0.8246680715673207,0.2846877819430817,0.2615849524810667,0.3085632827278097,0.7244721267609119,0.6884072690084971,0.7597285440736561,0.15160032740469476,0.12432658193067603,0.1806221361204608
0.0,uniform,2.0,0.8377580409572781,0.2842157706883654,0.26049144316778866,0.308274605615728,0.7252381362144225,0.6902783404385775,0.7598275393654642,0.14901654808689904,0.12382943549013486,0.1767029663160491
0.0,uniform,2.0,0.8508480103472356,0.2841711066916194,0.2602370442276856,0.30786807150916323,0.7277261899256189,0.6921652813164713,0.762929058398948,0.1463400623559504,0.12212999022679807,0.17222452762039295
0.0,uniform,2.0,0.8639379797371931,0.2803887810266848,0.2567255320972719,0.30355301233265897,0.7204305388521877,0.6841506548192546,0.7556166041100149,0.14879536170011934,0.1249188687491283,0.1736011818160126
0.0,uniform,2.0,0.8770279491271505,0.27830641995514144,0.2546915552780917,0.3013172739935763,0.7209019825615206,0.684117869540275,0.7571744180943872,0.1540924464694899,0.1311175108787747,0.177871307340812
0.0,uniform,2.0,0.890117918517108,0.2747230705982064,0.25086322586680254,0.2987600018945216,0.7122712191341584,0.6747306304962655,0.7501419466488697,0.15536006437930425,0.13077469267814332,0.1805966593687849
0.0,uniform,2.0,0.9032078879070655,0.2663852532624608,0.24376617075499146,0.2899900978748935,0.7003277490638028,0.661283331807287,0.7406998960646319,0.16011249830511928,0.1344225731562078,0.18573283565823456
0.0,uniform,2.0,0.916297857297023,0.26013835251204664,0.23668288832925402,0.28459165934980674,0.6873024581176072,0.6452179781385984,0.7277655237132252,0.16106639829278732,0.1357516940149625,0.18688877682247315
0.0,uniform,2.0,0.9293878266869804,0.25525242083121036,0.23158678495398752,0.279354794976275,0.6804820311828266,0.6375814287633765,0.7207628226698687,0.15874419652190386,0.13496128768770468,0.18323830725363457
0.0,uniform,2.0,0.9424777960769379,0.2468873031071629,0.22462208961694727,0.2697130584960832,0.6661028655815807,0.623645573711762,0.7065336338298821,0.1588876332078381,0.1362924570836274,0.18194262781507148
0.0,uniform,2.0,0.9555677654668954,0.24022395069025804,0.21707627811778107,0.2635885006286672,0.6555636293015699,0.6106903441701116,0.698378531731344,0.1575309814388161,0.13503939191017592,0.1805008938866081
0.0,uniform,2.0,0.9686577348568528,0.23158063376753787,0.20912572818686864,0.2548457178763226,0.638863293950083,0.5940269096326961,0.6833118217971388,0.15745272030346763,0.1363123534747539,0.17940072209616095
0.0,uniform,2.0,0.9817477042468103,0.22522308252371773,0.2020164633878415,0.24958414407555382,0.6246944888066472,0.5784941586355823,0.6697462182641039,0.15755765859014328,0.13737673052822585,0.17726853490703873
0.0,uniform,2.0,0.9948376736367678,0.21727424163807896,0.1946822631601846,0.24165117891723426,0.6103949758798045,0.5659552009132718,0.6554964818351893,0.1569001660639873,0.1363313085270609,0.17651414321695397
0.0,uniform,2.0,1.0079276430267252,0.21501236636457566,0.1923569530270364,0.23883306779985644,0.5972552622090236,0.5538021171091481,0.6416262456944699,0.15402415187916474,0.13468571529035706,0.17397569979441468
0.0,uniform,2.0,1.0210176124166828,0.2075773019072744,0.18590797566918052,0.22977916822780697,0.5891129969690031,0.5450998514403452,0.6337022534874169,0.14820815007299673,0.129157062150935,0.16878360054315114
0.0,uniform,2.0,1.03410758180664,0.20429540929194598,0.18428546407161212,0.22503486630530897,0.580062411409653,0.5361846814471144,0.6247410631829075,0.14016352554163564,0.12167837396925076,0.16066583277748492
0.0,uniform,2.0,1.0471975511965976,0.2009733795000795,0.18025459811851027,0.2217729207014762,0.5721095594951574,0.5293998579827615,0.614498426811341,0.13734177577179849,0.11918882432695733,0.15815569693989415
0.0,uniform,2.0,1.0602875205865552,0.19305607459565302,0.17400182303697556,0.21216538327144024,0.5609737980336522,0.519085260104415,0.6043516040520142,0.13528921256233714,0.11743730829017274,0.15477735846308652
0.0,uniform,2.0,1.0733774899765125,0.18918352034346178,0.1710640519184252,0.2083659210421623,0.5456079341190212,0.506185128443239,0.5871391459112404,0.13317595891130804,0.11486348391239623,0.1516164872748372
0.0,uniform,2.0,1.08646745936647,0.18279739754330496,0.1644829011605338,0.20173699159824282,0.5355770473744778,0.49578253234123115,0.5777486359114942,0.130437184877632,0.11244643929920882,0.14820013841911955
0.0,uniform,2.0,1.0995574287564276,0.17769378288264107,0.1600090448287429,0.19615529246873475,0.5242480474620118,0.48445875190029103,0.5659502103685019,0.12518181623742747,0.10778762525432158,0.14197797276046908
0.0,uniform,2.0,1.112647398146385,0.17474004772625185,0.1575544484290701,0.19295597970271222,0.5156827472244483,0.4744225766625289,0.5582476841352363,0.12198024162105774,0.10557665853572405,0.13748431534684885
0.0,uniform,2.0,1.1257373675363425,0.1700618030141785,0.1523878577122938,0.1885332874173046,0.5076296222199073,0.46739078888888846,0.5499076816503233,0.12247922599582377,0.10576898544667936,0.13859662476090417
0.0,uniform,2.0,1.1388273369263,0.17099950287294888,0.15241838642244726,0.1898919489136191,0.5100968659737427,0.4687509053487409,0.5514642325324617,0.12011437805344309,0.10344062270929663,0.13616941547815486
0.0,uniform,2.0,1.1519173063162573,0.17269629604159872,0.15245750833055344,0.19291566776567878,0.5120221634564237,0.4649807770386656,0.5569660440224802,0.11446256598149444,0.09788090992598802,0.13050839898377725
0.0,uniform,2.0,1.1650072757062149,0.17551175551847395,0.15377272738603695,0.1960664982543334,0.5189214966048025,0.4707888245786979,0.5663046682859754,0.10915249173879328,0.09199270659923679,0.12649143218627004
0.0,uniform,2.0,1.1780972450961724,0.180689158690754,0.1569470533025329,0.20419037730314674,0.532116375956512,0.4809618382860009,0.5858262175856666,0.10756978511211078,0.09061881549495783,0.1251000312693143
0.0,uniform,2.0,1.1911872144861297,0.1859783826570708,0.16061871810367662,0.2118588948443332,0.5441931032971093,0.48914344494202666,0.6017217565888316,0.10933942028108097,0.09387371315574454,0.12468704858586682
0.0,uniform,2.0,1.2042771838760873,0.19333826180160088,0.16622986377226395,0.22191905575417825,0.5632952104696646,0.5071481925759449,0.6232451003334891,0.11210416251431256,0.09534117526788921,0.1296390273149357
0.0,uniform,2.0,1.2173671532660448,0.1996848394837306,0.17122788300498257,0.2301922857192843,0.5809854139826034,0.5223283342756475,0.6434133185645611,0.11545405746008165,0.09490220158813245,0.13683422645049031
0.0,uniform,2.0,1.2304571226560022,0.2058710516732155,0.17578930707624088,0.23909504975365592,0.5997751336387361,0.5407959458547068,0.6652938914807226,0.11896868747505034,0.09483807058938062,0.1454592748883554
0.0,uniform,2.0,1.2435470920459597,0.21092442668070044,0.1789665471822155,0.2470059666535846,0.6173089438086264,0.5546010013883236,0.6838304535817705,0.12492033463598408,0.0960220449261874,0.1589162777527784
0.0,uniform,2.0,1.2566370614359172,0.2159020767300147,0.18191714777289386,0.2541729111243099,0.6303884966409599,0.5644420468239003,0.6981561462891452,0.13181739584767796,0.09685871180537711,0.17395849459264145
0.0,uniform,2.0,1.2697270308258746,0.21979106292896952,0.18474916219199902,0.2587086618504058,0.6418755545876351,0.5729724947111334,0.7096777502298389,0.13740413504679488,0.09531466025142674,0.18832054199791404
0.0,uniform,2.0,1.2828170002158321,0.22140790359459017,0.18596246138540742,0.2605917038435867,0.6476724907711809,0.5777987810031691,0.7153686104603046,0.14272842623437543,0.09528693166610935,0.20204106009249967
0.0,uniform,2.0,1.2959069696057897,0.22199395326408425,0.1853966465890141,0.2613255989506331,0.6502327393509016,0.5800546596685762,0.7181525751509763,0.14742513654467018,0.09447495169707822,0.21206025983231439
0.0,uniform,2.0,1.308996938995747,0.22045963632395552,0.1833359865421664,0.25955087840268964,0.6493779716863992,0.5794973302771746,0.7174363961757814,0.15310615307786724,0.09310497306664224,0.22457231000107442
0.0,uniform,2.0,1.3220869083857045,0.21784745476453385,0.18146412842282045,0.25670239642333953,0.6450459050372175,0.5739029110893418,0.7145709496108343,0.15750594439002638,0.09284989410819253,0.23563457582535954
0.0,uniform,2.0,1.335176877775662,0.2141829420951572,0.1777031945920868,0.25297161727809964,0.6384342208144153,0.5669258140906154,0.709487573649506,0.1582992368644621,0.09062852227691809,0.23988015997608028
0.0,uniform,2.0,1.3482668471656194,0.20888334118409554,0.1727188034114068,0.2473867274825459,0.6289381799808433,0.5564278648062037,0.700158536584649,0.15686880491386926,0.08742073933725303,0.24070079448762757
0.0,uniform,2.0,1.361356816555577,0.20220523942694826,0.16677138217003565,0.23980763408870778,0.6150172067277576,0.5419661539975654,0.6863516995494172,0.15368933730582054,0.0845300222969288,0.23623124521285813
0.0,uniform,2.0,1.3744467859455345,0.1944875154608965,0.15999270703653048,0.2315066025877001,0.5990729506855772,0.5258020448243741,0.6709077591611013,0.1497770032232434,0.08145409505176905,0.23199204174361848
0.0,uniform,2.0,1.3875367553354918,0.185480274834111,0.15247023088820488,0.2213346076730014,0.5785294570266194,0.5050093043401327,0.6506601500196754,0.14245499551676796,0.07799324370586602,0.21993217468017154
0.0,uniform,2.0,1.4006267247254494,0.1746722667392687,0.14329938751492657,0.20872233839329007,0.5528821643947551,0.4788873267598926,0.6241736529378922,0.1338067384013751,0.07280448077097608,0.20653870834538657
0.0,uniform,2.0,1.413716694115407,0.16207847205747425,0.1329804888654432,0.1937852693990771,0.5221778372650273,0.4503056036956886,0.5923517038536408,0.12188473594436382,0.06578954987104879,0.18874169590332351
0.0,uniform,2.0,1.4268066635053642,0.14861692875926957,0.12148630468518927,0.1777790571330183,0.4863156539411922,0.4167323038769809,0.5547692590286156,0.11026168849771296,0.0592540583549464,0.17061675703140497
0.0,uniform,2.0,1.4398966328953218,0.13394076910617742,0.1091385072128059,0.16059681608843707,0.4453980079711262,0.3794754990659591,0.510883603443572,0.09804936933373248,0.051903731791683574,0.15155564140416353
0.0,uniform,2.0,1.4529866022852793,0.1181833829716521,0.09611586249657249,0.14201176693360212,0.400391908668859,0.3391105694736757,0.46176680578509766,0.08523281256250093,0.04491380889892757,0.13152220122065708
0.0,uniform,2.0,1.4660765716752366,0.10174750763833063,0.08258260536001513,0.12264099793514587,0.35153948642246075,0.29599636723680706,0.40750504006539956,0.07259761474012166,0.03795208626697752,0.1117988421953369
0.0,uniform,2.0,1.4791665410651942,0.08501617960445225,0.06889906778663436,0.10270841451171182,0.299264437319455,0.25046634061667433,0.34836888720330533,0.06011021047696638,0.031158487819995518,0.09280776699889813
0.0,uniform,2.0,1.4922565104551517,0.06834875749361564,0.055260109589098994,0.08253710263970286,0.24529937765387178,0.20410557062265514,0.2871935091067996,0.04782721886785074,0.024570863053693742,0.0739013302606331
0.0,uniform,2.0,1.505346479845109,0.052172287958318055,0.042130461273754145,0.06298275403215457,0.19082372167409808,0.15798982256009345,0.22468566698771417,0.036102316913205125,0.01833296232292356,0.056024216573407115
0.0,uniform,2.0,1.5184364492350666,0.03698130934748788,0.029824710169567597,0.0446520695251362,0.137848836759332,0.1136217892532169,0.16351216650617184,0.025304320371963233,0.012732237534720213,0.03939256231273664
0.0,uniform,2.0,1.5315264186250241,0.023352311792255626,0.018783552014615533,0.02822029850519739,0.08868499462941543,0.07262739644970034,0.1057530695216116,0.015771706387824182,0.007912787234593458,0.024626646044114544
0.0,uniform,2.0,1.5446163880149815,0.011943319939341482,0.009591093269423579,0.014453757829301927,0.04620079802965587,0.037649848229565026,0.055384459282515806,0.007950628780782237,0.003971014034723466,0.012462826816693326
0.0,uniform,2.0,1.557706357404939,0.0036392510064652793,0.002914984463647584,0.004415499829812615,0.014378664576371825,0.011652338067376483,0.017337541114119323,0.002379321194632619,0.0011788774399457977,0.0037491850931578303
0.0,uniform,2.0,1.5707963267948966,1.6677220066778405e-15,1.4798442723324998e-15,1.8749834358012517e-15,1.0161568384149444e-14,9.68029579689563e-15,1.0669359918015094e-14,0.0,0.0,0.0
0.0,uniform,10.0,0.0,0.045050019571807313,0.04009420828088251,0.050105218101452215,0.14720725769384357,0.13220415717842804,0.16257550688975336,0.023407521167102846,0.015026976849623648,0.032583354072475215
0.0,uniform,10.0,0.01308996938995747,0.044995287188387405,0.03999906426806528,0.04996447551117328,0.14683370350508437,0.13236405856544192,0.16161556475291525,0.0233953803676475,0.014616309120235926,0.03316188903921387
0.0,uniform,10.0,0.02617993877991494,0.04488830065766958,0.039965762354901166,0.049734947035563394,0.1472284830025423,0.13256027303233195,0.16180685950266316,0.02391092609252562,0.014773477834201229,0.03386201007538582
0.0,uniform,10.0,0.039269908169872414,0.0452183342489057,0.04038680985348305,0.05009938171755591,0.14817503490331177,0.1332930080800679,0.16311485318735996,0.024273751547700447,0.015623784625344545,0.03330168264381235
0.0,uniform,10.0,0.05235987755982988,0.0453430155231298,0.04054973799221496,0.050336076945186915,0.14931309277124255,0.13459741038725673,0.16465069430295076,0.02493109710560691,0.016430200622303808,0.033541338999700535
0.0,uniform,10.0,0.06544984694978735,0.04605512952765206,0.04111827873350955,0.050982799945047834,0.15117787989232384,0.13575098678457617,0.16703828347735108,0.026270281048702198,0.01741588348769799,0.03525394522053159
0.0,uniform,10.0,0.07853981633974483,0.04668473332163694,0.0417186465865685,0.051779475632415604,0.1524139746509176,0.13641540795333973,0.16855094663412498,0.0279164557914538,0.018736996264140045,0.03724221161376378
0.0,uniform,10.0,0.09162978572970229,0.04662657348886129,0.04148416925372268,0.05192319114670904,0.15314870204575023,0.13747783129372812,0.16881172367886918,0.028738975838154924,0.019325090967300635,0.038512206561098966
0.0,uniform,10.0,0.10471975511965977,0.046704813175262504,0.04140451459205811,0.052276168181952076,0.1523125734652657,0.13667799361916227,0.16760420949845237,0.02842406591378011,0.019405968797858053,0.03747313978885394
0.0,uniform,10.0,0.11780972450961724,0.04645466303738641,0.04158146294309497,0.051589337000712526,0.1506012113136935,0.13569948198561255,0.16512675660991574,0.027306522498213578,0.01917866129106898,0.035918218099337915
0.0,uniform,10.0,0.1308996938995747,0.046073661695389234,0.04125651739504823,0.05113656203007529,0.15010777668420097,0.13615543352550527,0.16394384758298297,0.027505175451968938,0.01974234105813626,0.03586121404066161
0.0,uniform,10.0,0.14398966328953217,0.04583552131683825,0.04124237850421676,0.050567001201718975,0.15046589349880368,0.13601714787152502,0.1645770889350614,0.02918978048172069,0.021762550838713635,0.03722000601482033
0.0,uniform,10.0,0.15707963267948966,0.04634732945935557,0.0415159411225615,0.05134323384423249,0.15164425833613157,0.13746407451165218,0.1664233322102141,0.03169302333218787,0.024717694209595038,0.03892762847327662
0.0,uniform,10.0,0.17016960206944712,0.04589310157789676,0.040977267429487825,0.050984861197285056,0.14988227116771927,0.13525313294600244,0.1650391130051728,0.033881865785898864,0.027371313524406044,0.04069637076660081
0.0,uniform,10.0,0.18325957145940458,0.04532003167926497,0.04039637585415317,0.05034450138135913,0.14862847392991674,0.1338910843774444,0.16370271992491617,0.03634581696026061,0.029974087420365038,0.042888003868791685
0.0,uniform,10.0,0.19634954084936207,0.044603595949753654,0.03948690955326331,0.049755922364180825,0.1458895102124442,0.13103256714342026,0.16119247552450328,0.03669015475178757,0.02975961197069336,0.04341191075137874
0.0,uniform,10.0,0.20943951023931953,0.04441902409163925,0.03939650683133665,0.04949565757658168,0.14517204490976895,0.12984268539558907,0.16085987549952932,0.03692443033514793,0.03025060062343053,0.04360556518002817
0.0,uniform,10.0,0.222529479629277,0.04363328097683127,0.03855260849433469,0.0488380046474975,0.14334612754990886,0.12808148401579858,0.1590233268732155,0.036139845914377945,0.030396927637451433,0.04198316815263119
0.0,uniform,10.0,0.23561944901923448,0.043653634921250906,0.038590614943520576,0.04880563327829155,0.14278987547977254,0.12697577831582446,0.1585019016927781,0.0333011280540133,0.028485697350550968,0.03825033569777298
0.0,uniform,10.0,0.24870941840919195,0.043393718615356375,0.03836106097234026,0.04847006022991879,0.14287263046861728,0.12740026679020072,0.1586261899351042,0.031553872502350165,0.02768425004907012,0.03573547305751201
0.0,uniform,10.0,0.2617993877991494,0.042922323790023455,0.03784647107697878,0.047929260102960475,0.1421917657745229,0.12654865543511176,0.15745117697548303,0.027441834467418626,0.02418708174464934,0.031125805385774433
0.0,uniform,10.0,0.2748893571891069,0.0438827761349338,0.038563936764388164,0.04922378100519617,0.1452626622964447,0.12922175574775435,0.16102361978704155,0.026061165375825392,0.022886157184379217,0.029572869395441476
0.0,uniform,10.0,0.28797932657906433,0.04405540706704128,0.03903063271634722,0.0492563158212223,0.1440039865486842,0.12881885324575765,0.15943359640586274,0.025402400617845596,0.022015304834861974,0.028981386681475062
0.0,uniform,10.0,0.3010692959690218,0.043798967775639776,0.0386086648341125,0.049022316243197694,0.14299661000225225,0.12675161802797774,0.15883620807658103,0.025590022337550162,0.02229908672417782,0.02897585264073846
0.0,uniform,10.0,0.3141592653589793,0.04253515850153174,0.0374745054980347,0.04763845023656795,0.13896224518255104,0.12391513445126921,0.15360955463309056,0.025064125743008522,0.02148564612548007,0.02866418845507818
0.0,uniform,10.0,0.32724923474893675,0.04196135084548197,0.03684649955776136,0.0471215596809738,0.13821979939477136,0.12328008171381422,0.1535778346745411,0.024915837731346233,0.0210063460152399,0.02882136701720194
0.0,uniform,10.0,0.34033920413889424,0.04122334001154318,0.03641119220481129,0.04613057817440201,0.13508578477318425,0.11977751842874745,0.15024802729821396,0.02620712720676577,0.022134512932594344,0.03015777967086148
0.0,uniform,10.0,0.3534291735288517,0.04033579115273076,0.035647904033111806,0.04510947101369229,0.1319224808474332,0.11720710616793022,0.14691252289690526,0.025970489809658378,0.021900414938149915,0.030234458766999494
0.0,uniform,10.0,0.36651914291880916,0.040120211790896004,0.0351530057590664,0.04522190211876174,0.13269568814618032,0.11764848415498819,0.14816876727627648,0.02714859987221037,0.022559000747290052,0.03163605146223817
0.0,uniform,10.0,0.37960911230876665,0.0402471677854513,0.035109704618406484,0.045374663346209584,0.1325810758118389,0.11704582140867836,0.1482807560709013,0.027141795728301003,0.022372985153598753,0.03192097548037985
0.0,uniform,10.0,0.39269908169872414,0.03942651955926522,0.034754396007121845,0.044022798929350196,0.13031764828971254,0.11534814538495697,0.14544594378136208,0.027707652078447356,0.02273289563022163,0.03289628787988234
0.0,uniform,10.0,0.4057890510886816,0.039519922626036805,0.0346852831647571,0.04444757997405887,0.1313405573274614,0.11647399397137095,0.14624249380968793,0.028315973737112213,0.023059194762288907,0.03365298744392743
0.0,uniform,10.0,0.41887902047863906,0.039158744900878874,0.03427525869202841,0.044126449905207504,0.13066862507324747,0.11529050415658015,0.14569636645303544,0.028579349439793598,0.023375898264135612,0.03393128790520862
0.0,uniform,10.0,0.43196898986859655,0.03920191080306395,0.03418080906659474,0.044452748459530234,0.1299240026074592,0.11418865322082339,0.14588890510942903,0.029215045861174706,0.02409676790250002,0.03467694981294391
0.0,uniform,10.0,0.445058959258554,0.03936250844954917,0.03434590949764484,0.04458524293773768,0.13047521081591046,0.11549159317186239,0.14581190263189403,0.030307700252809988,0.025085445324481582,0.035940609738846024
0.0,uniform,10.0,0.4581489286485115,0.03890683935204662,0.034086999086213425,0.043944276491507,0.1301204785422634,0.1154303837893296,0.14519215229452753,0.030718064418307097,0.025270176036596564,0.03654275519806624
0.0,uniform,10.0,0.47123889803846897,0.03801849069903213,0.03328439537916171,0.04300721670342463,0.12847280550653248,0.11340904679391835,0.1435677220341051,0.029563496561730157,0.02437676964324316,0.03491280284245567
0.0,uniform,10.0,0.4843288674284264,0.038420030889565485,0.03353663890270537,0.04360391992567152,0.12754498916839221,0.11249200843379625,0.14334490092153357,0.029779915583807867,0.02446486404642107,0.035320299455472506
0.0,uniform,10.0,0.4974188368183839,0.0379360034009463,0.03326189055870135,0.042822889420567785,0.12734861623537475,0.11278053918368984,0.14217531541708936,0.030697261070896525,0.025214838774898045,0.03637548555946903
0.0,uniform,10.0,0.5105088062083414,0.03752005219181141,0.03299054510972858,0.04225072967899227,0.12586949944077397,0.11230707697282888,0.13974146384475103,0.030885795005978878,0.025447707781030806,0.036305348197490636
0.0,uniform,10.0,0.5235987755982988,0.037189306840013044,0.03254162455635282,0.04188833001500104,0.1251857719586999,0.11073858216344905,0.13991497490809604,0.030947656486313032,0.025517332822562563,0.03629508084668665
0.0,uniform,10.0,0.5366887449882562,0.036556192053659106,0.032179505721716746,0.041035399899621273,0.12331028527229826,0.1094510349734329,0.13751574324423435,0.030811692313493965,0.025203002538105163,0.03625755403969508
0.0,uniform,10.0,0.5497787143782138,0.03593601915254979,0.03152781628455935,0.040555196164145525,0.12014461784285413,0.10604388096452654,0.13476332066628424,0.030601487252983065,0.025009468050186733,0.03604844914608916
0.0,uniform,10.0,0.5628686837681712,0.03566041708135066,0.031149084407393356,0.040289790171468595,0.11796908972809049,0.10425881710906695,0.13217488649874018,0.03004281535085743,0.02467994646952573,0.035377766008204165
0.0,uniform,10.0,0.5759586531581287,0.03494645095487014,0.030673445698756425,0.03936115802496164,0.11841638439790385,0.10449510750888033,0.13279637559334936,0.02977150651463167,0.024554945987601617,0.035005354930662556
0.0,uniform,10.0,0.5890486225480862,0.03429374451896527,0.030104704126653923,0.038675257676783516,0.11541889616268852,0.10274482321807522,0.1283179077514784,0.030483353842132365,0.02519568543174303,0.03559945055759065
0.0,uniform,10.0,0.6021385919380436,0.03412436616820689,0.029843119006019384,0.038645818822815536,0.11604501272535526,0.10256104031864448,0.13017891631317705,0.03046149380141137,0.02553441565350555,0.03526921656081129
0.0,uniform,10.0,0.6152285613280011,0.033865904258791275,0.029580205303756733,0.038346077766429426,0.11488735821084871,0.10092772555928556,0.1296012216511672,0.029968042303931977,0.025190001772946537,0.034764333822426996
0.0,uniform,10.0,0.6283185307179586,0.033356587235696074,0.029110785646576737,0.03765585601346604,0.11235853354269852,0.09908160775864386,0.12655077583879307,0.029695262196772394,0.024759906809002724,0.03452007526377666
0.0,uniform,10.0,0.6414085001079161,0.032659332703206895,0.02850553490446287,0.03682142986261495,0.10950856516145412,0.0965019354816629,0.12323038109709505,0.02889281813225897,0.024128638079141125,0.03346711442350915
0.0,uniform,10.0,0.6544984694978735,0.03214486830106597,0.028026280922779867,0.036409666098792814,0.10818623871376531,0.09546684716910757,0.12122550906878184,0.027892754099412363,0.023335162808161884,0.03233855006224717
0.0,uniform,10.0,0.667588438887831,0.03152534965522152,0.027525815918987857,0.0358768863627912,0.10796875081513456,0.09489915727962127,0.12128889508503791,0.027944127178231592,0.02342651412168631,0.032370681982853776
0.0,uniform,10.0,0.6806784082777885,0.031530624581261484,0.027272947597275336,0.035970947658091376,0.10607416241109092,0.09330170838429908,0.11958726598073172,0.027772227348338046,0.023364968225129377,0.03203149062488983
0.0,uniform,10.0,0.6937683776677459,0.03080376284994542,0.02685158274931148,0.03495412025701664,0.10423570985795198,0.09177485895023951,0.11727235149940032,0.027700999315914656,0.02323188747437379,0.03214698360658995
0.0,uniform,10.0,0.7068583470577035,0.030108942911858658,0.026345258627561353,0.033886112604468714,0.10068674096389257,0.08929211843804247,0.11219812337527794,0.02697772388640807,0.022639325519520036,0.03129435098707802
0.0,uniform,10.0,0.7199483164476609,0.029675437939946956,0.025871140328978696,0.03357810862623978,0.1010750598162996,0.0891794499367991,0.11309466610440722,0.02594488641904921,0.021761821123414432,0.03014050897430926
0.0,uniform,10.0,0.7330382858376183,0.02935611542620586,0.025672585071232323,0.033252079513256906,0.09988897720753909,0.08807182328430972,0.11209255260865807,0.025402670683261533,0.021376951827337252,0.029476542550729127
0.0,uniform,10.0,0.7461282552275759,0.028755220292454715,0.025262966827024728,0.032373534390295215,0.09825829368364346,0.08682292035424245,0.11009777584548254,0.02492690006940679,0.021056664440270947,0.02881679019762222
0.0,uniform,10.0,0.7592182246175333,0.02782416819086268,0.024428908584856635,0.03134003187269937,0.09482928229184921,0.08397856763985935,0.10614940321508361,0.02489259878063654,0.021108720299288845,0.028663009772964255
0.0,uniform,10.0,0.7723081940074907,0.02740201867480241,0.024045568483761808,0.030927463731072222,0.09289645608060922,0.08241375503915097,0.10376244735736673,0.024317296818801914,0.020658491242825906,0.02797830255942021
0.0,uniform,10.0,0.7853981633974483,0.027306717544317797,0.023730993524858905,0.03095417553421382,0.09266632961838633,0.08149820362018527,0.10443445739852186,0.02375155750341122,0.020063781545095617,0.02741790916172103
0.0,uniform,10.0,0.7984881327874057,0.026574913134203317,0.023042349925237845,0.03016904030920068,0.09145047342780444,0.0801012105619332,0.10344447149569727,0.02345691025763386,0.02002642381766849,0.02684946593694201
0.0,uniform,10.0,0.8115781021773631,0.026224940906306924,0.022713927436725397,0.029803188566445468,0.08971604291691772,0.0786945978722204,0.10135875598490382,0.022413906578045182,0.019087795783508783,0.02572634066819417
0.0,uniform,10.0,0.8246680715673207,0.025465483956932797,0.022256593218840527,0.02877737300239701,0.08765671248822741,0.07736030134311359,0.09811291218564654,0.022208841902572652,0.019019163608839144,0.025512181060403774
0.0,uniform,10.0,0.8377580409572781,0.025057277858176158,0.021870616456772587,0.028332477910220078,0.08525045342143185,0.0753949295491852,0.0957011387411912,0.022083380240903807,0.018728304086318252,0.025724732070932736
0.0,uniform,10.0,0.8508480103472356,0.0245762693921685,0.02139605748389989,0.027908018553381927,0.08382734175682392,0.07393242318768342,0.09447416416377395,0.021556068589589392,0.018234114676053424,0.025132384696543202
0.0,uniform,10.0,0.8639379797371931,0.023937415607883372,0.020756073700102958,0.027151221335615153,0.08197151876400147,0.07153841652945425,0.0926307744892013,0.02111267276347278,0.017785574387356118,0.024707623001523942
0.0,uniform,10.0,0.8770279491271505,0.023383644735336887,0.02023963181260233,0.026564465270947666,0.0803203039891552,0.07015375733112136,0.09088085262227674,0.019483857925676386,0.016533786739916165,0.022509536762761607
0.0,uniform,10.0,0.890117918517108,0.02263600780253225,0.0196472724526646,0.025661963007346168,0.07791800929921174,0.06809418938391257,0.0880068240814232,0.018818185381622585,0.016064472017276635,0.02164546016637514
0.0,uniform,10.0,0.9032078879070655,0.022137885726258216,0.019163418747244924,0.02522779491305372,0.07602260191643093,0.06663169020331534,0.08638283030659727,0.019097402732499352,0.016131118117641913,0.02216936237113927
0.0,uniform,10.0,0.916297857297023,0.021457724115935273,0.018560222672846512,0.024499607992358653,0.07468008617074737,0.06495736487454705,0.0856035709303014,0.01893921699336066,0.015898871196925603,0.02195625304279827
0.0,uniform,10.0,0.9293878266869804,0.020993749209150814,0.018129902254787278,0.024044599372251747,0.07234451996424142,0.06286831771394619,0.08261215123624857,0.01889366518571189,0.01576435912599105,0.02208928195997795
0.0,uniform,10.0,0.9424777960769379,0.020211742275401588,0.017576456587697707,0.022977252996786372,0.07070180992196647,0.06199441043665557,0.08022007018264753,0.018859124454291734,0.015702888434377248,0.022187678437685127
0.0,uniform,10.0,0.9555677654668954,0.019941907974838226,0.01726532766721852,0.02276550527748072,0.07027590177559133,0.06131982028044605,0.07982543755547615,0.01772324354180586,0.014922648938499384,0.020587175396378908
0.0,uniform,10.0,0.9686577348568528,0.019461670416901673,0.01672385677190775,0.022306819048419184,0.0679768089035866,0.05924496807433897,0.07722309013634678,0.016700578019946226,0.014216875409004598,0.01924161138395119
0.0,uniform,10.0,0.9817477042468103,0.019102755907382456,0.01630658507396932,0.022072334956711296,0.06566874711700264,0.057014072445256636,0.07500449591516224,0.015743643175306087,0.013422209954959146,0.018194110805633126
0.0,uniform,10.0,0.9948376736367678,0.01852745832406424,0.015855236782817923,0.021340878553122736,0.0644139576740643,0.055174747312472044,0.07414976328791374,0.015327763163394936,0.012906722279622827,0.017821006212377696
0.0,uniform,10.0,1.0079276430267252,0.017969129656094,0.01532198562007211,0.02074843534533074,0.06181780519184254,0.05302592321777141,0.07141332524120433,0.014796022501976048,0.01238693080729282,0.017265598887564633
0.0,uniform,10.0,1.0210176124166828,0.017353389294923045,0.014822386631034776,0.020001726409885612,0.05982045041530643,0.051635701416355595,0.06866202961369529,0.01416251398570452,0.01181647373883341,0.016626256826773753
0.0,uniform,10.0,1.03410758180664,0.016612484326564158,0.014287886762530393,0.01905267471831636,0.0576480535117185,0.04962495339545016,0.06622998692753437,0.013737144431849839,0.011463107079874028,0.016146607786590172
0.0,uniform,10.0,1.0471975511965976,0.016140851795764046,0.013875539222575332,0.018587309239956946,0.05593931417294187,0.04810533956831148,0.06430793394540375,0.013562488003305366,0.011177946994990565,0.016081650650049076
0.0,uniform,10.0,1.0602875205865552,0.015474469770799157,0.013248226691490316,0.017858734318717283,0.05415605331318838,0.046739362444595485,0.062282074832888216,0.013303323745302803,0.011037372803328576,0.015564928572589173
0.0,uniform,10.0,1.0733774899765125,0.014697326021516384,0.012626467516945628,0.016934153003635447,0.052134741256604576,0.045148744729968306,0.059704462433591905,0.013115339028516538,0.010951709053899859,0.01526462818075224
0.0,uniform,10.0,1.08646745936647,0.01421031282516644,0.01212632307689401,0.016426057971205225,0.05008313113928604,0.04321618449418256,0.05771646439592392,0.01286130043209969,0.010713314847882925,0.014925346431443373
0.0,uniform,10.0,1.0995574287564276,0.013671482095639146,0.011660577012151648,0.01589567959891315,0.04846045426685142,0.04165849285297801,0.05617643299689234,0.012049898339243756,0.01006766071076706,0.013900020100530352
0.0,uniform,10.0,1.112647398146385,0.013211397289343953,0.011180530035076939,0.015502724724190101,0.04598088663718445,0.039490946270467196,0.0533646889998036,0.011285245225275077,0.00948371457189167,0.012981014099203143
0.0,uniform,10.0,1.1257373675363425,0.01262523717715844,0.010698787746732125,0.014718886915872715,0.04384478875046303,0.03780163104207429,0.05068040414105418,0.010630442630045428,0.00902199016657688,0.012244293783615974
0.0,uniform,10.0,1.1388273369263,0.011992956445301713,0.010221284103490559,0.014012915255925408,0.04213108432781968,0.03633503854255091,0.048480025012742255,0.009585290219273306,0.008174543068139577,0.010939514732548767
0.0,uniform,10.0,1.1519173063162573,0.011298729252580285,0.009679960661447202,0.013049633695817965,0.04055380574557513,0.03512517974126649,0.0467006860623108,0.008858827260115899,0.007631658575097889,0.010090743599560404
0.0,uniform,10.0,1.1650072757062149,0.01090279605542612,0.009287614501978776,0.012627237889900262,0.03933667171195005,0.0339422791566405,0.04539576459107719,0.008388581913599964,0.007199338568746821,0.009573604244347268
0.0,uniform,10.0,1.1780972450961724,0.010550370852677933,0.00890566346515552,0.01231249467387305,0.037554247923322424,0.032262479152572056,0.04339850701326558,0.008029109475971973,0.006848922252140118,0.00923132431946484
0.0,uniform,10.0,1.1911872144861297,0.010038139334856795,0.008495681056796031,0.011690986379461917,0.0355684287584266,0.03051895474655302,0.04092887965024651,0.007723267046559668,0.006549588199671597,0.008904966695907264
0.0,uniform,10.0,1.2042771838760873,0.00940409994263487,0.0079894960871321,0.010917343110122208,0.03342575688532987,0.028640530211539342,0.03862708386447537,0.007321249771279702,0.0061508143157984205,0.008535479015150295
0.0,uniform,10.0,1.2173671532660448,0.00879319364432366,0.00750127158901016,0.010197673056562056,0.031210628397528768,0.026818664220272258,0.03610672744001248,0.00699957789063945,0.005810694665167995,0.008230683043483383
0.0,uniform,10.0,1.2304571226560022,0.00828065016103017,0.007056593393542846,0.009570527760097841,0.029438375727297305,0.025168922368460404,0.03420112325947446,0.006653878331551511,0.005516967968789993,0.007808072455476222
0.0,uniform,10.0,1.2435470920459597,0.007854090165073224,0.0066305153479882415,0.009201841996369878,0.027848376018224846,0.02368434538598681,0.03256174940683308,0.006292647985148666,0.005241946388973936,0.00737103308074329
0.0,uniform,10.0,1.2566370614359172,0.007343042167472273,0.0061736415028808694,0.008616702329407287,0.026066905629280004,0.0221417980548643,0.030500742594480844,0.00588777317422528,0.0049081070993816775,0.006897460605258547
0.0,uniform,10.0,1.2697270308258746,0.0067281470392144,0.005681413087989636,0.007897608274552173,0.02410455313233778,0.020512901864115227,0.02813566012495211,0.005497583557498054,0.004571238584655955,0.006449603644141548
0.0,uniform,10.0,1.2828170002158321,0.006204108483613419,0.005214102408816319,0.007285900051403044,0.022367308050291402,0.01909201816824723,0.026080348593040308,0.005110443329741661,0.004237198664323313,0.005995865299161095
0.0,uniform,10.0,1.2959069696057897,0.005815496550831334,0.0048415358240627955,0.006887794338141282,0.020850297861071575,0.017712704608251046,0.02440113442701663,0.004726818526826259,0.003915850590848606,0.005559625066594255
0.0,uniform,10.0,1.308996938995747,0.0053803742677816955,0.004467645170011067,0.006370727595033813,0.019195731310866503,0.016275793815329554,0.022602202004913703,0.004336736512150539,0.0035817804447037327,0.005109766407924864
0.0,uniform,10.0,1.3220869083857045,0.004908479269921341,0.004093097725574003,0.005806464538732787,0.01759468727296767,0.014908791637958075,0.02071039757042282,0.0039468660222637475,0.0032468468882864846,0.004651845142699351
0.0,uniform,10.0,1.335176877775662,0.004457902482552554,0.0037199696157810005,0.005283886481092577,0.01596003726660864,0.013552510869153366,0.018761002242261935,0.0035649632222141178,0.0029309919305331405,0.004205389139688595
0.0,uniform,10.0,1.3482668471656194,0.004006042995750457,0.0033670409786095705,0.004704794008704248,0.014398070966870409,0.012294192377694807,0.016857548333067046,0.0032342256973986994,0.0026503874931312257,0.0038291012390536706
0.0,uniform,10.0,1.361356816555577,0.0035914321648108337,0.003027252972218522,0.004179833796243287,0.012965103290054585,0.011061317795282655,0.015132380627815413,0.002883463576216577,0.002349965165565714,0.003407267373630689
0.0,uniform,10.0,1.3744467859455345,0.003220370247361205,0.002706780093159965,0.003769298612434027,0.011647772682345821,0.009931480738816735,0.013585018161494239,0.0025610359011198434,0.0020954578644847986,0.003018550471804872
0.0,uniform,10.0,1.3875367553354918,0.002877034988879229,0.0024093456622196496,0.003395500784303283,0.010485356860146728,0.008855244031601369,0.01238751367010609,0.002237680250092939,0.0018416373014377445,0.0026304803197727614
0.0,uniform,10.0,1.4006267247254494,0.002563218147602754,0.002141619576263706,0.0030379883145336575,0.009283113700671867,0.007840860610796517,0.010867061763666936,0.001935278921462804,0.001604733289689643,0.002270881990807542
0.0,uniform,10.0,1.413716694115407,0.00224272936699758,0.0018743909023940482,0.0026508874248671196,0.008120753890087214,0.006858440143169524,0.009494383148670788,0.0016653495305935541,0.00138290817256658,0.0019519968477743445
0.0,uniform,10.0,1.4268066635053642,0.0019302348715846704,0.0016116711854615717,0.0022809862124994243,0.007036470539293829,0.00590639850088483,0.008266459579095052,0.001425535164847314,0.0011894245799629534,0.0016652838921862125
0.0,uniform,10.0,1.4398966328953218,0.0016454123579462698,0.0013657333312506207,0.001955233494643321,0.005984864021743808,0.005019769021200044,0.0070853905681435864,0.0012045788703445163,0.0010118271007072915,0.0014065783474380247
0.0,uniform,10.0,1.4529866022852793,0.0013786189063341127,0.001139138483049681,0.001639404415184371,0.005008096429492146,0.004193943809494147,0.005927670158902541,0.0009938614414945297,0.0008379702935639667,0.001156691502868775
0.0,uniform,10.0,1.4660765716752366,0.001128648936905888,0.0009264972565652432,0.0013492801189820597,0.0040990170944764,0.0034257448891669893,0.0048447054426776145,0.0008027703646601953,0.0006759185749767531,0.000932606816132158
0.0,uniform,10.0,1.4791665410651942,0.0008930757428517394,0.0007302277086161047,0.0010700843620333744,0.003245422405186823,0.0027095063570953186,0.0038294394772116747,0.0006288301630406706,0.0005290000788794188,0.0007303709284622387
0.0,uniform,10.0,1.4922565104551517,0.0006757521352320537,0.0005521257011890607,0.0008087059064711774,0.0024664342272084877,0.0020554987061196265,0.002922570918595767,0.00047462700969044537,0.00039996675342679906,0.0005511340398997398
0.0,uniform,10.0,1.505346479845109,0.00048525220821953757,0.00039667907749115557,0.0005809721967645734,0.0017823824431235724,0.0014808142793991642,0.002117075355008128,0.00034000428585346664,0.00028647811638056144,0.0003944955644677988
0.0,uniform,10.0,1.5184364492350666,0.00032258073526755956,0.0002638657417326036,0.00038617943933775195,0.001193641153192066,0.0009892596209808762,0.0014223521105366935,0.0002257209800749126,0.00019024858896121035,0.00026173667777933487
0.0,uniform,10.0,1.5315264186250241,0.00019042125877779062,0.00015585199589339044,0.00022764062695975273,0.0007073098494228347,0.0005865996924439943,0.0008427332416658941,0.0001328633813700677,0.00011190723338308876,0.00015406390168621405
0.0,uniform,10.0,1.5446163880149815,9.031874942282276e-05,7.398226905538834e-05,0.00010805068674522675,0.00033721063518417707,0.0002797732220376562,0.0004016129977718235,6.270163352010806e-05,5.266047014882874e-05,7.281461271055709e-05
0.0,uniform,10.0,1.557706357404939,2.5083231424051946e-05,2.052975466336354e-05,3.0045808827046186e-05,9.426828937863169e-05,7.807553952193265e-05,0.00011237112463049757,1.7263054606277596e-05,1.4502158322719126e-05,2.0055169152882646e-05
0.0,uniform,10.0,1.5707963267948966,2.771223610990825e-15,2.4199548035240232e-15,3.1584916358434413e-15,1.3873201184549255e-14,1.2270784634477753e-14,1.5661486390457125e-14,0.0,0.0,0.0
0.0,gaussian,0.5,0.0,0.7076185689475727,0.6785034380201667,0.7352007761574929,0.9915570212331435,0.9874452747104477,0.994888390510876,0.9166726454371039,0.8913646170983536,0.9401482890507393
0.0,gaussian,0.5,0.01308996938995747,0.7078367139809201,0.6786798947730192,0.7354765206955933,0.9915134360960857,0.9873347794704274,0.9949670372648707,0.9164988069743251,0.890953719687744,0.9403066072971055
0.0,gaussian,0.5,0.02617993877991494,0.7079520527941546,0.6789808838948126,0.7356814988416569,0.9914127117925445,0.9870622724437161,0.994978716365517,0.91589394261202,0.8900677990307856,0.9398484433963443
0.0,gaussian,0.5,0.039269908169872414,0.70783319923645,0.6790666770361519,0.7354778108304614,0.9912116305291384,0.9866790078471391,0.994952348403552,0.9160963882085166,0.8895026072458592,0.9398366185367756
0.0,gaussian,0.5,0.05235987755982988,0.7070762484049992,0.6784757443645817,0.7349034616465183,0.9909934948320288,0.9863083645503365,0.9948630172568854,0.9167054015160119,0.8897544894172531,0.9401853086258175
0.0,gaussian,0.5,0.06544984694978735,0.7065131360265696,0.6776133373712689,0.7345607853159547,0.9909199262281433,0.9861637909645272,0.9948243342287758,0.9171327222697342,0.8899145657344943,0.9404194990973571
0.0,gaussian,0.5,0.07853981633974483,0.7060978878097267,0.6772795999568062,0.7343872928800735,0.9908280187950568,0.9860729757620146,0.9948061571658257,0.9172009161566989,0.8889809912909218,0.9403220989638553
0.0,gaussian,0.5,0.09162978572970229,0.7057986443557923,0.6769847077189484,0.7335508129348608,0.9908137897688974,0.9860399038514772,0.9948152731358452,0.9166681426660114,0.8887338755468438,0.9401816109095814
0.0,gaussian,0.5,0.10471975511965977,0.705275894777604,0.6771637461328803,0.7319538979692357,0.9907836902178847,0.9859856774473728,0.994779175890169,0.9156898222461982,0.8865092856510929,0.9400042340155936
0.0,gaussian,0.5,0.11780972450961724,0.7043505681108805,0.6766479574597568,0.7303622132765724,0.9907477171724364,0.9858811173853667,0.9947356667976047,0.914620464081794,0.8846465115848317,0.9393512896775843
0.0,gaussian,0.5,0.1308996938995747,0.7030040684567727,0.6752978907316692,0.7289963319769586,0.9906580805346218,0.9857187608665139,0.9946733349432972,0.9134752202855876,0.8824225487411917,0.9388052114842991
0.0,gaussian,0.5,0.14398966328953217,0.7014392098421788,0.6737896651631089,0.7275066849523609,0.9906243010615031,0.9857043365320901,0.9946131009554396,0.9125870994364592,0.8800309105712626,0.9388370860598464
0.0,gaussian,0.5,0.15707963267948966,0.7001954163339347,0.672760125429915,0.7261506839708752,0.990555907861641,0.9857115316328705,0.994524162122812,0.9114602129663858,0.8775074929711539,0.9389138541610398
0.0,gaussian,0.5,0.17016960206944712,0.6991108025146712,0.6716126527898403,0.7244218839034324,0.9904892531128441,0.9857202483534445,0.9943996578631483,0.9103414276352364,0.8742407560616129,0.938482621061424
0.0,gaussian,0.5,0.18325957145940458,0.6979363919370427,0.6702008712042349,0.7231116245972978,0.9904540437300026,0.9857175965266219,0.994276434188352,0.9087675098671585,0.8715678259466166,0.937586555406623
0.0,gaussian,0.5,0.19634954084936207,0.6968404968780361,0.6688596781258127,0.7218430157653574,0.990266380812283,0.9853739001919692,0.9941935325371315,0.9067305721438208,0.8685868230246173,0.9365670095130739
0.0,gaussian,0.5,0.20943951023931953,0.6956301189085936,0.6677839928988901,0.7205441333151762,0.9899973532555316,0.9849506583035456,0.9940746983904053,0.9042466644481738,0.8651096638201762,0.9344808367985068
0.0,gaussian,0.5,0.222529479629277,0.6944474005560609,0.6670166045231629,0.7190967265370132,0.9897028955781315,0.9844259225823068,0.9939299816038988,0.901379358607152,0.860722923593626,0.9320381678044856
0.0,gaussian,0.5,0.23561944901923448,0.6936629713088941,0.6661933417992475,0.717990085132595,0.9893628133211035,0.9837905645819259,0.9938105318918188,0.8982141538585804,0.8572623810299829,0.9290728196110498
0.0,gaussian,0.5,0.24870941840919195,0.6930249224639811,0.6652443269566547,0.7173859506525352,0.9891794378567672,0.9835129507866367,0.9937212096107134,0.8953789378202389,0.8547733353737629,0.9266177501257321
0.0,gaussian,0.5,0.2617993877991494,0.6914222933186763,0.6631609604523379,0.7159545817716853,0.9888464373269508,0.9829035726439544,0.9935362163187795,0.891983464984917,0.8503938145270948,0.9240400263530838
0.0,gaussian,0.5,0.2748893571891069,0.68964534852484,0.6620047698276157,0.713940136177309,0.9884436135353848,0.982316144507307,0.9932887043195422,0.8887110511403803,0.8466892760463502,0.921521137374954
0.0,gaussian,0.5,0.28797932657906433,0.6876266493853181,0.6598648980336741,0.7119501852936333,0.9878699322787646,0.9814232339734473,0.9929556085389882,0.88576500114267,0.8431450290715929,0.9191282185186052
0.0,gaussian,0.5,0.3010692959690218,0.6851159034939674,0.6571715013832411,0.7094018326473139,0.9872328795512223,0.9804936552374335,0.9926091444637956,0.8821071210259532,0.8379742465876905,0.9163715685394094
0.0,gaussian,0.5,0.3141592653589793,0.6821490092109007,0.6542159962342431,0.7069166505598483,0.9868347585861234,0.9801622161629047,0.9922080107561632,0.8776079126943274,0.8314235855628954,0.912923886167341
0.0,gaussian,0.5,0.32724923474893675,0.6789631904302547,0.651172594398742,0.7037205590360608,0.9864110632204822,0.9798409967468183,0.9917966379889801,0.872706204493794,0.8254090660911859,0.9093383239623776
0.0,gaussian,0.5,0.34033920413889424,0.676018663471662,0.6482128356125207,0.700680739647784,0.9859650303363802,0.9793362159764641,0.9913714625181759,0.8681861328079424,0.8203310962211253,0.9060897466832225
0.0,gaussian,0.5,0.3534291735288517,0.67336815331385,0.6458436282961286,0.697888197164126,0.9854978265172843,0.9789761740879764,0.9909233220657289,0.8630008217830575,0.8135239380858525,0.9021539809279195
0.0,gaussian,0.5,0.36651914291880916,0.6712175520510346,0.6439514829263244,0.6955652083846433,0.9848181435563125,0.9780693582101307,0.9904077964506887,0.8575624287241732,0.8064901436561818,0.8981670183510906
0.0,gaussian,0.5,0.37960911230876665,0.6687992958210071,0.6420050569836181,0.6929810915407585,0.9840780926163885,0.9770725228817294,0.9898117538542677,0.8524754940591913,0.8006118005143278,0.8944316334914763
0.0,gaussian,0.5,0.39269908169872414,0.6663009453532226,0.6394734097887229,0.6902758166675157,0.9835290368480708,0.9765945578002955,0.989253190820441,0.8478362443388878,0.7944312314490795,0.8908498256065122
0.0,gaussian,0.5,0.4057890510886816,0.6636437204850294,0.6368175533286501,0.6877330778022775,0.9830021090716788,0.9761804555763428,0.988726357515167,0.8429608559131916,0.7880937601384844,0.8875082903109002
0.0,gaussian,0.5,0.41887902047863906,0.6604364055283745,0.6339574364516274,0.6841904974639178,0.9824062767334175,0.9756434350914812,0.9881717460768775,0.8384489978701924,0.7819739346400197,0.8841609984460157
0.0,gaussian,0.5,0.43196898986859655,0.6569148297428377,0.6300746456641763,0.6807051297237545,0.9817488117671717,0.9750491096020294,0.9875279693189176,0.8340910135002285,0.7764134643945984,0.880765228102809
0.0,gaussian,0.5,0.445058959258554,0.6536333547870461,0.6269321895231406,0.6774942062705478,0.9810944447370242,0.9743204013315913,0.986926988037395,0.8292417790938446,0.7698751889064893,0.8771257405956487
0.0,gaussian,0.5,0.4581489286485115,0.6499420391645293,0.6234745416785855,0.6742975920158781,0.9805052447191205,0.9736960382072822,0.9864744982229063,0.8246548834833995,0.7633845408623063,0.8739628671979153
0.0,gaussian,0.5,0.47123889803846897,0.6462508321242263,0.6196562327085002,0.6709081310367145,0.9796903181512361,0.9725935829627581,0.9857795780787059,0.8203568955962847,0.7574679864111312,0.8710169124468182
0.0,gaussian,0.5,0.4843288674284264,0.6427738500657454,0.6157094800543965,0.6678499495201978,0.9786040685739636,0.9712771797294817,0.9848733538521616,0.8167662732576225,0.7519013140092072,0.8687269882999317
0.0,gaussian,0.5,0.4974188368183839,0.6393031443991605,0.6120663830052934,0.6647427994624517,0.9775008800771422,0.9697578899503126,0.9839856312496917,0.8131287991746984,0.7472327325068631,0.8663323623659552
0.0,gaussian,0.5,0.5105088062083414,0.6359159415543317,0.6085875970449086,0.6616153671133158,0.976305579368031,0.9683241990201422,0.9829443817634262,0.8096259629293026,0.7424022309248244,0.8630523798850225
0.0,gaussian,0.5,0.5235987755982988,0.6325449151133969,0.6052840455777044,0.6584750444182574,0.9750441139175353,0.9667664055385887,0.9820277589539622,0.8058959836196161,0.7379446976052755,0.860152211743479
0.0,gaussian,0.5,0.5366887449882562,0.6289894091628713,0.6019072976572437,0.6547678795138329,0.9739025453140592,0.9654296445027457,0.9810750198892783,0.8021452991186254,0.7341908131345383,0.8570781412655006
0.0,gaussian,0.5,0.5497787143782138,0.6253115798422122,0.5980286699532555,0.6512895145445272,0.9728098320788777,0.96414511244979,0.9801507069096161,0.7981366686425241,0.7305795579719161,0.8543914275695118
0.0,gaussian,0.5,0.5628686837681712,0.6216565368138816,0.5945025319517617,0.6471163258680664,0.9716847706053516,0.9629996369498549,0.9791711414863836,0.7934811805838612,0.7263499339279652,0.8504344570861015
0.0,gaussian,0.5,0.5759586531581287,0.6173919142648986,0.590502496179976,0.6427135563033429,0.9705806780179932,0.9618218852732209,0.9781465669668272,0.7890408687280833,0.722505622937373,0.845929740706193
0.0,gaussian,0.5,0.5890486225480862,0.613238384405497,0.5864233800359807,0.6382535464114935,0.9693826464926142,0.9604851682810148,0.9771722542309144,0.7853487500753462,0.719726079995176,0.8420492541076915
0.0,gaussian,0.5,0.6021385919380436,0.6091524502135017,0.5826001473037253,0.6341431702101074,0.9681142157788751,0.9590355291861865,0.9760862225717036,0.781392902731559,0.7158003418106024,0.8381116492458078
0.0,gaussian,0.5,0.6152285613280011,0.6053786219728252,0.5789161446536599,0.6304237300075543,0.9667933695077152,0.9576357798569657,0.9749761809307298,0.7770705918941244,0.7115409130041859,0.8336734558637914
0.0,gaussian,0.5,0.6283185307179586,0.6015191413743883,0.5753512424768243,0.6265989646385698,0.9652877269650383,0.9559225425714754,0.9737394000971421,0.7733003722513462,0.7075096806258285,0.8298945394351203
0.0,gaussian,0.5,0.6414085001079161,0.5972696285665301,0.570798301190866,0.6225644086940083,0.9636177969549514,0.9538406274140628,0.9724695988758388,0.7700584074007698,0.705418835943706,0.8254312759155609
0.0,gaussian,0.5,0.6544984694978735,0.5930904405194911,0.5664362454413773,0.6186791453322532,0.9617170360158807,0.9514243007415429,0.9708475460453665,0.7667304997386158,0.702878863839718,0.8204425383458452
0.0,gaussian,0.5,0.667588438887831,0.5882322852664099,0.5609349649135787,0.6138972303636501,0.9597284463673467,0.948816511722656,0.969285987844587,0.7629928420282593,0.6993908423947885,0.8164856134256383
0.0,gaussian,0.5,0.6806784082777885,0.5828447612452623,0.5550961696297803,0.609409269265634,0.9575638660138218,0.9459832990075251,0.9677730215607533,0.7589925950781103,0.6970422236335566,0.8119273628420343
0.0,gaussian,0.5,0.6937683776677459,0.5775433554807131,0.5495436260444088,0.6040626403449265,0.9552863950201017,0.9431239024670528,0.9660554836854405,0.7546391127549557,0.6937396284113638,0.8079497960507093
0.0,gaussian,0.5,0.7068583470577035,0.5720246020688037,0.5435486120983305,0.5990050743376654,0.9529660162583223,0.9401469278075305,0.9641169943357732,0.7510506034949955,0.6919985224245926,0.803758205480599
0.0,gaussian,0.5,0.7199483164476609,0.5672509915100074,0.5380143590620591,0.5946925712186749,0.9507327229074228,0.9372755193575937,0.9623842380139326,0.7469344219645766,0.6890909385878354,0.7984520072701309
0.0,gaussian,0.5,0.7330382858376183,0.5626861215097579,0.5330836937314282,0.5903997000343992,0.9484936143259562,0.9342568447919523,0.960479562660466,0.7414740861987297,0.6844530579471919,0.79223626334269
0.0,gaussian,0.5,0.7461282552275759,0.5581477191872789,0.5280161382143302,0.5860843321163155,0.9460190884058028,0.9310180463052289,0.9583231811797034,0.7370590063365992,0.6812861004464245,0.7866301363318094
0.0,gaussian,0.5,0.7592182246175333,0.5529368320504015,0.5220777924797763,0.5811387239734472,0.9432428917388402,0.9278706514624371,0.9561071687745238,0.7316285027456758,0.6761913826866155,0.7804325566042679
0.0,gaussian,0.5,0.7723081940074907,0.5478836944005293,0.5166595698859754,0.5768069129733313,0.9404926917735782,0.9244242652308357,0.9539294104643287,0.7256597128855832,0.670154915058962,0.7748099626459565
0.0,gaussian,0.5,0.7853981633974483,0.5421016544101193,0.5106896910906175,0.5716723622878794,0.9373407544547403,0.9202367891086536,0.951440434046919,0.7199098006044987,0.6641895104459445,0.7692419591984725
0.0,gaussian,0.5,0.7984881327874057,0.5366343985321904,0.5045762412919799,0.5666061839454277,0.933784057935778,0.915584327667761,0.9486030903831585,0.713944985718562,0.6593530509529335,0.763363271388857
0.0,gaussian,0.5,0.8115781021773631,0.5306149686795069,0.49797904275697547,0.5606413558719465,0.9299667199067607,0.9108031774607903,0.9454710624741962,0.7081055305697869,0.6530652554392357,0.7581381474717948
0.0,gaussian,0.5,0.8246680715673207,0.5241032595213219,0.4914679432276364,0.554208607332671,0.9257000682705465,0.9055107987105565,0.9420375724690603,0.70221414141681,0.6463153829930096,0.7521043866332594
0.0,gaussian,0.5,0.8377580409572781,0.5175050194782643,0.48465035196007733,0.5472777474048814,0.9211060993806237,0.8998614233298946,0.9385673186753071,0.6956825454573048,0.6396177188252478,0.7459497644870562
0.0,gaussian,0.5,0.8508480103472356,0.5108407485075618,0.47748507786062405,0.5406240832470464,0.9163231412645855,0.8935990150597289,0.9346315748487597,0.6887417049207989,0.6327252736808037,0.7398078461309492
0.0,gaussian,0.5,0.8639379797371931,0.5037411264930662,0.4706739195029442,0.5337508396535631,0.9112790366762881,0.8877980207807131,0.9305614667759284,0.6815654174216225,0.6251233518008961,0.7334335912449066
0.0,gaussian,0.5,0.8770279491271505,0.49693170437106066,0.4634856372196205,0.527176987966632,0.9062277822474029,0.8818805008547237,0.9262228724516551,0.6738406624224492,0.6168526818458693,0.7265367322733183
0.0,gaussian,0.5,0.890117918517108,0.4899743190073664,0.4566470640001427,0.5205570317809269,0.9012066303142935,0.8758123901057018,0.9221612722976344,0.6664151680176917,0.6088707275953116,0.7193947515061262
0.0,gaussian,0.5,0.9032078879070655,0.48292736461234176,0.44985306475945386,0.5140066320069121,0.8958502935915821,0.8696080429651374,0.9177825654292953,0.6594587807002368,0.6028071275021467,0.7125333109468108
0.0,gaussian,0.5,0.916297857297023,0.47565607014655825,0.44220306000041726,0.5068578942900043,0.8899479262402933,0.8627431284333609,0.9127849738541545,0.6520652214609873,0.595986747826765,0.7050600545051644
0.0,gaussian,0.5,0.9293878266869804,0.46790652076933537,0.4339215630125644,0.4988045959849669,0.8831416066679328,0.8543294912810724,0.9069503887332868,0.6441392774349067,0.5891870903834268,0.6970039800379193
0.0,gaussian,0.5,0.9424777960769379,0.4597680012584062,0.4255951100652986,0.49130731707837716,0.8760594444215323,0.845879301357793,0.9012756455119378,0.6361715726140754,0.5810744051618061,0.6892673636428965
0.0,gaussian,0.5,0.9555677654668954,0.45124801342569015,0.41718239930160667,0.4828292114353593,0.8687113432625414,0.8370619399188612,0.8951544669030178,0.627866755019373,0.5726706056559618,0.6804690712312838
0.0,gaussian,0.5,0.9686577348568528,0.44240814520363775,0.4085565088218446,0.47425936839549165,0.861059133994103,0.8275224330510274,0.8883716631216371,0.6190352321886591,0.5640873952954523,0.6715553428032296
0.0,gaussian,0.5,0.9817477042468103,0.4333265420665209,0.3995622468681025,0.4654448080466793,0.8529078680973878,0.8179542870820958,0.8816797132440144,0.6099092398292764,0.5548014159989542,0.6625115107380394
0.0,gaussian,0.5,0.9948376736367678,0.42418713047127704,0.3904607951047784,0.4563018996702571,0.8442824096106838,0.8081328219283282,0.8743521847250171,0.5999097035778306,0.5449015266619067,0.6506569866810799
0.0,gaussian,0.5,1.0079276430267252,0.41491406210840354,0.3808281728011353,0.446737369924094,0.8350730991179612,0.7977863592241407,0.866667498150786,0.5894383672566037,0.5354735700370585,0.6401321791072021
0.0,gaussian,0.5,1.0210176124166828,0.4057192667699491,0.3721216908771164,0.4375523128469054,0.8256189660378714,0.7873680943296872,0.8583162120563212,0.5784758812517828,0.5245674787429176,0.6283991709515506
0.0,gaussian,0.5,1.03410758180664,0.39614988032623494,0.3627818311978295,0.42801020402838774,0.8160416408530828,0.7766931110523052,0.850243117424636,0.56771943632648,0.5143396898833509,0.6166919444789084
0.0,gaussian,0.5,1.0471975511965976,0.38643743373841105,0.3534440931203783,0.41840119689325866,0.8056380074239259,0.7651387081723996,0.84151957479439,0.5566973802965781,0.5052383565868768,0.6047034895307029
0.0,gaussian,0.5,1.0602875205865552,0.3771666309574468,0.3441899814343427,0.4093725129274862,0.7944394723222875,0.7521517065706614,0.8317047098969587,0.5452333597152693,0.4946315809396418,0.5932946494818744
0.0,gaussian,0.5,1.0733774899765125,0.3675181570703862,0.33457762517743456,0.39985830242341314,0.7826938444206029,0.7383976299426822,0.8215348117227085,0.5336350229396621,0.482672329108478,0.5814869418416891
0.0,gaussian,0.5,1.08646745936647,0.3575393053715256,0.3247675312280024,0.38988933256974334,0.7701709686644357,0.7244308026866997,0.8105521707127277,0.5217987546830056,0.47047688543332805,0.5697990154185497
0.0,gaussian,0.5,1.0995574287564276,0.34713944703459026,0.3146622761257162,0.37907786491601914,0.7573721710049233,0.710207690244874,0.7993063188743805,0.5086988810610237,0.45866963770779196,0.5564778517409221
0.0,gaussian,0.5,1.112647398146385,0.3365581204406835,0.30481010320720187,0.3677646046576575,0.7437857064265442,0.6957516772092825,0.7871188734540169,0.49524292849763735,0.4454084001998868,0.5425432669766987
0.0,gaussian,0.5,1.1257373675363425,0.32627197331655855,0.2946594082528332,0.35745140896827277,0.729663481748442,0.6808514748267545,0.7742321249681724,0.4816568367743274,0.432001349326712,0.5284615958962506
0.0,gaussian,0.5,1.1388273369263,0.31581837091171444,0.2845934251142618,0.3466869066665027,0.7153701315147143,0.6650051243809962,0.7610375413297851,0.4678291338290827,0.41941800741338997,0.5139215153746581
0.0,gaussian,0.5,1.1519173063162573,0.30496744906786205,0.27413420960377005,0.33570075285147094,0.6999419918773793,0.649046227769825,0.746531015859027,0.45375011753568756,0.40620995832573936,0.4992540154545403
0.0,gaussian,0.5,1.1650072757062149,0.2937431734156937,0.2635770080488742,0.32392415554964654,0.6836002577680397,0.6325175341761501,0.7308584962588303,0.4392990699807737,0.39276246476825366,0.4838337146119208
0.0,gaussian,0.5,1.1780972450961724,0.2826367678073327,0.25305903814855774,0.3124042429339117,0.6660061260393834,0.6147995774430708,0.714022467040993,0.4239920437759954,0.37859298730823643,0.4677593542419944
0.0,gaussian,0.5,1.1911872144861297,0.27117088073646833,0.24230784690424756,0.30035028353778276,0.6477713012335212,0.5961348853727311,0.6961556056729112,0.40804827962555607,0.364143806997388,0.45048339897433987
0.0,gaussian,0.5,1.2042771838760873,0.25969438083758045,0.23163053468141281,0.2881472722942538,0.6286743127798149,0.5767801238667611,0.6771914143938235,0.3916903390736595,0.3489610722765252,0.4329242870974215
0.0,gaussian,0.5,1.2173671532660448,0.24834087527160162,0.22103132560533212,0.2759662381652875,0.6087387309088967,0.5569869073798096,0.6573397587511944,0.37498256319713835,0.33361456519966265,0.41504690614145423
0.0,gaussian,0.5,1.2304571226560022,0.23690353139919998,0.21035930211027937,0.26409178733654737,0.5882081194163156,0.5366375972273889,0.6368674195752376,0.3579218618011371,0.3181822006135613,0.39663875588527614
0.0,gaussian,0.5,1.2435470920459597,0.2252487680167721,0.19971432628628225,0.25156326531010414,0.5666693444037881,0.5151759654309992,0.6154009712441797,0.3404496162700567,0.3020355106205109,0.3777830669368967
0.0,gaussian,0.5,1.2566370614359172,0.21353192293023338,0.18906926426108508,0.2388504433878233,0.5441752805370839,0.4932769011936224,0.5924507431098943,0.32276660426877396,0.2858445930916863,0.35882901369047654
0.0,gaussian,0.5,1.2697270308258746,0.2017664798568141,0.1783211996566325,0.22596235569469778,0.5212690140135913,0.47120918219858854,0.5688099323990438,0.30516186016283214,0.2698200968443815,0.33962625395206725
0.0,gaussian,0.5,1.2828170002158321,0.18989863320120648,0.16750614600190974,0.2129609473412169,0.49761093932687234,0.4482909129651656,0.5445768707081866,0.2874277667878901,0.2538904925463591,0.32031732929498197
0.0,gaussian,0.5,1.2959069696057897,0.17812799287848627,0.1568723865067724,0.2000341518619013,0.47328204853220196,0.42525075207212376,0.5190265915574486,0.2697217748299776,0.23781715756687377,0.30113079605771537
0.0,gaussian,0.5,1.308996938995747,0.16646633084133672,0.14637645861980933,0.18711947505917645,0.44811271005721637,0.4015803188696076,0.4925604091141346,0.2521459500119961,0.22186038855542164,0.2820165786515114
0.0,gaussian,0.5,1.3220869083857045,0.15484132546543386,0.13589628161030923,0.17420509953607496,0.42232787061372107,0.377406634080161,0.46547727829880736,0.2346656244033102,0.20606785662173344,0.2628795795698801
0.0,gaussian,0.5,1.335176877775662,0.1432464916303687,0.1254037008554942,0.16149544051961554,0.39618806461240763,0.3530012593262764,0.43771846279555937,0.21734461078170852,0.19061227124136693,0.2439277402301594
0.0,gaussian,0.5,1.3482668471656194,0.1318572996421985,0.11532202955553117,0.14888433751499877,0.3698133564020347,0.328691111177942,0.4095553669121565,0.2001416377190864,0.17540930170326566,0.22492023705572942
0.0,gaussian,0.5,1.361356816555577,0.12057455515499137,0.1051851645232992,0.13631981369733226,0.3428417472589311,0.3038715097070021,0.38039142366773926,0.18300142603804873,0.16020275361870165,0.20591663706083435
0.0,gaussian,0.5,1.3744467859455345,0.10950336906635007,0.09527320899500255,0.12396287062039887,0.31534775851530933,0.27874713064345835,0.3508511010944365,0.1661514389403871,0.14524567946416927,0.18718769066141297
0.0,gaussian,0.5,1.3875367553354918,0.09866273004329103,0.0857171904043675,0.11181566977878467,0.2876831679157963,0.2535471246416624,0.3207590678390013,0.1496664215318563,0.1305691249472907,0.16880737028835582
0.0,gaussian,0.5,1.4006267247254494,0.08810512178791069,0.0764669657430963,0.09997567167893169,0.2600557284209823,0.22863420248416172,0.29059878097835956,0.13358324724489265,0.11640785252154885,0.1508172024861447
0.0,gaussian,0.5,1.413716694115407,0.0778394241796372,0.06749972989224252,0.08839328194200242,0.23257485062932548,0.20383969578319933,0.26043660683410463,0.11796464747468394,0.10265745134220594,0.13334795681082948
0.0,gaussian,0.5,1.4268066635053642,0.06792787014681266,0.05884900521136763,0.07727285099210163,0.2054455184730077,0.17960467008615552,0.23056385010794822,0.10288072967638777,0.08938454270343411,0.11643327950430869
0.0,gaussian,0.5,1.4398966328953218,0.05841604543223952,0.050527951480962174,0.06649319661882189,0.17876244637169533,0.15588034346801297,0.20102508882261066,0.08839388746454607,0.07669868388081447,0.1001477647698945
0.0,gaussian,0.5,1.4529866022852793,0.049330299425219375,0.04261695113923999,0.05620999054504726,0.15279739028678083,0.1328114176456928,0.1721448818376264,0.07459393458620435,0.06463647754259304,0.08462959263842867
0.0,gaussian,0.5,1.4660765716752366,0.04073495249297121,0.035120731099147054,0.04647577683513784,0.12767995202741142,0.11071560058761332,0.14409736185926847,0.061576096927275614,0.05327672817242,0.06995560819914894
0.0,gaussian,0.5,1.4791665410651942,0.03269827308871928,0.028164914156589546,0.037357981679038636,0.10368825882541782,0.08969144249276575,0.11722649218061859,0.0494253285481863,0.04270118938559928,0.05623000654240199
0.0,gaussian,0.5,1.4922565104551517,0.025286649879619028,0.02174830150275865,0.02893035477204892,0.08115545081169573,0.0700122380829333,0.09196758068537887,0.0382318222942458,0.03298141050529298,0.04354735940982232
0.0,gaussian,0.5,1.505346479845109,0.01858851022883905,0.01595595779505832,0.021289936532834175,0.06041114932292416,0.05198544320425761,0.0686227925686087,0.028114120779023786,0.02421487148933285,0.03206047530625295
0.0,gaussian,0.5,1.5184364492350666,0.012696062731418682,0.010876482986346117,0.01455987813536388,0.041800567141183194,0.03587258483939607,0.04757710955517647,0.019209742287223507,0.016522789108393436,0.02194100731962519
0.0,gaussian,0.5,1.5315264186250241,0.007718383263217649,0.006596580113035033,0.008868560174874482,0.02576211002306091,0.022046662584711503,0.029382671289935432,0.011682184981827671,0.010032893568129513,0.013360554627840424
0.0,gaussian,0.5,1.5446163880149815,0.0037899279308808206,0.003229731338072465,0.004362603425178864,0.01284447941743768,0.010958822610520991,0.014683091427775465,0.005738221894691773,0.004917539100115325,0.0065691316886858754
0.0,gaussian,0.5,1.557706357404939,0.0011003607322093518,0.0009344267309281456,0.001269243556451715,0.003802275060672802,0.0032322764008749453,0.0043604624671226624,0.0016669219140897865,0.0014240571064785014,0.001912532130119302
0.0,gaussian,0.5,1.5707963267948966,1.6325629962519198e-15,1.4934824796553624e-15,1.7722036839709276e-15,9.938951331320906e-15,9.629120829787604e-15,1.0294168063310346e-14,0.0,0.0,0.0
0.0,gaussian,2.0,0.0,0.48858795575067854,0.45590686825200544,0.5194697652068851,0.9188920548798678,0.8963219055744138,0.9398931035392559,0.6515899898232974,0.5904550892656941,0.7143537234861626
0.0,gaussian,2.0,0.01308996938995747,0.48902130012728917,0.45668703532000965,0.5195290425270729,0.9196274100909781,0.8967673494055931,0.9404196061516847,0.6563732634846654,0.5971286431679098,0.7177440831564494
0.0,gaussian,2.0,0.02617993877991494,0.4892921536342443,0.45688894119963264,0.5199360020783879,0.9202227137133452,0.8973454844842895,0.940528723435387,0.6530310979723916,0.5939951058492022,0.7139285654297578
0.0,gaussian,2.0,0.039269908169872414,0.4899570023115402,0.4570209569002734,0.5215467986596551,0.9210818121615184,0.8979812604662668,0.9415454041664689,0.6494207773526357,0.5906434770944902,0.7092009212551199
0.0,gaussian,2.0,0.05235987755982988,0.49083801526454124,0.4571099935409854,0.5223261076731882,0.9219391422509878,0.8989023659567902,0.9423072329305503,0.6477500872042531,0.5905754478759812,0.7062726303188173
0.0,gaussian,2.0,0.06544984694978735,0.49182946546091677,0.4581019362794314,0.5237300637173734,0.9218241247302427,0.8981586275445884,0.9423638233725004,0.6473351797505382,0.5927583402240578,0.7049397287155132
0.0,gaussian,2.0,0.07853981633974483,0.49126990857328584,0.45724020809503574,0.5231913813348863,0.9214882317438658,0.8979511221105974,0.9421548639259666,0.6455183297493666,0.5930685440812979,0.70209940970001
0.0,gaussian,2.0,0.09162978572970229,0.49026062629973216,0.4563497147146385,0.5224012633262951,0.9210751862892631,0.8977657434028989,0.941316478318561,0.6408982200749773,0.5895163010394873,0.6955475206454681
0.0,gaussian,2.0,0.10471975511965977,0.48946903082650767,0.4562702582926308,0.5210970775313131,0.9205309930702784,0.8969643523073909,0.9408890287205526,0.6405301754926594,0.5897585671042125,0.6942821980315093
0.0,gaussian,2.0,0.11780972450961724,0.4892093334005904,0.45520681920530404,0.521667150926545,0.9209006074868292,0.897225235410009,0.9414039554653025,0.6376288310796736,0.586772810657275,0.6910267272768291
0.0,gaussian,2.0,0.1308996938995747,0.48934961764125173,0.45571587202737707,0.5215704480677049,0.9203675519437683,0.8956785499739559,0.9411501722750514,0.6331522803084656,0.5830173766319567,0.6867033016755776
0.0,gaussian,2.0,0.14398966328953217,0.48942442018454124,0.4556182787565224,0.5217091326875903,0.9201746680759985,0.8956186767110507,0.9405793021422443,0.6312895826453472,0.5821467297979607,0.6841291828145728
0.0,gaussian,2.0,0.15707963267948966,0.4901888265372898,0.45650995535374855,0.5228161107510354,0.9193073962483743,0.8948148490803729,0.9397675464684411,0.6290098885511356,0.5801200170804967,0.6822354158259056
0.0,gaussian,2.0,0.17016960206944712,0.4896778831836542,0.4558768946044135,0.5223941308595054,0.9189497516723099,0.894266927928431,0.9394823070156656,0.628717125228189,0.5792154056143689,0.6819365719452146
0.0,gaussian,2.0,0.18325957145940458,0.489204796356607,0.4549741468187069,0.5214901567209977,0.91859411472804,0.8936809825072738,0.9394141112316352,0.6283750449360046,0.5774132332666871,0.6815455775373713
0.0,gaussian,2.0,0.19634954084936207,0.4887220162139417,0.4542654037453038,0.5208013515385492,0.9171496771251865,0.8923137260646924,0.9383918506503826,0.6219204007716292,0.5713359368723813,0.6733919744769529
0.0,gaussian,2.0,0.20943951023931953,0.48878988271969054,0.45419425104062366,0.5209812318611895,0.9164435701210527,0.8910865379459375,0.9379523197622943,0.6166167119704715,0.5665702529671898,0.6682924010550932
0.0,gaussian,2.0,0.222529479629277,0.48803514654476055,0.45270502420244046,0.5206103816989708,0.9161724836579261,0.8906401642490962,0.9375510792007523,0.6142638210912017,0.5646329809097259,0.6662195064356954
0.0,gaussian,2.0,0.23561944901923448,0.4859368134152979,0.45028931762292607,0.5188253400984164,0.9158903808855346,0.8909837039207376,0.9370102148306774,0.610427531630611,0.5605640691440266,0.661972896932162
0.0,gaussian,2.0,0.24870941840919195,0.484233245232184,0.44914875122058034,0.5172262783355519,0.9152674357278984,0.8901197078250537,0.9362145113825477,0.6068038087530526,0.5560234977079945,0.6592334462405574
0.0,gaussian,2.0,0.2617993877991494,0.4818899565291436,0.4467707625834131,0.5151545052017289,0.9143963138745944,0.8889090035459957,0.9354230245399425,0.6047993549834983,0.5531982798799184,0.6579813202590855
0.0,gaussian,2.0,0.2748893571891069,0.4808833275206763,0.44612660875761184,0.513584689826074,0.9140882781412252,0.8882067400322838,0.935150567543616,0.606453166968347,0.5537320942393577,0.6600716181484775
0.0,gaussian,2.0,0.28797932657906433,0.48067743721618106,0.44630354144624795,0.513484673961666,0.913283628952842,0.8873761887166348,0.9346173710369479,0.6067012202438694,0.5537555439791134,0.6608029886609835
0.0,gaussian,2.0,0.3010692959690218,0.4798957740539409,0.445649051026818,0.512946130189234,0.9122911765984348,0.8857665401806404,0.933784199635239,0.6074172381429188,0.5547161787050021,0.6630220931459729
0.0,gaussian,2.0,0.3141592653589793,0.4790531865028879,0.44537550470433085,0.5115501773351963,0.9115598281390839,0.8851860825083607,0.933067934898597,0.6109073169564133,0.5589573942521819,0.6662228881575922
0.0,gaussian,2.0,0.32724923474893675,0.4790532641079844,0.44653718158901584,0.5104125558439672,0.9107495186327151,0.8840711848527554,0.9322477633154376,0.6116212025377067,0.5589957476484394,0.6669156219482058
0.0,gaussian,2.0,0.34033920413889424,0.47779643229305596,0.4456904656419196,0.5093279039755942,0.9096617903271681,0.8829405209552389,0.9316588094600599,0.6111688678848923,0.5594578399903807,0.6642110099647363
0.0,gaussian,2.0,0.3534291735288517,0.47570727561446674,0.4442845198179246,0.5068161429143219,0.90905859722966,0.8822944647301445,0.9314906047790755,0.6102477045472859,0.5573496674750811,0.663659427504809
0.0,gaussian,2.0,0.36651914291880916,0.4745962269034823,0.44359274674640287,0.5056247540256724,0.9079099871627866,0.8808719060935669,0.9301071178624849,0.6061825884631518,0.5521888477800132,0.6595948073022374
0.0,gaussian,2.0,0.37960911230876665,0.4739785707220126,0.4434250466389614,0.5047267096184607,0.9074011901404627,0.8802319660748988,0.9297009930947999,0.6012991533406788,0.5450591664500593,0.6552377463907044
0.0,gaussian,2.0,0.39269908169872414,0.471999607773745,0.44178649983057766,0.5026165748633967,0.9062450256291981,0.879073591871621,0.9284724784872086,0.5943658108759278,0.5377650200646658,0.6497396116962433
0.0,gaussian,2.0,0.4057890510886816,0.4704009677929188,0.44059479157440223,0.5010861214623823,0.9046883107250148,0.8777688823599311,0.9272633759443955,0.5876237446695693,0.5294082943519725,0.6446912997368403
0.0,gaussian,2.0,0.41887902047863906,0.4682958706257359,0.43857040049653545,0.49849848021409093,0.9031243280066698,0.8759990898386707,0.9259521321894214,0.5828938288535269,0.5229380837559882,0.6418078274385066
0.0,gaussian,2.0,0.43196898986859655,0.4675313771200919,0.4379227567806232,0.49681757388772885,0.9010673059448103,0.8742672590405228,0.9240883811129899,0.5759958600849825,0.5119523867491739,0.63841115401519
0.0,gaussian,2.0,0.445058959258554,0.4664824419577081,0.43731222322847196,0.49559699356294085,0.8993850649188437,0.8725544925148533,0.9221915878708085,0.5666745920066025,0.49877181789422037,0.6334670125484991
0.0,gaussian,2.0,0.4581489286485115,0.4635410528497286,0.43515834156238675,0.4924097022596061,0.8973241576467088,0.8707472280447037,0.9199845598831379,0.5610647198109153,0.4901918565380545,0.6296081586116252
0.0,gaussian,2.0,0.47123889803846897,0.45998380882619055,0.43188157046168246,0.48829192710934854,0.8953280480424262,0.8690993585351331,0.9178726514495695,0.5587654767503881,0.48761890506649197,0.6279929269001738
0.0,gaussian,2.0,0.4843288674284264,0.457266417211654,0.42983146347260154,0.48479389995227246,0.8943650714776218,0.868023857533606,0.916792877008649,0.5573555629372572,0.4861211855551787,0.6257558684549697
0.0,gaussian,2.0,0.4974188368183839,0.4555325395108396,0.4286442581092444,0.4827935710840437,0.8929543483912958,0.8665540667260255,0.9156192832835796,0.5545157009299378,0.4824858385530972,0.6240124922244844
0.0,gaussian,2.0,0.5105088062083414,0.45495067930702054,0.42781404423970115,0.4826838155931121,0.8913939522357514,0.8656025286310717,0.9137942547750144,0.5511845326855186,0.48000949623986794,0.6211261262379052
0.0,gaussian,2.0,0.5235987755982988,0.45234773842557563,0.42450678003816467,0.4803207657580809,0.8894212958543132,0.8640318095473978,0.9117457178889832,0.5480385752070942,0.48033596267107476,0.6157362389075893
0.0,gaussian,2.0,0.5366887449882562,0.44991156354837347,0.42196535293009435,0.4778952654396472,0.888487090022696,0.8631707495899814,0.9111926025872491,0.5467273221588187,0.47919875446346777,0.6135060831321717
0.0,gaussian,2.0,0.5497787143782138,0.44791955494717245,0.41902153771903056,0.47701460018315905,0.8886198330561892,0.8634394378214238,0.9113649785800124,0.5448834121932905,0.47646516159287744,0.6124535205314822
0.0,gaussian,2.0,0.5628686837681712,0.444758442219729,0.4159196149899314,0.47374641399616324,0.8866839707038308,0.8619647806787277,0.9090118469811473,0.5407171741216708,0.47448691051333824,0.6067205798833897
0.0,gaussian,2.0,0.5759586531581287,0.44311087439378555,0.41385882232217025,0.4722992409908601,0.8845262782824331,0.8608413979415136,0.9062672365436852,0.5365592324528895,0.47237772597622996,0.6013894269546545
0.0,gaussian,2.0,0.5890486225480862,0.4417836192276137,0.41354901621945234,0.47072481439835817,0.8824655408985973,0.8586577355519663,0.9041345927070269,0.5342764515367263,0.471935395215238,0.5972774852697903
0.0,gaussian,2.0,0.6021385919380436,0.4379422151854346,0.40952687813578825,0.46672219930381587,0.8805631223577328,0.856494819297111,0.9026422959315706,0.5315726670804735,0.4702637256992525,0.5942970991226408
0.0,gaussian,2.0,0.6152285613280011,0.4344348221925296,0.4061007929116247,0.4632910480502112,0.8787481684138543,0.8546244581587409,0.9006069294090694,0.5264885796647294,0.4670468570675614,0.5884018364796619
0.0,gaussian,2.0,0.6283185307179586,0.43208738309250627,0.4035164189227873,0.46052937664893906,0.8767196336703439,0.8526502988354772,0.8989089474301676,0.5230770074200595,0.462991523885069,0.5852229843655545
0.0,gaussian,2.0,0.6414085001079161,0.4303575487029179,0.4020250130924148,0.45907512413103674,0.8743333276620983,0.8497199415392873,0.8966757928747903,0.5196445471155146,0.4590135361134343,0.5819630782658461
0.0,gaussian,2.0,0.6544984694978735,0.4271900925207244,0.3983845869045213,0.45646726030265583,0.8712197227614756,0.8450712412812659,0.8948359325914733,0.5200519160664455,0.45920943812614673,0.5807257018124391
0.0,gaussian,2.0,0.667588438887831,0.42273953937985304,0.3939647755642003,0.4516809643108459,0.8669495539502252,0.8395197301199413,0.891911855632185,0.5207871533738271,0.4592037772742837,0.5808308951024188
0.0,gaussian,2.0,0.6806784082777885,0.4206984909785528,0.39249080091888794,0.45012660115573,0.8628516614372409,0.8347705404546563,0.8887868968642647,0.5213824753886271,0.46053947829126973,0.5829319391540766
0.0,gaussian,2.0,0.6937683776677459,0.417976280907314,0.3892672567661534,0.44733014733402465,0.8609219420910629,0.8329380909939965,0.887062664427889,0.5192965069372931,0.4591361994790855,0.5806638461066354
0.0,gaussian,2.0,0.7068583470577035,0.4139516358363675,0.38527593123754916,0.4442763879456855,0.856857421736206,0.8280972143582754,0.8836673573387348,0.5197090610579345,0.4607254988167939,0.5806979761356854
0.0,gaussian,2.0,0.7199483164476609,0.41025774387430497,0.38182038978703847,0.4408708291938878,0.8545897824878365,0.8264870284522905,0.8813140897004064,0.5191081565730195,0.460564573869835,0.5798179146722199
0.0,gaussian,2.0,0.7330382858376183,0.4057642164461632,0.37608190084864707,0.4367863067257097,0.8510380148704155,0.8235652979582311,0.8779346544727964,0.5196522830421008,0.46265429269447605,0.5799966752676242
0.0,gaussian,2.0,0.7461282552275759,0.4016378784518159,0.3725086184197529,0.4330599123324052,0.8467660668745993,0.8191731503178775,0.8738533582467934,0.5215960470588541,0.4653719389006695,0.5809433557818143
0.0,gaussian,2.0,0.7592182246175333,0.3965619344389358,0.3676601509059808,0.42776016492571384,0.8429565836087036,0.8157436504022461,0.8701624432805082,0.5197955365132015,0.4633235182427724,0.5794399113208796
0.0,gaussian,2.0,0.7723081940074907,0.39189317687851827,0.3636325132957304,0.422743788889017,0.838851917345214,0.8108706662539243,0.8664692348310796,0.5172249449563304,0.45999817443311514,0.578484484992544
0.0,gaussian,2.0,0.7853981633974483,0.38814930488194604,0.36064307360659126,0.4187993879119843,0.8330991191237351,0.8052245301806698,0.8616057661015896,0.5168549032602322,0.4582169124310303,0.5793831860526671
0.0,gaussian,2.0,0.7984881327874057,0.38360521863131103,0.3563037095163964,0.4139544435919077,0.8275993398151419,0.7997048720912506,0.8567097385518869,0.5121755137124834,0.4528146410857776,0.5753128696069912
0.0,gaussian,2.0,0.8115781021773631,0.3806580945725277,0.3528563280537943,0.4111627570980638,0.8232931521651164,0.7945651366180907,0.8531536660839616,0.5062629255282707,0.44759380726596026,0.5688937199919213
0.0,gaussian,2.0,0.8246680715673207,0.37816224452318953,0.3507763723448799,0.40858827652047686,0.8191966644528321,0.7904613422038008,0.8489235621732034,0.4987706189169869,0.4425820941918277,0.5597164523594051
0.0,gaussian,2.0,0.8377580409572781,0.37481741786888323,0.3473820144877518,0.4050909730229675,0.8139428465916834,0.7843781016016073,0.8440114688882387,0.48919338748559404,0.432496457682356,0.5501855171550213
0.0,gaussian,2.0,0.8508480103472356,0.3707650832267651,0.3432823611953242,0.4011374628417597,0.8108124820881651,0.7812287988677736,0.8413744698900917,0.4785447282823911,0.4197949144502955,0.5417159367663643
0.0,gaussian,2.0,0.8639379797371931,0.36549090693976694,0.3384466260386862,0.39488436679879835,0.8074295331157278,0.7766537241324057,0.8381910582176181,0.46663603460673114,0.40653570148499846,0.5303176556113303
0.0,gaussian,2.0,0.8770279491271505,0.3621850097622674,0.33508217712742505,0.39227598345602094,0.8016432169534932,0.7706735151719798,0.8331668881384177,0.45855773026740915,0.39859417130944247,0.5220300725579414
0.0,gaussian,2.0,0.890117918517108,0.3577604085419277,0.3307318554770195,0.3877101537694942,0.7964755985493395,0.7641961388664639,0.8285764557766886,0.44433957115643413,0.3843878012102964,0.507646198938266
0.0,gaussian,2.0,0.9032078879070655,0.35435572906626667,0.32641906121135267,0.38516919240551367,0.7915000044074855,0.7591736927490974,0.8239337077358636,0.43146245148442874,0.3713247389249775,0.49433884470302836
0.0,gaussian,2.0,0.916297857297023,0.3505578291204603,0.3222172221028896,0.381377016317614,0.7881241322859679,0.7557114798023241,0.8200692431319395,0.423348044007712,0.36336556643666407,0.48621818996420224
0.0,gaussian,2.0,0.9293878266869804,0.3481138618201267,0.31937259423873415,0.37948544784237326,0.7849303699292095,0.7516867285476884,0.8177550404722239,0.41503784505661345,0.3554511020606602,0.47625780517245053
0.0,gaussian,2.0,0.9424777960769379,0.34422084277719417,0.31624012829826736,0.3743872724227997,0.7799148488521065,0.746066545622427,0.813677877956305,0.4072094689270364,0.34951191545828675,0.4678525121456268
0.0,gaussian,2.0,0.9555677654668954,0.34080584114047857,0.3134484116080927,0.3706552923099669,0.7747100571736518,0.7403169161314991,0.8089014205757451,0.39992186217352765,0.3420804098871563,0.46032573853073866
0.0,gaussian,2.0,0.9686577348568528,0.33714925238214916,0.3093411569921766,0.36702854568927734,0.7687234457941234,0.7341009398909223,0.8036356693478253,0.39380671526667604,0.3341194672238148,0.4561857378598674
0.0,gaussian,2.0,0.9817477042468103,0.33254229384542294,0.30384405646835766,0.36279329395159665,0.7622167438140468,0.7267494195995795,0.797789457637374,0.3863369719112195,0.3282339262940951,0.44847204789265943
0.0,gaussian,2.0,0.9948376736367678,0.32646678412286273,0.29830813650307864,0.35604552111429016,0.7548455706470221,0.7189135903520567,0.7910238531277671,0.37883875550649093,0.3217548673034368,0.4402895213519842
0.0,gaussian,2.0,1.0079276430267252,0.3208032279600161,0.2926901831360443,0.35101082701820846,0.7476075549256128,0.7112194209386655,0.7848501158706457,0.37096858834599306,0.3141756563435057,0.43268242461891226
0.0,gaussian,2.0,1.0210176124166828,0.316264914232499,0.2878476272596835,0.3461643694437721,0.7398670540717625,0.7029290951855105,0.7784120277277903,0.3642830999909979,0.3083618359745678,0.424721230570975
0.0,gaussian,2.0,1.03410758180664,0.3126928656893576,0.2844834969774153,0.3420781251965723,0.7319245104713398,0.694459019127637,0.7707690967766833,0.35373295659981957,0.2974496763969833,0.41378970865607195
0.0,gaussian,2.0,1.0471975511965976,0.306369221797592,0.2786208091785802,0.33576235014699757,0.726219112577144,0.6875861214092086,0.7659709134751236,0.34418598943330775,0.28770044007430406,0.40409081658954343
0.0,gaussian,2.0,1.0602875205865552,0.30076813150549936,0.27287097807968835,0.3303103886908191,0.7187086181191717,0.6786821375689992,0.7594171475231285,0.3314353458738895,0.27487016196018055,0.39096175647056014
0.0,gaussian,2.0,1.0733774899765125,0.29616048627010727,0.26864489789559953,0.325460553189369,0.7083615559107335,0.6671434603782133,0.7503069441178251,0.3219769470518683,0.26681635016341626,0.3809379222599769
0.0,gaussian,2.0,1.08646745936647,0.2906588647370894,0.26361502535437226,0.3201487940772755,0.7019184887379001,0.6601924689930058,0.743873562191258,0.3141366198119863,0.26108752041385036,0.37178117020510754
0.0,gaussian,2.0,1.0995574287564276,0.28565570371311744,0.25829493214758786,0.31504140924743557,0.6955770303379714,0.6538004134154575,0.7387056587453888,0.30704128710767414,0.2563118433587087,0.362641955263795
0.0,gaussian,2.0,1.112647398146385,0.280967091633219,0.2542261844597084,0.31001280849660784,0.6897896531898303,0.64669893975449,0.7332925423045955,0.3047316314938784,0.25398038313735866,0.36051438863057506
0.0,gaussian,2.0,1.1257373675363425,0.2762879771202735,0.24900317230283855,0.3050970442459734,0.6824416450083839,0.6389954201593662,0.7264420209074447,0.30036105591022827,0.25018407592820946,0.35656288871327385
0.0,gaussian,2.0,1.1388273369263,0.2707778147111578,0.24356175572764138,0.29989581037453567,0.6754829334060864,0.6314485160371338,0.7205385497143083,0.28966632470324316,0.24226987467088926,0.3427197552277175
0.0,gaussian,2.0,1.1519173063162573,0.2664652389737973,0.23895209810424586,0.29582683384763003,0.6676887493096318,0.6224971779694106,0.7139967806787467,0.2817203127032088,0.2365847290270239,0.3324135541817352
0.0,gaussian,2.0,1.1650072757062149,0.26067831667060576,0.23322331495414775,0.2905691012509233,0.6603802871076339,0.6149863005850025,0.7072781539250257,0.273336222554176,0.22787889080144594,0.32543779955667324
0.0,gaussian,2.0,1.1780972450961724,0.2559304503483018,0.2284609730261439,0.28572250192768467,0.6518192699338696,0.6034933688107965,0.7006519745301026,0.265120357751054,0.22035099151083853,0.31679636526691546
0.0,gaussian,2.0,1.1911872144861297,0.25034082082476955,0.2227083155190413,0.28016741822174396,0.643257297152982,0.5927835311688348,0.6939466054659142,0.25625699969051563,0.2132387626891886,0.3068928049032534
0.0,gaussian,2.0,1.2042771838760873,0.24408222159892187,0.21707864656075312,0.2724003664559299,0.6336561760111578,0.5815718928740794,0.6847485682070963,0.24861818478977069,0.20575460625610204,0.29741854693834235
0.0,gaussian,2.0,1.2173671532660448,0.2372583845839733,0.21072580886205988,0.264933680905111,0.6218652900910816,0.5689110158862707,0.6743678757956681,0.24085438488964808,0.2004759330271952,0.28796463785989596
0.0,gaussian,2.0,1.2304571226560022,0.23020323668016496,0.20364094706211477,0.25792432855933856,0.6095862255386775,0.5557145204174451,0.6635015025710734,0.2345458415401738,0.1953934000319424,0.27906124997354553
0.0,gaussian,2.0,1.2435470920459597,0.2229111156534592,0.196281323000913,0.25059109907957916,0.5962654873952787,0.5408894518912841,0.6524323541606263,0.22800210191462386,0.1891285154716259,0.2712414988038826
0.0,gaussian,2.0,1.2566370614359172,0.2155819703391126,0.1892484134718337,0.2429225540662379,0.5830548221468907,0.5270094261073192,0.6418721726600407,0.21952667698615258,0.18213465906166618,0.26066373541774
0.0,gaussian,2.0,1.2697270308258746,0.20826700688425978,0.18211865660007442,0.2358063092268039,0.5695219811171536,0.5119660132565692,0.630279032849992,0.21288460366484585,0.17605656947471085,0.2535103309495325
0.0,gaussian,2.0,1.2828170002158321,0.201854987169512,0.1757371611748631,0.22931869484676423,0.556391409498746,0.4969722595176891,0.617918159857839,0.20200719057035463,0.1675590563279764,0.2398245308820677
0.0,gaussian,2.0,1.2959069696057897,0.19538919276169744,0.16903774839343563,0.2225885448616839,0.544139406521981,0.4836619213967912,0.6070699398155299,0.19160015631870944,0.15850541887345188,0.22855375687513024
0.0,gaussian,2.0,1.308996938995747,0.18885103837036074,0.16277391258737992,0.21589521628260017,0.5308155585579294,0.46946398144581086,0.5958332630354065,0.18041805435848826,0.14890893926153567,0.21613683105304296
0.0,gaussian,2.0,1.3220869083857045,0.18209189518940858,0.155981691446167,0.2094203233653767,0.5165300547513317,0.45432361152688644,0.5820894756345325,0.17048108463043674,0.13948663699986855,0.20450742065654365
0.0,gaussian,2.0,1.335176877775662,0.17486432662363152,0.14927429758606842,0.20143193510054455,0.5010783089675769,0.4381436076518334,0.5661267378748143,0.16071901582499074,0.13189789177158617,0.1930124902581202
0.0,gaussian,2.0,1.3482668471656194,0.16706031125821588,0.1418898386713467,0.19312447154501325,0.4841554495622111,0.4207440661213757,0.5508763009832516,0.1491162198496455,0.12215768071706637,0.17955312494844275
0.0,gaussian,2.0,1.361356816555577,0.15814513357436635,0.1336878568902005,0.1831724129401212,0.46494768472727704,0.401470715026166,0.5319097258432505,0.13729937561877523,0.11203447160753459,0.16633328039167036
0.0,gaussian,2.0,1.3744467859455345,0.1486552269627164,0.12510737660367663,0.17286701264464185,0.44287933759835024,0.3791373218858643,0.5096635082285224,0.12598177546830552,0.10228817814828353,0.15345626688305086
0.0,gaussian,2.0,1.3875367553354918,0.13858116231946047,0.11574561048219605,0.16206437090280404,0.4185485537753176,0.3557933632281715,0.48521160968113536,0.11431346169885538,0.09273226695923688,0.1396647796514679
0.0,gaussian,2.0,1.4006267247254494,0.12815329697951264,0.10658088574167378,0.15020393990198325,0.39192447701121486,0.33119039081136753,0.45680396752704794,0.10259415000006479,0.08298108329782049,0.12538968863162026
0.0,gaussian,2.0,1.413716694115407,0.11737787560023931,0.09686901649990481,0.13850124411333334,0.36373030013063484,0.304220819337216,0.42724550084816715,0.09195908133723801,0.07385579056734905,0.112889868261599
0.0,gaussian,2.0,1.4268066635053642,0.10606530807688574,0.08687718323800657,0.1255728276067858,0.3335360194515286,0.27632749335823564,0.3944836290437836,0.08118709894877534,0.0646476292083847,0.1000650703824672
0.0,gaussian,2.0,1.4398966328953218,0.09415616502933923,0.07663206537159438,0.1120868467603935,0.30076154974055136,0.24686501183074164,0.35756535169093184,0.07065223122447337,0.055647951753711476,0.0874524607704815
0.0,gaussian,2.0,1.4529866022852793,0.08220024833973971,0.06668321053866458,0.09839007412503062,0.2663191097527996,0.21734839849070628,0.31852022483811143,0.06032431986758673,0.04714143326629148,0.07517984498404404
0.0,gaussian,2.0,1.4660765716752366,0.07001548750563721,0.05664548191489006,0.08399655103873693,0.23052431919848146,0.18703470820651016,0.27749786724687475,0.05008977696085506,0.03888779414759487,0.06284957705649341
0.0,gaussian,2.0,1.4791665410651942,0.057941231947547446,0.04657318522511224,0.06980307415940075,0.1933976293304246,0.1553262309493342,0.23440662220954261,0.04051097268630715,0.03128768757551331,0.0511346825346977
0.0,gaussian,2.0,1.4922565104551517,0.04617546947086496,0.03690401252257741,0.05584651552142132,0.15631818311692797,0.12454694677054598,0.19061245152952544,0.03157126481030181,0.02419805158410969,0.04009641156939144
0.0,gaussian,2.0,1.505346479845109,0.03494044428411782,0.02772367167811863,0.042444878204320795,0.11990193223018097,0.09494748908898076,0.14721732691130066,0.023392541986080373,0.017895465944807024,0.02984961969259588
0.0,gaussian,2.0,1.5184364492350666,0.024573588858147657,0.0194095965912695,0.029932680317630734,0.08541651723289673,0.06715307339744733,0.10555918147552518,0.01609282227476339,0.012231415464263573,0.020653331969785867
0.0,gaussian,2.0,1.5315264186250241,0.015382906869949005,0.012083520044081425,0.018845585318468038,0.05423293698753066,0.04239533292116899,0.06736394761865508,0.00984478598699969,0.00743483171658664,0.012696809795779392
0.0,gaussian,2.0,1.5446163880149815,0.007798181835577458,0.006079239738464748,0.009618772846661105,0.027876236190756475,0.02163991928261348,0.03481852302181511,0.004858134394433227,0.003645859678479443,0.00630341061598478
0.0,gaussian,2.0,1.557706357404939,0.0023515537221802285,0.0018185415191821401,0.002916892378033514,0.008543979830733529,0.006581416143560529,0.01075201684950646,0.0014153148391966152,0.0010558867262499584,0.0018474099923829527
0.0,gaussian,2.0,1.5707963267948966,1.5865299660394711e-15,1.4308560402034128e-15,1.7553211541520969e-15,9.900054446805716e-15,9.499173984857598e-15,1.0337534505651436e-14,0.0,0.0,0.0
0.0,gaussian,10.0,0.0,0.1934220324256717,0.1642264907398078,0.2222778061398039,0.5590742651200317,0.4900432754659115,0.6251719360719317,0.11850073780794441,0.08982581997208107,0.15239909296972104
0.0,gaussian,10.0,0.01308996938995747,0.19425487590458443,0.1651386741081662,0.22274701496018934,0.5586603231043774,0.48985584090396966,0.6241625574593703,0.11634698442699709,0.08812830815762017,0.14975430267217008
0.0,gaussian,10.0,0.02617993877991494,0.19628427318792385,0.16710318862759277,0.22512512811497254,0.563204458232103,0.49575613176761857,0.6275608803914466,0.11379568348225762,0.086402154429092,0.14756626827921443
0.0,gaussian,10.0,0.039269908169872414,0.19586738651139232,0.16628702186935368,0.22456419523538385,0.5638980518383573,0.4959870143543555,0.6279007359003216,0.11394922888498205,0.08579573699677139,0.1477883056269251
0.0,gaussian,10.0,0.05235987755982988,0.19648835468976325,0.16672335339999553,0.2250105851987726,0.5651199583177826,0.4965880230771119,0.6295016982682913,0.11649889001848181,0.08700222368019814,0.15141108283084234
0.0,gaussian,10.0,0.06544984694978735,0.1982101485930675,0.16860780302144754,0.22729723518926095,0.5679268347518366,0.501537683263172,0.6308799969142169,0.11865440072137635,0.08842559868865588,0.1552656266148726
0.0,gaussian,10.0,0.07853981633974483,0.19872385106421395,0.16850492882568693,0.2279296557126483,0.5678741453924522,0.5009141973915939,0.6316549582353854,0.12010915158126927,0.09041985953067831,0.1558863168472791
0.0,gaussian,10.0,0.09162978572970229,0.1976738453001693,0.16811265848583662,0.22679122309717567,0.5662439765785237,0.4990200259897128,0.6293363968191218,0.1195315745948028,0.0893167112378309,0.15457134446499166
0.0,gaussian,10.0,0.10471975511965977,0.19747095198372186,0.16786363738185434,0.22701137908811164,0.5650596716863203,0.4976093837199485,0.6282561288516366,0.12133303773345168,0.08970415438286758,0.15841448731566804
0.0,gaussian,10.0,0.11780972450961724,0.19645052259950938,0.1664594498203519,0.2260634557077146,0.5647964220543824,0.496153704440639,0.628548513899403,0.12131356463793608,0.08927107641838432,0.158156435944919
0.0,gaussian,10.0,0.1308996938995747,0.19696522537202674,0.16707478099281653,0.22628429524829444,0.5631015505775675,0.4951846988319179,0.6260023644559585,0.1238877550183856,0.09155324813476828,0.16142070085762292
0.0,gaussian,10.0,0.14398966328953217,0.1965598555413547,0.16721450535022397,0.22551632337272293,0.5617214376333849,0.49452989547396253,0.623754288055785,0.12596408924617927,0.09262965024063426,0.16536955291829228
0.0,gaussian,10.0,0.15707963267948966,0.1959742213671447,0.1666730812663714,0.22457574512531003,0.5598184056432524,0.49121443464433445,0.6227320884311242,0.12325990779893403,0.09036165580593644,0.16253995113471198
0.0,gaussian,10.0,0.17016960206944712,0.19651275388998757,0.16704371402929694,0.2255896605635382,0.5589950495384163,0.49006780597520105,0.6215502380935174,0.1204670923121372,0.08680015705424024,0.16074522607460104
0.0,gaussian,10.0,0.18325957145940458,0.1961311325737534,0.1665423264264841,0.22536984498133886,0.5581828051913483,0.48903035160967595,0.6203429841490078,0.11961403199376631,0.0863854263544788,0.16008505198315381
0.0,gaussian,10.0,0.19634954084936207,0.1956906658385438,0.16632766361242063,0.22521036671033637,0.5577626401808473,0.4883039907340814,0.6215275712645911,0.11996041562846159,0.0868792813512549,0.15901635733936242
0.0,gaussian,10.0,0.20943951023931953,0.1944817546877967,0.16530640170698516,0.22391639240545338,0.5554202022937961,0.4853887947257217,0.6214856030271778,0.12441232098269077,0.09182866111761295,0.16246385227985102
0.0,gaussian,10.0,0.222529479629277,0.1919705558823813,0.16355950871331298,0.22040042522971656,0.5516231395468681,0.480807997131059,0.6175281432788009,0.12586836913503485,0.09431824994505308,0.16200626990734765
0.0,gaussian,10.0,0.23561944901923448,0.1893522310506948,0.16052080539239286,0.21772865854264312,0.5485659871923211,0.47838281248126757,0.6144727201311003,0.12213945120991147,0.09227903118294156,0.1572432757200952
0.0,gaussian,10.0,0.24870941840919195,0.18806248627831468,0.15923202109489576,0.2162113054098406,0.5457592921079757,0.47570502519157365,0.6100580787593368,0.11770681260027066,0.08862767696190658,0.1539175224078357
0.0,gaussian,10.0,0.2617993877991494,0.18744188494163896,0.1584802213842535,0.21508984768486542,0.5441474607848692,0.4748846092152432,0.6090382569166867,0.11181017577280411,0.08336877450193539,0.14792669870227868
0.0,gaussian,10.0,0.2748893571891069,0.18701041171428923,0.15848578435852376,0.21477570396651308,0.5416496304015207,0.4726803878955278,0.6054403725912683,0.1082587644771159,0.08035885707063317,0.14369398501598202
0.0,gaussian,10.0,0.28797932657906433,0.18747381111464959,0.15854134843911993,0.2152759411769786,0.5404002605343228,0.47090258586362255,0.6037646855108988,0.10918728084560987,0.08016279395291707,0.1451938783142229
0.0,gaussian,10.0,0.3010692959690218,0.18724324885770682,0.15865848302072036,0.21429231849280259,0.5401142959655018,0.4712698455952187,0.6025148686180175,0.11054621748804028,0.0807855060095465,0.14518741683955064
0.0,gaussian,10.0,0.3141592653589793,0.18581862447158606,0.15801398021420476,0.21300376609574354,0.5386382630813046,0.46954738250735095,0.6007979799614669,0.11176471102168874,0.08109653375312394,0.1473694376468564
0.0,gaussian,10.0,0.32724923474893675,0.18579433894920552,0.1574405241258219,0.21292873528128184,0.5376286732352258,0.4680114556525018,0.6000738074835911,0.1140587291924942,0.08212455970497788,0.15152876223169554
0.0,gaussian,10.0,0.34033920413889424,0.18600886916665305,0.15730728900036975,0.21351474553134656,0.5350264571754673,0.4654807860786107,0.5979092820737959,0.11799857219754079,0.08474863176143363,0.15653369644794418
0.0,gaussian,10.0,0.3534291735288517,0.18590529980375112,0.1565863519539248,0.21377135570359296,0.5313772736394199,0.462204936182057,0.5954702532749003,0.11662890334587478,0.08458178838785316,0.15420687499613636
0.0,gaussian,10.0,0.36651914291880916,0.18420452719405975,0.1547620215025484,0.21241494185243612,0.5292343182059488,0.45777482874336256,0.5956397058943803,0.11509148878923196,0.08235890068809938,0.15330068645715228
0.0,gaussian,10.0,0.37960911230876665,0.18277798470445494,0.15306791913928838,0.21113175337261808,0.5263848791011126,0.45450203808629963,0.5938768245023237,0.11483902123319474,0.08094987037431543,0.15477697379885652
0.0,gaussian,10.0,0.39269908169872414,0.1819409638051195,0.15185992782433202,0.2107483809535109,0.5238245474294446,0.4517630898110652,0.5921049003643583,0.11795366572118149,0.08263191867127938,0.1607018736387545
0.0,gaussian,10.0,0.4057890510886816,0.18142080635360444,0.15102414700102965,0.21112042987163177,0.5189876271684909,0.445667544958747,0.5889642132986036,0.11803955947060961,0.08204387817935957,0.1613655486989222
0.0,gaussian,10.0,0.41887902047863906,0.1802593087342723,0.14974249112016533,0.2106787891443099,0.5180424851002182,0.44529840801180043,0.5879890494297151,0.11623796605079846,0.08070503917005183,0.15886641365331272
0.0,gaussian,10.0,0.43196898986859655,0.17914605520723684,0.14918024251631265,0.20933418087995262,0.5153560272722195,0.442423895829432,0.5856042460238545,0.11453782475472185,0.08034598858875493,0.15616975930161142
0.0,gaussian,10.0,0.445058959258554,0.17745967822941586,0.14708455497776596,0.20758827769160823,0.5121968032054978,0.4389322331368703,0.5822123482429744,0.10892923398361133,0.0768411956411373,0.14852364374265822
0.0,gaussian,10.0,0.4581489286485115,0.17622636725700147,0.14590813978488443,0.20618119018284434,0.5107316638714571,0.439738528534781,0.5800469658829434,0.10645947380465344,0.07544650132485385,0.14514573141375003
0.0,gaussian,10.0,0.47123889803846897,0.17554977171819852,0.14557225072194283,0.20514489013158954,0.5081167777644519,0.4370031755056768,0.5767712760922941,0.10579490505731916,0.07510086831508629,0.14326031421297014
0.0,gaussian,10.0,0.4843288674284264,0.174774144675477,0.14504538375364276,0.20421929891147209,0.5039163257353986,0.43336670857051013,0.5723553132852738,0.10677703380070014,0.07509547040999706,0.14540667236853624
0.0,gaussian,10.0,0.4974188368183839,0.174715471635248,0.1452320192821797,0.20464674353917942,0.501942978954854,0.431622133560856,0.5704792366609426,0.10687501827694702,0.07370388834480274,0.14855516995889392
0.0,gaussian,10.0,0.5105088062083414,0.17257760133118152,0.1432689682816595,0.20181433784998246,0.49848717302197043,0.4277816072653093,0.5679850237810604,0.10686940612595681,0.07297259313651842,0.1500796695649933
0.0,gaussian,10.0,0.5235987755982988,0.17255661651315754,0.14338828806130596,0.20175861513705842,0.49768893999624136,0.4266867608135657,0.5679070858627281,0.10522553612982832,0.07112872637909477,0.1485992476658736
0.0,gaussian,10.0,0.5366887449882562,0.17165110403976905,0.14277567924848458,0.20134526595579627,0.49606501400360165,0.42565606188424143,0.5667996080258143,0.10486393646678384,0.07041820278874682,0.14794986898136553
0.0,gaussian,10.0,0.5497787143782138,0.17027017094481892,0.1421415120721798,0.1996062464045204,0.4921865096999419,0.42175958632786936,0.5640589728903392,0.10300971496329563,0.06809639895141616,0.1471318286398306
0.0,gaussian,10.0,0.5628686837681712,0.16753028716738647,0.13936678983819364,0.19649751502449858,0.4884756118359441,0.41827827373806514,0.5603799647875793,0.100077641873222,0.06704076862817679,0.14335599686443828
0.0,gaussian,10.0,0.5759586531581287,0.16707283739659654,0.1389910056134172,0.1961115032708119,0.4856106224353714,0.4155674897092382,0.5571590079876048,0.09937690937510353,0.06736894228143618,0.14236349140821306
0.0,gaussian,10.0,0.5890486225480862,0.16497970223727673,0.13693771322448253,0.1944167293266627,0.4825564403176928,0.4118693992923898,0.5542036737406888,0.09908874608191844,0.06818926901360403,0.14092047673097943
0.0,gaussian,10.0,0.6021385919380436,0.16307443154931506,0.13535488648323074,0.19237772871733244,0.47765979942794345,0.4080826239758995,0.549266209601117,0.09849998334756194,0.06801697382775751,0.14014225485092766
0.0,gaussian,10.0,0.6152285613280011,0.16134296539657836,0.13349564711671355,0.1910110802245922,0.47492954967841694,0.40565970208088425,0.5469573828269362,0.0985899306652004,0.0680597750484774,0.14035800531377363
0.0,gaussian,10.0,0.6283185307179586,0.16000928567511233,0.13305790260068104,0.1887863824808648,0.47230442903685715,0.40270537028745146,0.5446458258321043,0.0996095660392784,0.06876408461374754,0.14243683981864622
0.0,gaussian,10.0,0.6414085001079161,0.1591104929565235,0.13209117066728335,0.1876683343581613,0.4681973681381317,0.3976392392979511,0.5404409906691476,0.09856705496363077,0.0670653928420972,0.1416274085529268
0.0,gaussian,10.0,0.6544984694978735,0.15759292626145135,0.13047186276297373,0.187130682617724,0.46463674065254185,0.39379674723602553,0.5378652481701308,0.09566087872828184,0.06335293237326078,0.13906447309159561
0.0,gaussian,10.0,0.667588438887831,0.15529703594304448,0.12843880726339282,0.18470727185458435,0.461824355376561,0.3915494487529324,0.5350918795849733,0.09450469092177043,0.06115435556241779,0.1382865585041525
0.0,gaussian,10.0,0.6806784082777885,0.15467257584226202,0.12723057093662474,0.1848252305363025,0.4570099110018521,0.3868501072486893,0.5302622736541767,0.0933830408424014,0.05877327080982953,0.13789956350191812
0.0,gaussian,10.0,0.6937683776677459,0.15346900098544217,0.12645708929249758,0.18368580344013927,0.45286736663381294,0.38385637662681293,0.5255852233245054,0.09282283915769045,0.05715304808645142,0.13880243200759335
0.0,gaussian,10.0,0.7068583470577035,0.1507281324327902,0.12391422399709622,0.18135593907889416,0.44715335459050176,0.37706446725384796,0.5196737580999597,0.09226564313956864,0.056395414924503486,0.13777384888550792
0.0,gaussian,10.0,0.7199483164476609,0.1495603198458261,0.1231526497545584,0.1799495958993143,0.44462392763052777,0.375109155849846,0.5180152306551833,0.09110906097657233,0.05564605067858137,0.1371409131070327
0.0,gaussian,10.0,0.7330382858376183,0.14818087901314533,0.12247438587060228,0.1783344094158108,0.44092921592395534,0.3723116379723579,0.5130179526412318,0.09168414765027107,0.05546567336990615,0.13910045670906127
0.0,gaussian,10.0,0.7461282552275759,0.14834448446093695,0.12216806395908833,0.17804927407641238,0.4410192983554187,0.37045637266019205,0.5147670840394359,0.09283427587727056,0.05691380648255776,0.1394191133801069
0.0,gaussian,10.0,0.7592182246175333,0.14636072254410165,0.12061674580935783,0.1755868837962743,0.4370929544386883,0.3678193582504048,0.5101298080928615,0.09289039180513613,0.058262069967946764,0.13745990329125315
0.0,gaussian,10.0,0.7723081940074907,0.14424523286161367,0.11908507767961042,0.1731386285480912,0.43655273611508427,0.36597625762365477,0.5100837949155645,0.09140935554193058,0.0580630481177366,0.13497540129626606
0.0,gaussian,10.0,0.7853981633974483,0.14355525921176573,0.1184743842325331,0.17226185806515484,0.43222569519740933,0.36291667618092854,0.5061605377373121,0.08923502265624401,0.05730321786723353,0.13126604904665787
0.0,gaussian,10.0,0.7984881327874057,0.14238173367405654,0.11719373603815278,0.17156662079469337,0.4284328738129654,0.3599104425723464,0.5011418530107461,0.08836813733088783,0.055942190942376374,0.1301877083420467
0.0,gaussian,10.0,0.8115781021773631,0.14051450651335567,0.11525111033325024,0.16929242315099935,0.4233020723931902,0.35602777572232275,0.4955210278256356,0.08733409658720981,0.05507757153894084,0.12967297155552654
0.0,gaussian,10.0,0.8246680715673207,0.13929524569069207,0.11357585417030608,0.1694777590833565,0.4158240842387566,0.34885144451560396,0.48842815036762693,0.08722225515168754,0.05509179486500969,0.1296887074704285
0.0,gaussian,10.0,0.8377580409572781,0.13711728185148994,0.11119233461680227,0.16743582150392855,0.41131020014497727,0.3445892920391501,0.4855176117151775,0.08679875443347344,0.05435062736014331,0.1292565980078957
0.0,gaussian,10.0,0.8508480103472356,0.134439571382952,0.10893027689243807,0.1644563554701595,0.40328876644718203,0.3368393186676188,0.4770710230019221,0.08722046499877806,0.05421869098368879,0.1308684750947082
0.0,gaussian,10.0,0.8639379797371931,0.1328042061939834,0.10660029071990831,0.16325745132428984,0.3996472946659104,0.33293593383267484,0.47421433300992455,0.08672339586884521,0.05329767001292734,0.13161396189604813
0.0,gaussian,10.0,0.8770279491271505,0.12991875881544346,0.10488745681418055,0.159285780617168,0.39460446542502076,0.3284216299824356,0.4680619019612696,0.08362352745517675,0.050804308620109644,0.12847495289900415
0.0,gaussian,10.0,0.890117918517108,0.12775374942110854,0.10317208014417213,0.1574786156347578,0.3888131724996307,0.3218124500938177,0.4641593137037771,0.08203345330236932,0.04951457589245336,0.12683665626936047
0.0,gaussian,10.0,0.9032078879070655,0.12509011042051604,0.10119106759647234,0.1540526270245249,0.3814794731959281,0.3150785518046806,0.45618787955579243,0.08056607694111727,0.04811061956615176,0.12613694393573716
0.0,gaussian,10.0,0.916297857297023,0.1229836535416013,0.09889971851808303,0.15251709274289502,0.3762954167345831,0.3110278830740596,0.4512999986691261,0.07830779475669834,0.04657715764540765,0.1231407705699648
0.0,gaussian,10.0,0.9293878266869804,0.12147338293711418,0.09738044283955609,0.15091027710443905,0.3719484339519081,0.3077815566759119,0.446517836726534,0.07650373839589174,0.04448453912452122,0.12097961517025224
0.0,gaussian,10.0,0.9424777960769379,0.11951563917250253,0.09469859418798611,0.1489965210858485,0.3666468191832875,0.3025556060787608,0.4410929353850283,0.07537222724983166,0.04341307663590094,0.11919847777231278
0.0,gaussian,10.0,0.9555677654668954,0.11778531658388332,0.0932571595004552,0.14729478547394176,0.3610107168190824,0.2960141145196327,0.4360285541929392,0.07292280551192402,0.04120195333221734,0.1160605166559511
0.0,gaussian,10.0,0.9686577348568528,0.11648036174483266,0.0924799746845998,0.14562195463762545,0.35754142699404895,0.29225277051276966,0.43277539558747596,0.06982902723993496,0.0393825443189675,0.11172214079556503
0.0,gaussian,10.0,0.9817477042468103,0.11401949254592621,0.09032309363653988,0.14240532580953622,0.35326673454177765,0.2866589183822847,0.42845008486165237,0.06699401324135597,0.039024303668074446,0.1074881398112482
0.0,gaussian,10.0,0.9948376736367678,0.111614703502789,0.08835887766780125,0.13920647953713522,0.3479315001147551,0.28107921395730934,0.42237508623090797,0.06526465421040399,0.037997924919473125,0.10619557483591335
0.0,gaussian,10.0,1.0079276430267252,0.10927328958387393,0.08637134531709506,0.13597559148346522,0.34162704022261825,0.2745913991962645,0.41521852874493687,0.06351410608196013,0.03660377737941413,0.10475611821237432
0.0,gaussian,10.0,1.0210176124166828,0.10705406483958181,0.08435840272789083,0.13332807893349255,0.33433126426008347,0.26777870650630226,0.4069439294069638,0.061723299761428756,0.035971242211259066,0.10288534805766593
0.0,gaussian,10.0,1.03410758180664,0.10394413051200384,0.08154213398749492,0.12958185710981943,0.3275803071222461,0.26227744175893525,0.3988895695090914,0.06143353332626131,0.035107300149376186,0.10343280430447174
0.0,gaussian,10.0,1.0471975511965976,0.1025985489468741,0.07997246218484141,0.1278819907281887,0.32064254198707914,0.25559494050146386,0.3907237966878255,0.060552356075846525,0.034212546520382574,0.10257732439281117
0.0,gaussian,10.0,1.0602875205865552,0.10054780459899616,0.07842807009853192,0.12530938297296673,0.3149234688721268,0.2503144122804763,0.3851887634805926,0.05858626437284326,0.032916434625614464,0.10012742045883005
0.0,gaussian,10.0,1.0733774899765125,0.09828341441285253,0.0769078204606663,0.12270101234101148,0.3083173204388936,0.24426302698128785,0.3783786214192743,0.0564907249641623,0.031430874981434404,0.09725591287932972
0.0,gaussian,10.0,1.08646745936647,0.0953519845048353,0.07433257444793553,0.11969077528702483,0.30195427194223284,0.23881503802478488,0.3716398928887581,0.05409316740229663,0.029767492974832582,0.09404538346271826
0.0,gaussian,10.0,1.0995574287564276,0.0916951763267347,0.07131592539216287,0.11566870426391537,0.2935577779766801,0.23151268941971492,0.3623623974955016,0.053321870301032505,0.028885420717360066,0.09224699946722986
0.0,gaussian,10.0,1.112647398146385,0.08787843745458175,0.06793906054844813,0.11134106168364029,0.2834681440339785,0.22291747586408237,0.3514561676828579,0.05269045284191149,0.028374642489443373,0.09069142958192897
0.0,gaussian,10.0,1.1257373675363425,0.08526287660606525,0.06585024264830236,0.10809344088675457,0.2754990584248371,0.21649031650574876,0.34193792698953646,0.05147640008212282,0.027279059741902298,0.08894603793139284
0.0,gaussian,10.0,1.1388273369263,0.08365531207571392,0.06419088705839927,0.10621476605052217,0.2691426283699565,0.21145870442076925,0.3354509359491634,0.05134305826440608,0.026490404124698653,0.08979414124425962
0.0,gaussian,10.0,1.1519173063162573,0.08126125157293657,0.062370859270628694,0.10362513968881791,0.264259134477239,0.20671653899133005,0.32997241352820444,0.049889537698172316,0.02543366499775053,0.08750545637663232
0.0,gaussian,10.0,1.1650072757062149,0.07926562453396414,0.06009125025559405,0.10157138700706372,0.25702572413293523,0.1992867317321718,0.32396725899174256,0.04754611535267908,0.02402727036588829,0.08392778965839681
0.0,gaussian,10.0,1.1780972450961724,0.07804716698073923,0.058387031649230474,0.1011838933172807,0.25199872513310334,0.19348154760547784,0.31864062407077026,0.045243330814356,0.022752251292241385,0.08049670460144541
0.0,gaussian,10.0,1.1911872144861297,0.07630431169801678,0.05676299152820319,0.09929017133128938,0.25008582386654155,0.19051972807463366,0.31902568967473804,0.04323136523719808,0.021379173609648874,0.07780632659809737
0.0,gaussian,10.0,1.2042771838760873,0.07484076901164353,0.055262657985207915,0.09757912285285524,0.24525457998381262,0.1844307228175747,0.3151218954415682,0.041969105026922464,0.020111445875990803,0.07661700561115277
0.0,gaussian,10.0,1.2173671532660448,0.07294775183523829,0.05344266455591727,0.09568077538794002,0.24093994839441582,0.17901017752225093,0.312438159749646,0.040294050690379786,0.01915952948204751,0.07388680279002517
0.0,gaussian,10.0,1.2304571226560022,0.0706321636011174,0.051813033402658956,0.0929216437091278,0.2364765599645382,0.1751109439392373,0.3095305418984107,0.03800301584320913,0.017861941670544605,0.07048821987389361
0.0,gaussian,10.0,1.2435470920459597,0.06794354317148088,0.049492461394769705,0.089809583945795,0.2298996475130686,0.16844335667570276,0.3022050705640151,0.035731363805124844,0.016582711838566386,0.06709296225043351
0.0,gaussian,10.0,1.2566370614359172,0.06543312700296339,0.04739937095663864,0.0865223027950648,0.2218228065984048,0.16117190067367274,0.2945716371819352,0.03466985805773729,0.015867403890484823,0.06558622088168536
0.0,gaussian,10.0,1.2697270308258746,0.06308172743043244,0.045167158888795765,0.08435519655249345,0.2137958760814244,0.15357854039665544,0.2874739748419263,0.03233035169204371,0.014683259560953135,0.061628016000140624
0.0,gaussian,10.0,1.2828170002158321,0.06120131346585365,0.043043395962238315,0.08255572323244532,0.20775699793620062,0.14798429426294785,0.28118703572959836,0.02981311747961507,0.013460511142832464,0.057034641928277105
0.0,gaussian,10.0,1.2959069696057897,0.059433976458043124,0.04117529965221565,0.08083692349995165,0.2025647885075157,0.14175339660609024,0.2759448092306551,0.02704620187842488,0.011878265774015392,0.052486453969012185
0.0,gaussian,10.0,1.308996938995747,0.05744863730409718,0.03910765506348008,0.07868811627131765,0.19665017741128563,0.13535712839430258,0.2706513542301705,0.024862276078485113,0.010891446052626276,0.048418698270777764
0.0,gaussian,10.0,1.3220869083857045,0.055439941643055636,0.03713355652303963,0.07700253865419995,0.18949842312445955,0.1281379455419303,0.2631894828063667,0.022821460292852324,0.009923932053313161,0.044428087974354886
0.0,gaussian,10.0,1.335176877775662,0.053231503906100104,0.03513325632489795,0.0745767401689443,0.1821349188805087,0.12057611790103878,0.2561258127018003,0.021043626654608728,0.00915576431886852,0.04093200196804885
0.0,gaussian,10.0,1.3482668471656194,0.05000779130950425,0.03245858505731654,0.07088826830612321,0.17263436656105627,0.11231439642507092,0.24783175945211286,0.01962688693631318,0.008545040631052058,0.03810598247174525
0.0,gaussian,10.0,1.361356816555577,0.047345192455623124,0.029998324646216264,0.0675795509874603,0.16444951613934616,0.10520414775967545,0.23923985663528022,0.017512690702624806,0.007505951372856136,0.03415553540157655
0.0,gaussian,10.0,1.3744467859455345,0.04542385274926186,0.028347073408366695,0.06452511784421999,0.15836546733899348,0.09965473306749287,0.23079020662736546,0.01581767500597574,0.006814514462249174,0.03073136997776637
0.0,gaussian,10.0,1.3875367553354918,0.04366926155008072,0.026984052074902794,0.06224243387971034,0.15268578782489386,0.09340668410609416,0.22423973314374904,0.014189662464010265,0.00616182524709074,0.0275186594796461
0.0,gaussian,10.0,1.4006267247254494,0.04153763161042957,0.024999034167900377,0.05984299167289355,0.14527165433419284,0.08796117653333542,0.2147275331546341,0.012551521751521319,0.005484988639860016,0.02438763817584974
0.0,gaussian,10.0,1.413716694115407,0.03922542660471742,0.023064555042350218,0.05738863390954924,0.13675934773535972,0.08165702164278,0.2042390843565383,0.010990862645346405,0.004811266391330523,0.02135174963332444
0.0,gaussian,10.0,1.4268066635053642,0.03651638949377134,0.02092448881851886,0.0540514292892454,0.1275173034468699,0.07371356172300596,0.19124457527261932,0.009509870107594,0.00414633775887704,0.01851111607467146
0.0,gaussian,10.0,1.4398966328953218,0.0330810690491155,0.018619333920296802,0.0491917925674944,0.11596946636553741,0.06602838744549615,0.17483766365260486,0.00810106268646882,0.003518898234408303,0.015816033628709963
0.0,gaussian,10.0,1.4529866022852793,0.02925886866192659,0.016306813881217862,0.04379459060467922,0.10292212781906783,0.05758124926374413,0.15603339661853788,0.0067837063354983995,0.0029182688314946144,0.013278851593980463
0.0,gaussian,10.0,1.4660765716752366,0.025472515665337193,0.013856712495821268,0.03851921378336968,0.08976929958078167,0.04889609897477923,0.13746035645452018,0.005558122583227999,0.0023723169005890094,0.010890458105383421
0.0,gaussian,10.0,1.4791665410651942,0.021645454516926885,0.011520908191050649,0.03315748824776811,0.07642237447533466,0.040924609261343094,0.11829044458759586,0.004426753574637353,0.001881017260890353,0.008706039852447544
0.0,gaussian,10.0,1.4922565104551517,0.017709587256620925,0.009159834097348015,0.027526105517945963,0.06266782071163664,0.0328737028616658,0.09790641075173036,0.003398424900731858,0.0014356883508874533,0.006708637598085166
0.0,gaussian,10.0,1.505346479845109,0.013806614284142413,0.006950714740490145,0.02181916353531447,0.04883100776515034,0.024790242189338185,0.07672700179828786,0.002478377668929037,0.0010391838364898352,0.0049116890462842285
0.0,gaussian,10.0,1.5184364492350666,0.009993123842054058,0.0049170183791823275,0.016114158379708053,0.035389062232295425,0.017648148597663733,0.0560905744919446,0.0016780629249586421,0.0006988743956047361,0.003338792549362004
0.0,gaussian,10.0,1.5315264186250241,0.00642135886288592,0.0030719071188530893,0.010458028365187551,0.022749116213839737,0.011145717856236439,0.036426611367956635,0.0010101786588147584,0.00041847285855002646,0.002017623984376489
0.0,gaussian,10.0,1.5446163880149815,0.0033356504433952067,0.0015464868687577406,0.005506326543882536,0.011828293430091704,0.005653166525658768,0.019062053992158733,0.0004897710647586675,0.00020070278972310004,0.0009829998013025133
0.0,gaussian,10.0,1.557706357404939,0.0010290335090442188,0.00045971786422357167,0.0017187531040458307,0.0036698851005191584,0.001702980809486206,0.005995799135306357,0.0001395977910746378,5.622149294753787e-05,0.0002822206101383521
0.0,gaussian,10.0,1.5707963267948966,2.8377498991136055e-15,2.470758505149981e-15,3.2643512713121763e-15,1.423459485883277e-14,1.2858030371127318e-14,1.5702097233507586e-14,0.0,0.0,0.0
0.25,uniform,0.0,0.0,0.332808965094138,0.3177732056100327,0.3461595760984898,0.7391775329527848,0.7193934568852856,0.7558073879800193,0.5596402407839227,0.5324778845678632,0.5836264811410818
0.25,uniform,0.0,0.01308996938995747,0.343710434970076,0.32822887347399254,0.357430155435113,0.7537269663757695,0.7340464933568615,0.7702324933749295,0.5744900643974103,0.547006739891829,0.5987395814363542
0.25,uniform,0.0,0.02617993877991494,0.3545763337757955,0.33868078792966083,0.3686579278326395,0.7677015782024469,0.7481606693736987,0.7840535249244992,0.5890657134450296,0.5612757955380995,0.6134921324292525
0.25,uniform,0.0,0.039269908169872414,0.3653991520207791,0.3490829834352688,0.37984637985199254,0.781104494977568,0.7617521259160909,0.7972749636178937,0.6033569132346647,0.575300158042424,0.6279639023434036
0.25,uniform,0.0,0.05235987755982988,0.3761716439008069,0.3594370276766317,0.3909786688275789,0.7939405581799903,0.7748683698931991,0.809851993067827,0.6173512442501173,0.5890588725254893,0.6420860732230087
0.25,uniform,0.0,0.06544984694978735,0.3868868233551956,0.36975154183181885,0.4020473118747004,0.8062161962231172,0.7874528440899042,0.8218789613122709,0.6310404528650766,0.6025807622120628,0.6558782835276555
0.25,uniform,0.0,0.07853981633974483,0.3975379603457674,0.3800094564809665,0.4130416879001148,0.8179392968789861,0.7994449639891525,0.8333760279591965,0.6444037212229706,0.615890515513832,0.669351791362218
0.25,uniform,0.0,0.09162978572970229,0.40811857731903406,0.3902045604292265,0.4239533708422526,0.8291190806317014,0.8109041134007404,0.844323584799767,0.6574578678203881,0.6289291702875646,0.6824394491531154
0.25,uniform,0.0,0.10471975511965977,0.4186224458171682,0.40033087232285663,0.4347807975734537,0.8397666245778574,0.8219405508210843,0.8546848668988111,0.6702000687645615,0.6416754819306157,0.6952327215953271
0.25,uniform,0.0,0.11780972450961724,0.4290435832069302,0.4103826375559985,0.4455177883731697,0.8498966674814543,0.8323925274197911,0.8645343572132766,0.6826219043561975,0.6540899021117907,0.7076394376813209
0.25,uniform,0.0,0.1308996938995747,0.4393762494988678,0.4203543252704546,0.45615842325912825,0.8595208812850498,0.8423162468469216,0.8738384862399399,0.6947022821238674,0.6661668955277099,0.7197499330965026
0.25,uniform,0.0,0.14398966328953217,0.44961494423189863,0.4302290008310557,0.46669703871963786,0.8686464457142699,0.8517586567717624,0.8826343217161873,0.7064531145637126,0.6778520706286169,0.7314416073733137
0.25,uniform,0.0,0.15707963267948966,0.4597544034008567,0.4400085424986212,0.477133592543048,0.8772902690362244,0.8607995196710791,0.8909250336429697,0.7178644614821824,0.689291608838109,0.7426957614564501
0.25,uniform,0.0,0.17016960206944712,0.469787875448487,0.449685024434468,0.487484604782872,0.8854670057484492,0.8694256925103113,0.8987418621337843,0.7289484768736139,0.7002914539854616,0.7537196170529011
0.25,uniform,0.0,0.18325957145940458,0.47970758307312017,0.4592418842623899,0.49771515882562695,0.8931918257429733,0.8776096718386739,0.9061102244671849,0.7397056102246257,0.7110249687816248,0.7643765994467557
0.25,uniform,0.0,0.19634954084936207,0.4895133431303951,0.46869223806366817,0.5078248422806971,0.9004803120036727,0.8853807415147641,0.9130285685509596,0.7501417400087135,0.7214856211190372,0.774657950395733
0.25,uniform,0.0,0.20943951023931953,0.4992016831814811,0.4780336134876778,0.5177968261962252,0.9073483630635156,0.8927316666166026,0.9195124844859707,0.7602581656691719,0.7316928014362587,0.7845639788733215
0.25,uniform,0.0,0.222529479629277,0.5087689913204708,0.4872640112302929,0.5276326997766211,0.9138121004933821,0.8996369201960435,0.9255890838732692,0.7700765376018697,0.7416107851837448,0.7941932899146231
0.25,uniform,0.0,0.23561944901923448,0.5182100512461661,0.49637606643566407,0.5373342615569232,0.9198877816522724,0.9061852349845495,0.931276057982472,0.7795763840505069,0.751273541215431,0.8034883655719727
0.25,uniform,0.0,0.24870941840919195,0.527521172518714,0.5054070978818334,0.5468977722419363,0.9255861215922483,0.9123620608571418,0.9365906540047274,0.7887665488062131,0.7606726920177829,0.8125159358005545
0.25,uniform,0.0,0.2617993877991494,0.5366973878695621,0.5143129574239763,0.5563167037750585,0.9309294952012451,0.9181855016835593,0.9415599056102383,0.7976445436306988,0.7697843257088063,0.8212051806859649
0.25,uniform,0.0,0.2748893571891069,0.5457344425863896,0.5230870257141426,0.5655857711067848,0.9359364640717494,0.9236703796519953,0.9461744636914224,0.8062254596252024,0.7786634466869509,0.8295896039427645
0.25,uniform,0.0,0.28797932657906433,0.554631598024118,0.5317307697027985,0.5747066126506212,0.9406204915503378,0.928826394486459,0.9504776652356121,0.8145201327046006,0.7872061403568515,0.8377206160688502
0.25,uniform,0.0,0.3010692959690218,0.5633859952341996,0.5402413143306135,0.58367638006718,0.9450020794597735,0.9336723920345055,0.9544781656583656,0.822526882164828,0.7954876615236456,0.8455004404831736
0.25,uniform,0.0,0.3141592653589793,0.571994973285412,0.5486159671006731,0.5924916501213039,0.9490933379931642,0.9382035960460258,0.9581920089572982,0.8302435012718011,0.8034858921652887,0.8529088839249764
0.25,uniform,0.0,0.32724923474893675,0.5804560654486307,0.556852214604849,0.6011504997570063,0.9529083761604155,0.9424514242051294,0.9616217600322452,0.8376654439771817,0.8112088268343484,0.8599775054490905
0.25,uniform,0.0,0.34033920413889424,0.588766995267549,0.564947718951837,0.6096509518558461,0.9564651980119496,0.9463981653667367,0.9648202352809002,0.8447960928833106,0.8186714219560899,0.8668514538804012
0.25,uniform,0.0,0.3534291735288517,0.5969256725115523,0.5729014976732483,0.6179909798899829,0.9597743293656964,0.9500873045169477,0.9677686590973119,0.8516406831890793,0.8258536171695656,0.8734746485933891
0.25,uniform,0.0,0.36651914291880916,0.6049301890076453,0.5807105355553606,0.6261687516018134,0.9628498119679092,0.953536989593027,0.9704919792140378,0.8582160937643644,0.832708528008505,0.8798084205169796
0.25,uniform,0.0,0.37960911230876665,0.6127788143490184,0.5883728635084398,0.634182624373235,0.9657049345656059,0.9568305939115437,0.9730043251880565,0.86451160531843,0.8393079635743701,0.885757495057025
0.25,uniform,0.0,0.39269908169872414,0.6204699914784831,0.5958868060733997,0.6420311404552125,0.9683559990884785,0.9598577714256155,0.9753224515799859,0.870528853511663,0.8456168929851113,0.891420173145887
0.25,uniform,0.0,0.4057890510886816,0.6279992144236497,0.6032477260848198,0.6496944752082834,0.9708215112845364,0.9626811352369563,0.9774756379476846,0.8762722786320424,0.851662276142295,0.8968773172962089
0.25,uniform,0.0,0.41887902047863906,0.6353680496898361,0.6104570465226968,0.6571810911751786,0.9731059158762267,0.9653158716920943,0.9794625033605449,0.8817968671463062,0.8575133224391805,0.902110079116199
0.25,uniform,0.0,0.43196898986859655,0.6425775983410744,0.6175138617612849,0.6644986024966877,0.9752128865130425,0.9677724928255248,0.9812885724587345,0.887113757559939,0.8632473980716845,0.9071225832193932
0.25,uniform,0.0,0.445058959258554,0.6496306341968976,0.6244171913926163,0.6716463750187647,0.9771638948134683,0.9701003906650264,0.9829630681434971,0.8922159721750066,0.8687029544084137,0.9117995964489526
0.25,uniform,0.0,0.4581489286485115,0.6565216254496694,0.6311673270836904,0.6786237231673024,0.9789678009615094,0.9722317323721125,0.9844967744613657,0.8971142841308078,0.8739902711481816,0.916238058477585
0.25,uniform,0.0,0.47123889803846897,0.6632500272585024,0.6377636261883234,0.6854302367096503,0.9806321000997299,0.9742049492312851,0.9858978270515251,0.9017801474679507,0.8790758680162913,0.9205368988732864
0.25,uniform,0.0,0.4843288674284264,0.6698158190264275,0.6442086515165484,0.6920694333812325,0.982166357433122,0.9760518671243822,0.9871823128843935,0.9062265414942626,0.8839769615299962,0.9247484566567536
0.25,uniform,0.0,0.4974188368183839,0.6762182609038913,0.650500336597811,0.6985918815862397,0.9835778779823143,0.9777516120067807,0.9883563537189879,0.9104717566530444,0.8885237795391266,0.9286564608116883
0.25,uniform,0.0,0.5105088062083414,0.6824563371894371,0.6566351500595048,0.7049437163920989,0.9848755195337944,0.9793345325080799,0.9894203158847117,0.9145303079078237,0.8929989774418556,0.9322964438906881
0.25,uniform,0.0,0.5235987755982988,0.6885299414837127,0.6625930137392068,0.7111249848328376,0.9860678225975366,0.980814329444589,0.990385198928876,0.9184091817150288,0.897242840968594,0.9358150695349442
0.25,uniform,0.0,0.5366887449882562,0.6944396495415828,0.6683925926657145,0.7171369876615816,0.9871639775850384,0.9821744186090396,0.991264797005386,0.922096543692761,0.9012695227457993,0.9391760219774214
0.25,uniform,0.0,0.5497787143782138,0.7001854338288176,0.6740345015835386,0.7229797138067685,0.988171486504549,0.9834208868261328,0.9920580788941564,0.9255912304093656,0.9051286425262318,0.9424110184191807
0.25,uniform,0.0,0.5628686837681712,0.7057671081869206,0.6795187577485784,0.7286527351253975,0.9890969133069375,0.9845873507145854,0.9927606174534965,0.9289267126168639,0.9088049190807308,0.9455167094940343
0.25,uniform,0.0,0.5759586531581287,0.7111849944376272,0.6848454719627175,0.7341443677606801,0.9899451670650036,0.9856615676428385,0.9934255050213412,0.9321113880862505,0.9122599370416956,0.948497336699779
0.25,uniform,0.0,0.5890486225480862,0.716439506963213,0.690014843110454,0.7394525662946039,0.9907236057005022,0.9866297436925751,0.9940210715349935,0.9351291288316722,0.9156122049694417,0.9512085131021779
0.25,uniform,0.0,0.6021385919380436,0.7215311465875517,0.695027152637315,0.7445922876167762,0.9914381940593473,0.9875237994163696,0.9945685563586424,0.9379806451153816,0.9187673357659942,0.9537187900307528
0.25,uniform,0.0,0.6152285613280011,0.7264604943992087,0.6998822521368226,0.7495646798518162,0.9920929343168834,0.9883519436879841,0.9950590599510826,0.9406984894298692,0.9217440074741279,0.9561316763600919
0.25,uniform,0.0,0.6283185307179586,0.7312282055260092,0.7045806823809837,0.7543705551550544,0.9926923465109456,0.9891218632515711,0.9955033127527948,0.9432855773760109,0.9245904185623439,0.9584837838295984
0.25,uniform,0.0,0.6414085001079161,0.7358350028711279,0.709123339801811,0.7590109057910283,0.9932394649876285,0.9898387653105698,0.995907493996406,0.9457228943858013,0.9273893257785885,0.9606562853149555
0.25,uniform,0.0,0.6544984694978735,0.7402816708213235,0.7135107817138404,0.763486987948279,0.9937382289993243,0.9905202903911015,0.9962639240744692,0.9480165954687938,0.9300081885994893,0.9627364528259555
0.25,uniform,0.0,0.667588438887831,0.7445690489385232,0.7177436198096052,0.7678011449626566,0.9941947765121358,0.991140638698392,0.9965919344989026,0.9501743894275579,0.9324393429315454,0.9646014043687204
0.25,uniform,0.0,0.6806784082777885,0.7486880131327589,0.7218222641568901,0.7719756204092348,0.994611726170021,0.9917060561947116,0.9968888885888755,0.9522124831301219,0.9347284672902257,0.9664288711575126
0.25,uniform,0.0,0.6937683776677459,0.7526456803613478,0.7257475727919761,0.7759601797691109,0.9949930265761585,0.9922149511916998,0.997157291721359,0.9541166120083462,0.9368212344809376,0.968125537553083
0.25,uniform,0.0,0.7068583470577035,0.7564470577906395,0.7295203874434091,0.7798002764787719,0.9953429712071465,0.9926957875648404,0.9973941196150156,0.9559347282727791,0.9388640777010925,0.9697135393451853
0.25,uniform,0.0,0.7199483164476609,0.760093171026249,0.7331414812629646,0.7834665486778147,0.9956621683164402,0.9931239315966708,0.9976147403862753,0.9576531210180841,0.9408081020515989,0.9711326636292986
0.25,uniform,0.0,0.7330382858376183,0.7635850690918451,0.7366116535177055,0.7869741139338117,0.9959489212508564,0.9935170418783323,0.9978154150304742,0.9592579771159268,0.9426166385752609,0.9725239791089172
0.25,uniform,0.0,0.7461282552275759,0.7669270361121777,0.7399380793920501,0.7903259721602514,0.9962098610856552,0.9938875127277845,0.9979966237340331,0.960778451177458,0.9443348993183415,0.973852609143901
0.25,uniform,0.0,0.7592182246175333,0.7701201899629123,0.7431216739685249,0.7935234164507569,0.9964478817342782,0.9942278095245541,0.998158422242862,0.962208320888274,0.945930805379809,0.9751618074702171
0.25,uniform,0.0,0.7723081940074907,0.7731671984179235,0.7461567248752469,0.796572611202257,0.9966628281914319,0.9945303944297769,0.9983026823198334,0.963549982542618,0.9474094108983538,0.976341840098048
0.25,uniform,0.0,0.7853981633974483,0.7760650444442954,0.7490438517291529,0.7994708812381073,0.9968562449433009,0.9948035540197396,0.9984304892233515,0.9647768172529557,0.948770231097579,0.977423882141557
0.25,uniform,0.0,0.7984881327874057,0.7788136329385108,0.7517838206871428,0.8022183924320032,0.9970322671612761,0.9950503231348634,0.9985458702957819,0.9659318351330182,0.9500567473033174,0.978375785313987
0.25,uniform,0.0,0.8115781021773631,0.7814140025837196,0.754377450313733,0.8048163909110099,0.9971906738729653,0.9952752531041442,0.9986486370562005,0.9670373505929009,0.951287538099363,0.9793846698700966
0.25,uniform,0.0,0.8246680715673207,0.7838671751129028,0.7568255494459702,0.8072712665971498,0.9973346441727519,0.9954825090403835,0.9987411800885023,0.9680265777506841,0.9524373748633108,0.9802025605329904
0.25,uniform,0.0,0.8377580409572781,0.7861741499920322,0.7591289124692028,0.8095843063054287,0.9974654977997287,0.995664454827927,0.9988242770228271,0.9689409337711247,0.9535900542319792,0.9810122121205846
0.25,uniform,0.0,0.8508480103472356,0.7883358992844344,0.7612883147546036,0.8117508633642662,0.9975833086790936,0.9958364880934095,0.9988995702847127,0.9697875748400437,0.9545773847080283,0.981779791880119
0.25,uniform,0.0,0.8639379797371931,0.7903533627116434,0.7633045082719002,0.8137720366035684,0.9976895583775969,0.9959925114090885,0.9989681746626226,0.9705685695459861,0.9554592480234682,0.9824582581178867
0.25,uniform,0.0,0.8770279491271505,0.7922274429257672,0.7651782173905534,0.8156551894251346,0.9977851198320787,0.9961262725852509,0.9990293041735326,0.9713008492985398,0.956268935440457,0.9830405783630806
0.25,uniform,0.0,0.890117918517108,0.7939590010080665,0.7669101348823493,0.8173949693128248,0.9978698667505292,0.9962475389903286,0.9990821281715896,0.9719603274635061,0.9570413570785796,0.9835685915288842
0.25,uniform,0.0,0.9032078879070655,0.7955488522080286,0.7684900401940957,0.8189919256514179,0.9979447828212386,0.9963538173691582,0.9991274234053494,0.9725263759843923,0.9577478654444556,0.9840084851570863
0.25,uniform,0.0,0.916297857297023,0.796997761936702,0.7699170429800909,0.820446833377304,0.9980122946352351,0.996460320127276,0.9991692601741816,0.9730335441464661,0.9583853854772755,0.984420036545845
0.25,uniform,0.0,0.9293878266869804,0.7983064420274782,0.7712061548385664,0.8217606191852724,0.9980724188034485,0.996546280189609,0.9992070331867677,0.9734872792615589,0.958961948623133,0.9847899579054589
0.25,uniform,0.0,0.9424777960769379,0.7994755472768121,0.7723579560160024,0.8229340326013308,0.9981249738846993,0.9966196798734276,0.9992398201442687,0.9738763207363709,0.9594694097875566,0.985084918755406
0.25,uniform,0.0,0.9555677654668954,0.8005057737583824,0.7733729814107083,0.8239678527468245,0.9981703272172359,0.996686835067008,0.9992679240022642,0.9742115026846364,0.9599105194647358,0.9853474741052867
0.25,uniform,0.0,0.9686577348568528,0.8013983332068039,0.7742517536995335,0.824863350520406,0.9982089143054124,0.9967441546358532,0.9992898182443851,0.9744998354497204,0.9602905834310999,0.9855571114854418
0.25,uniform,0.0,0.9817477042468103,0.8021527771658241,0.7749946179642426,0.8256201668370894,0.9982409399903109,0.9967920322734898,0.9993080556366041,0.9747422476240152,0.9606105596590545,0.9857458595482402
0.25,uniform,0.0,0.9948376736367678,0.8027695020819249,0.7756019276638664,0.8262385067004259,0.998266676239671,0.9968308475451789,0.99932357132863,0.9749389383824818,0.9608712573739322,0.9859037046108872
0.25,uniform,0.0,1.0079276430267252,0.8032488349339562,0.7760739744291658,0.8267147613890754,0.9982863620111817,0.9968607687199443,0.9993354708877907,0.975090983116492,0.9610733377234607,0.986025543986876
0.25,uniform,0.0,1.0210176124166828,0.8035910316703587,0.7764109866054453,0.8270547265029791,0.9983003320323811,0.9968820000293513,0.9993439186466303,0.9751992352252322,0.9612173143381351,0.9861122252186809
0.25,uniform,0.0,1.03410758180664,0.8037962759877354,0.776613128113619,0.8272586186538913,0.9983086734450021,0.9968946825329431,0.9993489583413513,0.9752640461120653,0.9613035537749123,0.9861640953634452
0.25,uniform,0.0,1.0471975511965976,0.8038646784552066,0.7766804976336872,0.827326568198456,0.9983114466227635,0.9968989006609936,0.9993506323672855,0.9752856263576999,0.9613322758383402,0.9861813623289972
0.25,uniform,0.0,1.0602875205865552,0.8037962759877354,0.776613128113619,0.8272586186538913,0.9983086734450021,0.9968946825329431,0.9993489583413513,0.9752640461120653,0.9613035537749125,0.9861640953634453
0.25,uniform,0.0,1.0733774899765125,0.8035910316703587,0.7764109866054453,0.8270547265029791,0.9983003320323811,0.9968820000293513,0.9993439186466303,0.9751992352252324,0.9612173143381351,0.9861122252186809
0.25,uniform,0.0,1.08646745936647,0.8032488349339562,0.7760739744291659,0.8267147613890754,0.9982863620111817,0.9968607687199443,0.9993354708877907,0.975090983116492,0.9610733377234607,0.9860255439868763
0.25,uniform,0.0,1.0995574287564276,0.8027695020819249,0.7756019276638665,0.826238506700426,0.998266676239671,0.9968308475451789,0.99932357132863,0.9749389383824818,0.9608712573739322,0.9859037046108872
0.25,uniform,0.0,1.112647398146385,0.8021527771658242,0.7749946179642426,0.8256201668370896,0.9982409399903109,0.9967920322734898,0.9993080556366041,0.9747422476240154,0.9606105596590548,0.9857458595482402
0.25,uniform,0.0,1.1257373675363425,0.8013983332068039,0.7742517536995335,0.824863350520406,0.9982089143054124,0.9967441546358532,0.9992898182443851,0.9744998354497204,0.9602905834310999,0.9855571114854418
0.25,uniform,0.0,1.1388273369263,0.8005057737583824,0.7733729814107083,0.8239678527468245,0.9981703272172359,0.996686835067008,0.9992679240022642,0.9742115026846364,0.9599105194647358,0.9853474741052867
0.25,uniform,0.0,1.1519173063162573,0.7994755472768121,0.7723579560160027,0.8229340326013308,0.9981249738846993,0.9966196798734276,0.9992398201442687,0.9738763207363709,0.9594694097875566,0.985084918755406
0.25,uniform,0.0,1.1650072757062149,0.7983064420274782,0.7712061548385664,0.8217606191852725,0.9980724188034484,0.996546280189609,0.9992070331867676,0.9734872792615589,0.958961948623133,0.9847899579054589
0.25,uniform,0.0,1.1780972450961724,0.796997761936702,0.7699170429800907,0.820446833377304,0.9980122946352351,0.996460320127276,0.9991692601741816,0.9730335441464661,0.9583853854772754,0.984420036545845
0.25,uniform,0.0,1.1911872144861297,0.7955488522080286,0.7684900401940957,0.8189919256514179,0.9979447828212386,0.9963538173691582,0.9991274234053494,0.9725263759843923,0.9577478654444556,0.9840084851570863
0.25,uniform,0.0,1.2042771838760873,0.7939590010080666,0.7669101348823493,0.8173949693128248,0.9978698667505292,0.9962475389903286,0.9990821281715896,0.9719603274635061,0.9570413570785796,0.9835685915288842
0.25,uniform,0.0,1.2173671532660448,0.7922274429257673,0.7651782173905534,0.8156551894251347,0.9977851198320787,0.9961262725852509,0.9990293041735326,0.9713008492985398,0.9562689354404569,0.9830405783630806
0.25,uniform,0.0,1.2304571226560022,0.7903533627116435,0.7633045082719002,0.8137720366035684,0.9976895583775969,0.9959925114090885,0.9989681746626226,0.9705685695459861,0.9554592480234682,0.9824582581178867
0.25,uniform,0.0,1.2435470920459597,0.7883358992844344,0.7612883147546036,0.8117508633642662,0.9975833086790936,0.9958364880934095,0.9988995702847127,0.9697875748400437,0.9545773847080281,0.9817797918801189
0.25,uniform,0.0,1.2566370614359172,0.7861741499920322,0.7591289124692028,0.8095843063054287,0.9974654977997287,0.995664454827927,0.9988242770228271,0.9689409337711247,0.9535900542319792,0.9810122121205846
0.25,uniform,0.0,1.2697270308258746,0.7838671751129028,0.7568255494459702,0.8072712665971498,0.9973346441727519,0.9954825090403836,0.9987411800885023,0.9680265777506841,0.9524373748633109,0.9802025605329905
0.25,uniform,0.0,1.2828170002158321,0.7814140025837197,0.7543774503137333,0.80481639091101,0.9971906738729653,0.9952752531041442,0.9986486370562005,0.9670373505929007,0.9512875380993627,0.9793846698700965
0.25,uniform,0.0,1.2959069696057897,0.7788136329385108,0.751783820687143,0.8022183924320032,0.9970322671612761,0.9950503231348634,0.9985458702957819,0.9659318351330181,0.9500567473033174,0.978375785313987
0.25,uniform,0.0,1.308996938995747,0.7760650444442954,0.7490438517291529,0.7994708812381074,0.9968562449433009,0.9948035540197396,0.9984304892233515,0.9647768172529557,0.9487702310975791,0.9774238821415571
0.25,uniform,0.0,1.3220869083857045,0.7731671984179235,0.7461567248752469,0.796572611202257,0.9966628281914319,0.9945303944297769,0.9983026823198334,0.963549982542618,0.9474094108983538,0.976341840098048
0.25,uniform,0.0,1.335176877775662,0.7701201899629123,0.7431216739685249,0.7935234164507569,0.9964478817342782,0.9942278095245541,0.998158422242862,0.962208320888274,0.9459308053798092,0.9751618074702171
0.25,uniform,0.0,1.3482668471656194,0.7669270361121777,0.7399380793920501,0.7903259721602516,0.9962098610856552,0.9938875127277845,0.9979966237340331,0.960778451177458,0.9443348993183416,0.973852609143901
0.25,uniform,0.0,1.361356816555577,0.7635850690918451,0.7366116535177055,0.7869741139338117,0.9959489212508564,0.9935170418783323,0.9978154150304742,0.9592579771159268,0.9426166385752609,0.9725239791089172
0.25,uniform,0.0,1.3744467859455345,0.7600931710262487,0.7331414812629645,0.7834665486778147,0.9956621683164402,0.9931239315966708,0.9976147403862753,0.9576531210180841,0.9408081020515989,0.9711326636292986
0.25,uniform,0.0,1.3875367553354918,0.7564470577906394,0.7295203874434091,0.779800276478772,0.9953429712071467,0.9926957875648404,0.9973941196150156,0.9559347282727794,0.9388640777010925,0.9697135393451853
0.25,uniform,0.0,1.4006267247254494,0.7526456803613479,0.7257475727919761,0.7759601797691111,0.9949930265761585,0.9922149511916998,0.997157291721359,0.9541166120083462,0.9368212344809376,0.968125537553083
0.25,uniform,0.0,1.413716694115407,0.748688013132759,0.7218222641568902,0.7719756204092348,0.9946117261700212,0.9917060561947116,0.9968888885888755,0.9522124831301216,0.9347284672902255,0.9664288711575124
0.25,uniform,0.0,1.4268066635053642,0.7445690489385229,0.7177436198096055,0.7678011449626566,0.9941947765121358,0.991140638698392,0.9965919344989026,0.9501743894275579,0.9324393429315451,0.9646014043687204
0.25,uniform,0.0,1.4398966328953218,0.7402816708213235,0.7135107817138404,0.763486987948279,0.9937382289993243,0.9905202903911015,0.9962639240744692,0.9480165954687938,0.9300081885994893,0.9627364528259555
0.25,uniform,0.0,1.4529866022852793,0.7358350028711279,0.7091233398018111,0.7590109057910283,0.9932394649876285,0.9898387653105698,0.995907493996406,0.9457228943858013,0.9273893257785886,0.9606562853149555
0.25,uniform,0.0,1.4660765716752366,0.7312282055260092,0.7045806823809837,0.7543705551550545,0.9926923465109456,0.9891218632515711,0.9955033127527947,0.9432855773760109,0.9245904185623439,0.9584837838295985
0.25,uniform,0.0,1.4791665410651942,0.7264604943992087,0.6998822521368226,0.7495646798518164,0.9920929343168834,0.9883519436879841,0.9950590599510826,0.9406984894298693,0.9217440074741279,0.9561316763600919
0.25,uniform,0.0,1.4922565104551517,0.7215311465875519,0.6950271526373151,0.7445922876167763,0.9914381940593473,0.9875237994163696,0.9945685563586424,0.9379806451153816,0.9187673357659941,0.9537187900307528
0.25,uniform,0.0,1.505346479845109,0.716439506963213,0.6900148431104539,0.7394525662946039,0.9907236057005022,0.9866297436925751,0.9940210715349935,0.9351291288316722,0.9156122049694417,0.9512085131021779
0.25,uniform,0.0,1.5184364492350666,0.7111849944376273,0.6848454719627175,0.7341443677606804,0.9899451670650036,0.9856615676428385,0.9934255050213412,0.9321113880862505,0.9122599370416956,0.948497336699779
0.25,uniform,0.0,1.5315264186250241,0.7057671081869206,0.6795187577485785,0.7286527351253975,0.9890969133069375,0.9845873507145854,0.9927606174534965,0.9289267126168639,0.9088049190807308,0.9455167094940343
0.25,uniform,0.0,1.5446163880149815,0.7001854338288177,0.6740345015835387,0.7229797138067686,0.988171486504549,0.9834208868261328,0.9920580788941564,0.9255912304093656,0.9051286425262318,0.9424110184191807
0.25,uniform,0.0,1.557706357404939,0.6944396495415829,0.6683925926657146,0.7171369876615818,0.9871639775850384,0.9821744186090396,0.991264797005386,0.922096543692761,0.9012695227457995,0.9391760219774218
0.25,uniform,0.0,1.5707963267948966,0.6885299414837127,0.6625930137392069,0.7111249848328376,0.9860678225975366,0.980814329444589,0.990385198928876,0.9184091817150288,0.897242840968594,0.9358150695349442
0.25,uniform,0.5,0.0,0.8937013858246529,0.8808807580628439,0.9063436845647787,0.9998261944025787,0.9997303687607546,0.9999063512293307,0.9959685268444987,0.9946242719264482,0.9973212865656652
0.25,uniform,0.5,0.01308996938995747,0.8939150599543547,0.8811094315282774,0.9065826035589023,0.9998272571473389,0.9997321003057524,0.9999066636036916,0.9959756618342702,0.9946371758963025,0.9973242814710033
0.25,uniform,0.5,0.02617993877991494,0.8941150336152736,0.8813305060031954,0.9068075340276085,0.9998286080146911,0.9997351667522574,0.9999068870205083,0.9959931936864267,0.9946539446591937,0.9973485876964372
0.25,uniform,0.5,0.039269908169872414,0.8942861828654212,0.8815396684790677,0.9069235026634647,0.9998295124370942,0.9997366626715074,0.9999075152852965,0.9959897958503472,0.9946288569923417,0.9973631578239658
0.25,uniform,0.5,0.05235987755982988,0.894403713592939,0.8816991762009239,0.9069527439185762,0.9998298460801558,0.9997365920591552,0.9999074955657188,0.9959665304819875,0.9945842345028837,0.9973457050234997
0.25,uniform,0.5,0.06544984694978735,0.8944817149812386,0.8818686706727323,0.9070526852151203,0.9998301886019804,0.9997381910648667,0.9999072773255071,0.9959503537438649,0.9945432879983127,0.9973436347624424
0.25,uniform,0.5,0.07853981633974483,0.8945885369569676,0.8820360937676729,0.9071589371693444,0.9998295896936255,0.9997387254295217,0.9999059664800333,0.9959513300233879,0.994524825977604,0.9973437845223115
0.25,uniform,0.5,0.09162978572970229,0.8946986373102387,0.8821031584519724,0.9074186643558108,0.9998281365003545,0.9997364782142438,0.9999055408690629,0.9959497214089916,0.9945115551894339,0.9973527322629113
0.25,uniform,0.5,0.10471975511965977,0.8946829652309821,0.8821401505212564,0.9073866538795604,0.9998265233441299,0.9997344621556244,0.9999050216805861,0.9959423046892266,0.9944908553927214,0.9973562799339318
0.25,uniform,0.5,0.11780972450961724,0.8946295192904844,0.8821657147245425,0.9072740301618586,0.9998251542811719,0.9997324286746493,0.9999043962428606,0.9959338902121334,0.9944635375909053,0.9973691756166195
0.25,uniform,0.5,0.1308996938995747,0.8945318422313204,0.8821109358832432,0.9070963512564423,0.9998240072396318,0.9997306437065291,0.9999037881661114,0.9959363404389151,0.9944322842271115,0.9973722157408866
0.25,uniform,0.5,0.14398966328953217,0.894498501976277,0.8821288709077957,0.9070174621797031,0.9998231197881018,0.9997297685013758,0.9999031570540524,0.9959389273903744,0.9944164038446128,0.9973918262158624
0.25,uniform,0.5,0.15707963267948966,0.8944007177945551,0.8819821205687407,0.9067228067679012,0.9998220519012837,0.9997289776484253,0.999901506829265,0.9959286459142787,0.9943954006899117,0.9973896539312326
0.25,uniform,0.5,0.17016960206944712,0.8943115068489814,0.8818225339444972,0.9067312140521224,0.9998206053846205,0.9997279033247418,0.9999005720906452,0.9959171865864066,0.9943495229307968,0.9973891125031012
0.25,uniform,0.5,0.18325957145940458,0.8942156006547356,0.8815625305371966,0.9067048311866253,0.999818329530783,0.9997258831451348,0.9998990083288369,0.9959063561519067,0.9943223029953998,0.9974000315803558
0.25,uniform,0.5,0.19634954084936207,0.8940460191524919,0.8811734742568627,0.9065375024849341,0.999815748585876,0.9997240064489374,0.999896213817521,0.9958877589144194,0.9942786101569994,0.9973859541500321
0.25,uniform,0.5,0.20943951023931953,0.8938680143524976,0.8809263366310077,0.9062221651865319,0.9998131903677029,0.9997226441697931,0.999894885954789,0.9958787024958545,0.9942692686054281,0.9973841400443764
0.25,uniform,0.5,0.222529479629277,0.8936541928574236,0.8807328894860541,0.905866067092449,0.9998107015918238,0.9997205345702602,0.9998933435813911,0.99587325660961,0.9942438822180527,0.9973978178145231
0.25,uniform,0.5,0.23561944901923448,0.8934971059636214,0.880530143468614,0.9055889744095613,0.9998089031942313,0.9997182978656518,0.99989103638029,0.9958544532030514,0.9942138657324304,0.9974053682592628
0.25,uniform,0.5,0.24870941840919195,0.8932303292665104,0.8803207987551779,0.905205373025315,0.9998077076449233,0.9997166135369959,0.9998891536512383,0.9958601864119685,0.9942152037474207,0.9974341715741264
0.25,uniform,0.5,0.2617993877991494,0.8930218862680915,0.8801807376574118,0.9051615017988607,0.9998063610177045,0.9997161724821616,0.9998865771834646,0.9958620682655704,0.9941905184095952,0.9974389371618929
0.25,uniform,0.5,0.2748893571891069,0.8928697525653754,0.879978569247662,0.905068098050869,0.9998043050148158,0.999713941548239,0.9998839904666852,0.9958893259444186,0.9942189068419086,0.9974587078407001
0.25,uniform,0.5,0.28797932657906433,0.8927871885008137,0.8797564095117713,0.9051082564726055,0.9998026668253034,0.9997109736239507,0.9998827066018975,0.9959222705511372,0.9942653780284981,0.9974711804052029
0.25,uniform,0.5,0.3010692959690218,0.8925781177862627,0.8793672685117864,0.904960027542826,0.999799137055287,0.999705971548836,0.999881980149322,0.9959553904303013,0.9943250890530131,0.9974840789847097
0.25,uniform,0.5,0.3141592653589793,0.8922751139539628,0.8788990681808949,0.9046221461674422,0.9997955126288449,0.9997018854806676,0.9998796545436925,0.9959833535376724,0.994366994650799,0.9974764452256825
0.25,uniform,0.5,0.32724923474893675,0.8918412544384599,0.8783635713744479,0.9041580213131968,0.9997931253415006,0.9997013241598074,0.9998770130527628,0.9960067373788509,0.9944317771352409,0.9974681109768879
0.25,uniform,0.5,0.34033920413889424,0.891114010793509,0.8775367020706618,0.9035055480243516,0.9997885017074943,0.9996936753953236,0.9998745079646425,0.9960212289045534,0.9944904947909662,0.997441633516064
0.25,uniform,0.5,0.3534291735288517,0.890457328411454,0.8766612508071767,0.9029797419702399,0.9997868130837486,0.999690790424802,0.999873110594463,0.996020165299692,0.9945217905328505,0.9974231035258266
0.25,uniform,0.5,0.36651914291880916,0.8899473480663986,0.8759452176595126,0.9026899337094004,0.999783619665517,0.9996858583428263,0.9998697614479961,0.9960123586089934,0.9945228665038287,0.9973965940135728
0.25,uniform,0.5,0.37960911230876665,0.8894796362185029,0.8752528817422658,0.9023348852066921,0.9997787189013913,0.9996792720687716,0.9998660828143555,0.995993487126475,0.9944998832322947,0.9973710344714034
0.25,uniform,0.5,0.39269908169872414,0.8890199130365078,0.8746774888324742,0.9019503918607916,0.999772161018924,0.9996681664084793,0.9998624716505213,0.9959658573790163,0.9944834975638526,0.9973473408199182
0.25,uniform,0.5,0.4057890510886816,0.8885726519449403,0.8741196457654231,0.9016678644066923,0.9997652871373859,0.9996564907687691,0.9998583038108811,0.9959324506808643,0.9944623912119132,0.9972983330206744
0.25,uniform,0.5,0.41887902047863906,0.8883093875312326,0.8736608929871379,0.9013906532519846,0.9997597982798231,0.9996475449443242,0.9998554705768067,0.9959118750475304,0.9944457136458801,0.997289341274294
0.25,uniform,0.5,0.43196898986859655,0.8880646353015028,0.8733119052891282,0.9012460940189718,0.9997537189160465,0.9996384115985645,0.9998521094012992,0.9958711092170183,0.9943854547744221,0.997246418831021
0.25,uniform,0.5,0.445058959258554,0.8876686482667195,0.8728069990491399,0.9009620296620932,0.9997481917769387,0.9996296350432672,0.999849038162676,0.9958394388748449,0.9942832104618229,0.997219243561511
0.25,uniform,0.5,0.4581489286485115,0.887162997786993,0.8721604213478663,0.9005666319560676,0.9997423320481933,0.9996192433816071,0.999844956554437,0.9957919801443875,0.9941917526092368,0.997187304165762
0.25,uniform,0.5,0.47123889803846897,0.8865570660180215,0.8713961799646157,0.8998546920704128,0.9997358356067932,0.999610184894273,0.9998407427932723,0.9957344527747977,0.9940871957659753,0.9971715057187306
0.25,uniform,0.5,0.4843288674284264,0.8858128213085865,0.8706003914312773,0.8991843176591112,0.9997289540584938,0.9995991659786221,0.9998356297435071,0.9956640442001929,0.9939608768490933,0.9971242109431465
0.25,uniform,0.5,0.4974188368183839,0.8850445992982436,0.8697098749338079,0.8986348761333839,0.999721843911162,0.9995876922264306,0.9998314483611004,0.995599746433466,0.9938175748648472,0.9971017152504073
0.25,uniform,0.5,0.5105088062083414,0.8843036363562059,0.8685234821028159,0.8978040870395394,0.9997141363214826,0.9995744781155866,0.9998269999307869,0.9955327386619776,0.9936854174321731,0.9970617835530893
0.25,uniform,0.5,0.5235987755982988,0.8835258745249108,0.8676697957827519,0.8971435503243286,0.9997056465359165,0.9995587603185131,0.9998216376812837,0.995434595848015,0.9934945906708618,0.9970213554398297
0.25,uniform,0.5,0.5366887449882562,0.8826395849454246,0.8666790344370945,0.8963432487112081,0.9996967958516261,0.9995432125359424,0.9998172760172878,0.9953382124993264,0.9932682315792688,0.9969930360682819
0.25,uniform,0.5,0.5497787143782138,0.881676077380697,0.8656302273899075,0.8954217133647667,0.9996871787269886,0.9995263510803389,0.9998123962685629,0.9952256175528523,0.9930699770974744,0.9969750154215329
0.25,uniform,0.5,0.5628686837681712,0.880659524299594,0.8645422726313707,0.894518918005437,0.9996777674000347,0.9995096284341931,0.9998085699788208,0.9951178163415323,0.9928585311128469,0.9969553227225415
0.25,uniform,0.5,0.5759586531581287,0.8794792001644426,0.8632890746038243,0.8934924663928023,0.9996672722455191,0.9994923068812662,0.9998037489206082,0.9950304291425521,0.9927014189456795,0.9968949154722435
0.25,uniform,0.5,0.5890486225480862,0.8783356587182983,0.8620919384019032,0.89239459670449,0.999655152692493,0.9994717301233592,0.9997964094496783,0.9949403430747493,0.9925373118620938,0.9968629567815531
0.25,uniform,0.5,0.6021385919380436,0.8771644365866296,0.8609146094135082,0.8911140014177878,0.9996430845168712,0.9994503415094844,0.9997903631369888,0.9948501453425137,0.9923374429372821,0.9968204208883464
0.25,uniform,0.5,0.6152285613280011,0.8759673881839588,0.8595994556777157,0.8901223373929665,0.9996318692020573,0.9994301732574257,0.9997864529627759,0.9947547620067235,0.9921339856811704,0.9967924115671795
0.25,uniform,0.5,0.6283185307179586,0.8748561168452018,0.8583459693589058,0.8892655610419504,0.9996185932553182,0.9994054893728298,0.999782021595529,0.9946735555094485,0.9919279024820347,0.9967608746253436
0.25,uniform,0.5,0.6414085001079161,0.8737900243915727,0.8571017341021847,0.8885323328018986,0.9996031703200626,0.9993778941868167,0.999774516016307,0.9945536612664867,0.9916742229808156,0.9967190951302665
0.25,uniform,0.5,0.6544984694978735,0.8727435165323524,0.8559706040881749,0.8875229155654815,0.9995883248884714,0.9993476940294188,0.9997689649620868,0.994441578369618,0.9914573752772108,0.9966741609298364
0.25,uniform,0.5,0.667588438887831,0.8717278241650018,0.8548205799196088,0.8867593314554275,0.9995741706918956,0.9993218299017904,0.9997627507713472,0.9943864205602649,0.991356001766924,0.9966036644576567
0.25,uniform,0.5,0.6806784082777885,0.8706241099566595,0.8536017232768304,0.885906884271973,0.9995592555295391,0.9992987623964751,0.9997527905171282,0.9943340517032517,0.9913241950827744,0.9965391610485942
0.25,uniform,0.5,0.6937683776677459,0.8696136618311258,0.852389329745727,0.8850374884911726,0.9995480285880566,0.9992865645357255,0.9997442079294963,0.9943048372654867,0.991207875706676,0.996555240860348
0.25,uniform,0.5,0.7068583470577035,0.8685097314545088,0.8512067310336628,0.8839943433764287,0.9995335267393823,0.9992648793186336,0.9997344416111149,0.9942665751983998,0.9911099314657578,0.9965629867435299
0.25,uniform,0.5,0.7199483164476609,0.8673818114141406,0.8499431329146201,0.883066779058437,0.9995141972667968,0.9992308682686681,0.9997208257907106,0.9942798467944809,0.9911659304985355,0.9965457252137487
0.25,uniform,0.5,0.7330382858376183,0.8658377360241679,0.8483647283749945,0.881667279186161,0.9994933069626688,0.9991963174742142,0.999708911927025,0.9942696999408996,0.9912444774953494,0.9964990246422861
0.25,uniform,0.5,0.7461282552275759,0.8642417751780864,0.8467157996602838,0.8801766070984046,0.9994705630716507,0.999155861723204,0.9996995895459097,0.9941674907376586,0.9911442080963556,0.9963958014886679
0.25,uniform,0.5,0.7592182246175333,0.8625323556019806,0.8448609583637944,0.8784791721895194,0.9994461991502557,0.9991162810945896,0.9996832101310298,0.9940781120280472,0.9911110854042141,0.9962742209424419
0.25,uniform,0.5,0.7723081940074907,0.8609268934270893,0.8429114028764654,0.8770751775966418,0.9994224850635033,0.9990870923171082,0.999668416673587,0.9940275190761426,0.9910848813791147,0.996214621368011
0.25,uniform,0.5,0.7853981633974483,0.8592640396422152,0.8411364289130451,0.8754549482336466,0.9993967994727596,0.9990511047904033,0.9996519339817962,0.9940128423562182,0.9911901529243943,0.9961270990640171
0.25,uniform,0.5,0.7984881327874057,0.8577092927902088,0.8392528024500082,0.873956939912062,0.9993667736600508,0.9990075567362864,0.9996318340798513,0.9940410592715052,0.9913286049422921,0.9961178052249416
0.25,uniform,0.5,0.8115781021773631,0.8559409587729276,0.8372089921240714,0.8726829817357621,0.9993332113771869,0.9989525260530344,0.999610127200063,0.994054983698862,0.9914612728764938,0.996082185497601
0.25,uniform,0.5,0.8246680715673207,0.8540843175130933,0.835516064000018,0.8708939424533508,0.9993003990149121,0.9988924023721986,0.9995883886704569,0.994015481638781,0.9915227765952419,0.9959987770779211
0.25,uniform,0.5,0.8377580409572781,0.8521535321735265,0.8334655357806003,0.8690857730326281,0.9992625584350446,0.9988465721331665,0.9995644466695416,0.9938913241892826,0.9914072632342094,0.9958622911058046
0.25,uniform,0.5,0.8508480103472356,0.8499578358920113,0.8312211659650159,0.8670607314812966,0.999230720863208,0.998826054834686,0.9995346651849979,0.9937168123322558,0.9912057894942432,0.99570190148735
0.25,uniform,0.5,0.8639379797371931,0.8478204146754128,0.8290955831177966,0.8651414321993801,0.9991900754597999,0.9987764847292969,0.9995037788028699,0.9935508699266823,0.9910352648929583,0.9955468187029082
0.25,uniform,0.5,0.8770279491271505,0.8455581662265254,0.8265217036319896,0.8630168466958273,0.9991387844495878,0.9986951738263814,0.9994744641326642,0.9934508686850266,0.9910070604946355,0.9954077368444038
0.25,uniform,0.5,0.890117918517108,0.8432383107506906,0.8240287918044684,0.8608885490411219,0.99908808274617,0.9986210826656197,0.9994434504670275,0.9933240553429518,0.9909443707555339,0.995271358615492
0.25,uniform,0.5,0.9032078879070655,0.8408630630833528,0.8216438273587994,0.8585682078561384,0.9990335624310961,0.9985412641243951,0.9994087647152,0.9931317313646347,0.9908077767569662,0.9950955608505961
0.25,uniform,0.5,0.916297857297023,0.8384094072140106,0.8192770857361444,0.8562493548319596,0.9989671772749055,0.9984380513343263,0.9993673990150378,0.9928299934939839,0.9903900431848273,0.9948718469949066
0.25,uniform,0.5,0.9293878266869804,0.8359367085866111,0.8166718756903234,0.8540482785625312,0.9988960810131512,0.9983282638516655,0.9993231264616973,0.9925032260338882,0.989892948140894,0.9946738510854847
0.25,uniform,0.5,0.9424777960769379,0.8334359793088016,0.8138921904416171,0.8518370468001082,0.9988332525451155,0.9982517005912295,0.9992759336946339,0.9921578097359095,0.9893938691384606,0.994458373916986
0.25,uniform,0.5,0.9555677654668954,0.8309236786737356,0.8111523276581312,0.8494121939020766,0.9987785615888874,0.9982068353487745,0.9992218995045091,0.9917750268963772,0.9889099274738183,0.9941964284447515
0.25,uniform,0.5,0.9686577348568528,0.8282756363708552,0.8085852087780165,0.8467157897387975,0.9986933729712298,0.998086221109091,0.999163852037748,0.9913553152975695,0.9883154441356334,0.9939185733604624
0.25,uniform,0.5,0.9817477042468103,0.8253617756999749,0.8054547803993438,0.8439701374652308,0.9985985336976276,0.9979499261818306,0.9991002031749409,0.9909029292687598,0.9877087376988095,0.9935995135370914
0.25,uniform,0.5,0.9948376736367678,0.8225589605942338,0.8025035565470493,0.8412660937074133,0.9985085650744536,0.9978249476698079,0.9990422191746956,0.9904008075885359,0.9870202335300391,0.9932200764745803
0.25,uniform,0.5,1.0079276430267252,0.8201360292132495,0.8001450657000673,0.8386913429543832,0.9984226359273953,0.9977219521895744,0.9989811922972873,0.9898504756494945,0.9863130254818349,0.9928544037840908
0.25,uniform,0.5,1.0210176124166828,0.8175948221054882,0.7977135317484433,0.8360067286447307,0.998319283211487,0.9975790306052126,0.998907643065799,0.9892399562767681,0.985440752183159,0.9924284245942403
0.25,uniform,0.5,1.03410758180664,0.8143789556823186,0.7943629528306039,0.8329310237304663,0.998199435529465,0.9974122907275009,0.9988261086685705,0.988543613748154,0.9844601421103121,0.9919110405602565
0.25,uniform,0.5,1.0471975511965976,0.8113213677478782,0.7915804590739522,0.8296870550149235,0.9980625188855075,0.9972195946352822,0.9987341845020625,0.9877884923766457,0.9834825074135041,0.9913482475747789
0.25,uniform,0.5,1.0602875205865552,0.8083824560053663,0.7886450927738089,0.8265091414731441,0.9979129146020428,0.9970079567610239,0.9986356493523705,0.9869883555783961,0.9823792704437992,0.9907645037641613
0.25,uniform,0.5,1.0733774899765125,0.8051422862146547,0.7854324837942064,0.8232028512187665,0.997750289652704,0.9967772083952442,0.9985299278605525,0.9860980452791273,0.9811144473025322,0.9901203421379383
0.25,uniform,0.5,1.08646745936647,0.801792668631918,0.7821727830923848,0.8199028542015064,0.9975796834099923,0.9965278956221342,0.9984119558824217,0.9851471163287121,0.9797919789788397,0.9894414866654557
0.25,uniform,0.5,1.0995574287564276,0.7983332496391928,0.7787295371314422,0.8164965847926748,0.997406394812408,0.9962856609145045,0.9982900835223367,0.9840724789879269,0.9784191266541331,0.9885802843437007
0.25,uniform,0.5,1.112647398146385,0.7947004866450764,0.7754972553384463,0.8126892645415733,0.9972262741652282,0.9960214245696613,0.9981634866132217,0.9830361656001201,0.9771155798249628,0.9877430021008394
0.25,uniform,0.5,1.1257373675363425,0.7910727171976849,0.772073964235378,0.8089925580234574,0.9970442679439798,0.9957649727181279,0.9980470727914286,0.9818707020348968,0.9756634220033482,0.9868495063440932
0.25,uniform,0.5,1.1388273369263,0.7875421648733559,0.7683027944202289,0.8055519182884057,0.9968475451477518,0.9954845451515504,0.9979141978257259,0.9806331969186179,0.9739860137226471,0.98591929626267
0.25,uniform,0.5,1.1519173063162573,0.7840667141987979,0.7647891080688,0.8021618214532983,0.9966281807192887,0.9951770276384089,0.9977664428707899,0.9792083491770196,0.9719835180978968,0.9848150459962648
0.25,uniform,0.5,1.1650072757062149,0.7805342511966096,0.7613724725764353,0.7985707662013902,0.996387219090506,0.994835779766795,0.9975964677050705,0.9777278925882831,0.9700074011140545,0.9837569398745935
0.25,uniform,0.5,1.1780972450961724,0.776913164485391,0.7577976079196211,0.794900661533534,0.9961451444535716,0.9944997147948998,0.9974211378775334,0.976209880500232,0.9679994259744693,0.9826573888741239
0.25,uniform,0.5,1.1911872144861297,0.7732359989847613,0.7539633677405824,0.7909913565119543,0.9958937885294122,0.9941635321155601,0.9972331527588285,0.9746804699642708,0.9661180676827978,0.9814472095342665
0.25,uniform,0.5,1.2042771838760873,0.7695585162996271,0.7502995835620517,0.7874186078203376,0.9956174944870159,0.9937905533394149,0.9970265745039671,0.9730068391863126,0.9640902080704318,0.9801078496580576
0.25,uniform,0.5,1.2173671532660448,0.7658637135711506,0.7464965807293196,0.7839356786274707,0.9953201799325361,0.9934108317155056,0.9967962482389718,0.9712274406133252,0.9617490491689742,0.9786869534474002
0.25,uniform,0.5,1.2304571226560022,0.762011898944548,0.7425900635880184,0.7800265474701183,0.9950204903816534,0.9930230637404595,0.9965736102626651,0.9693539135176973,0.9592504638757867,0.9773150210935008
0.25,uniform,0.5,1.2435470920459597,0.7581668326431967,0.7385025555462239,0.7760933289216334,0.9947106539925521,0.9926067006588296,0.9963411379752466,0.9672494610709089,0.9565620347949605,0.975740034291481
0.25,uniform,0.5,1.2566370614359172,0.7543756637961505,0.7345463538628345,0.7723145197099053,0.9943631706979484,0.9921345242378955,0.9960948855048997,0.9651364188309489,0.95376537737995,0.9741308116873658
0.25,uniform,0.5,1.2697270308258746,0.7503948835192592,0.7302876190125227,0.7682816777833235,0.9940036029469094,0.9916267074716848,0.9958453423441672,0.9627592333528511,0.9508493754193248,0.9721899619855581
0.25,uniform,0.5,1.2828170002158321,0.7464386363389156,0.7260838219343996,0.7644908644677547,0.9936263289776682,0.9910742497461109,0.9955726981730201,0.9603183639960156,0.9477944009999928,0.9702769647578373
0.25,uniform,0.5,1.2959069696057897,0.742510973237467,0.7219600080323917,0.7606502456371217,0.9932536676407285,0.9905706605295925,0.9953063751042117,0.9578212285674416,0.9447082572595328,0.96822424710662
0.25,uniform,0.5,1.308996938995747,0.7387313042331777,0.717801942404666,0.7572231879677114,0.9928774894342247,0.9900720523892936,0.9950241097413804,0.955366539018142,0.9415348493605884,0.9661540309207984
0.25,uniform,0.5,1.3220869083857045,0.734955600482399,0.7137225774857365,0.7537422869591451,0.9924942807124352,0.98956680665821,0.9947505126724354,0.9529407749764996,0.9388141241340645,0.9641250192944399
0.25,uniform,0.5,1.335176877775662,0.7312481801606862,0.7095522732808576,0.7502307294704083,0.9921042305484838,0.9890526084948943,0.9944865240156694,0.9505579136242868,0.9358333995881799,0.9622236055561881
0.25,uniform,0.5,1.3482668471656194,0.7276762006786209,0.70556378717193,0.747073546919394,0.9917074230067962,0.9885004210208891,0.9942217022341019,0.9479437590105334,0.9326416574332018,0.9602437812827571
0.25,uniform,0.5,1.361356816555577,0.7241529360329406,0.7017562063179418,0.7437188515443405,0.991309835534449,0.9879727096509072,0.9939484449333599,0.9453879097530566,0.9295025804850958,0.9582765559705205
0.25,uniform,0.5,1.3744467859455345,0.72072905112808,0.6980623580343124,0.7405204333816875,0.9909039008865731,0.9874284897039323,0.9936473806975308,0.9428977997203414,0.9265366760210898,0.9562083759757091
0.25,uniform,0.5,1.3875367553354918,0.7173202430890259,0.6944069951126383,0.7373880546382433,0.9904907725412201,0.9868798577144754,0.9933622208180065,0.94046937891274,0.9236466249879034,0.9541462566577802
0.25,uniform,0.5,1.4006267247254494,0.7141035031482104,0.6908911835005497,0.7345343622325811,0.9900799146513589,0.9863114060886139,0.9930916810360961,0.9380929989893115,0.9208660276817086,0.9522723074375048
0.25,uniform,0.5,1.413716694115407,0.7110277924347934,0.6874984669855768,0.7313787843303954,0.98967027822781,0.9857370119538982,0.9928062474849605,0.9357208778485928,0.9179644655145663,0.9503185489384248
0.25,uniform,0.5,1.4268066635053642,0.7080415741302545,0.6843446600553301,0.7287561662593085,0.98925993715463,0.9851678833936156,0.9925132563520618,0.93337542027789,0.9150566397504443,0.9484726705010803
0.25,uniform,0.5,1.4398966328953218,0.7051805397014638,0.6812898318381649,0.7262791232951894,0.9888631589914002,0.9846442183650731,0.992214507568702,0.9310522691844819,0.9120754308955364,0.9467750265307527
0.25,uniform,0.5,1.4529866022852793,0.702486584020264,0.6782915958298076,0.7237657021026896,0.9884852034556354,0.9841415697189593,0.9919727343284176,0.928769983739933,0.9091894918760037,0.9449541126453787
0.25,uniform,0.5,1.4660765716752366,0.699978229242928,0.6754568817726487,0.7214933632344875,0.9881361487123091,0.9836627813771857,0.9917498783943022,0.9266527019908369,0.9066199455864199,0.9432864456954324
0.25,uniform,0.5,1.4791665410651942,0.6976112309292816,0.6727423033489521,0.7192870109263245,0.9878124152763461,0.9831954894371723,0.9915327164041642,0.9248770954490962,0.9043958747867554,0.9417670592320567
0.25,uniform,0.5,1.4922565104551517,0.6954410970671985,0.6703578985042407,0.7172941332418363,0.9875151383436265,0.9827913504470386,0.991328462778861,0.9234411303386155,0.9026124435078007,0.9406186585246195
0.25,uniform,0.5,1.505346479845109,0.6935379033052832,0.6682936383796504,0.7155326251703246,0.9872441453675416,0.9824148596055089,0.991153795537077,0.9221963536647956,0.9011992647085855,0.9396392570397537
0.25,uniform,0.5,1.5184364492350666,0.6919204578528899,0.666460612636954,0.7140543133485806,0.9869635688346429,0.9819967687729151,0.9909677050714119,0.9211493392188332,0.9000245729058157,0.938830223537649
0.25,uniform,0.5,1.5315264186250241,0.6905929080897045,0.6648880728817219,0.7127890637542452,0.9866985033473953,0.9816353180526562,0.9907883259421005,0.9202452358137615,0.8989059622902033,0.9379687276447785
0.25,uniform,0.5,1.5446163880149815,0.6896095359012367,0.6636906311611503,0.7119263859703456,0.986476334038051,0.9813466080868029,0.9906274831994187,0.9194726217770013,0.8981540666093581,0.9372342105555335
0.25,uniform,0.5,1.557706357404939,0.6889282144688558,0.6629403102149556,0.7114242109056936,0.9862702156832213,0.9810740089946174,0.9904912558539265,0.9188359267806817,0.8976531794782496,0.9363551257216745
0.25,uniform,0.5,1.5707963267948966,0.6885299414837127,0.6625930137392068,0.7111249848328376,0.9860678225975366,0.980814329444589,0.990385198928876,0.9184091817150288,0.897242840968594,0.9358150695349442
0.25,uniform,2.0,0.0,0.6143458713864379,0.5812262766740982,0.6480514218170171,0.9702075927696715,0.9595126249429093,0.9792581269543259,0.7217664963210946,0.6519203720593045,0.7882406394642589
0.25,uniform,2.0,0.01308996938995747,0.6162099344142091,0.5826497506894444,0.6499697954168467,0.9709060962593404,0.9608448568217451,0.9796543697422104,0.7235893383364124,0.6537464322101468,0.7899659384996444
0.25,uniform,2.0,0.02617993877991494,0.6177652260915366,0.5846495181193256,0.6508589423618644,0.9721311493382766,0.962203199582215,0.9805940016107955,0.7266198122738253,0.6572863180239024,0.7931558667136451
0.25,uniform,2.0,0.039269908169872414,0.6185295509627667,0.58579329576006,0.6512265680548092,0.9733804253895838,0.9639255401588307,0.9814794221302887,0.7252358021501198,0.6567275262640306,0.7915728332183346
0.25,uniform,2.0,0.05235987755982988,0.6189375690505056,0.5863315844167658,0.6513651911201159,0.974168440944648,0.9649611384727572,0.9821100482752455,0.7259628819101818,0.6560981273083148,0.7928541525428461
0.25,uniform,2.0,0.06544984694978735,0.6196830515708988,0.5874212255695413,0.6521518126481688,0.9745186917513395,0.9655124698940907,0.9823682706219662,0.7297300548514318,0.6610828993204717,0.7947666917196972
0.25,uniform,2.0,0.07853981633974483,0.6199618956313496,0.5882575735279514,0.652132846181815,0.9749889859330497,0.9661554694357232,0.9827152780724109,0.7297280412097797,0.6610356154804482,0.7944874144907375
0.25,uniform,2.0,0.09162978572970229,0.6196808330600067,0.588281310193057,0.6509845020189081,0.9753872283210124,0.9667315658370003,0.9829767788338487,0.7282273897372051,0.6603358864153281,0.7925320430285857
0.25,uniform,2.0,0.10471975511965977,0.6196631728841818,0.5887728910932343,0.6508819278678376,0.9759610543145026,0.9674863856875642,0.9833470461832547,0.7232228193914746,0.6564782861563883,0.7864041575476501
0.25,uniform,2.0,0.11780972450961724,0.6197687982580341,0.5893987765459417,0.6498459320658542,0.9762251448762854,0.9679412977553093,0.9834815540747398,0.7180575301489648,0.6519588085891093,0.7818068344153967
0.25,uniform,2.0,0.1308996938995747,0.6198065350359003,0.5902288009167386,0.6486988648660982,0.9763353943152503,0.9682065330017556,0.983509556860906,0.7178296631856211,0.6518618514149015,0.7806087208794831
0.25,uniform,2.0,0.14398966328953217,0.6210958235121298,0.5917557120779972,0.6494510992494028,0.9763752237130112,0.9686107575252472,0.9832515203171016,0.7195898422215823,0.6535559662366748,0.782770753331231
0.25,uniform,2.0,0.15707963267948966,0.6227580453732032,0.5937510452377669,0.6508055013682235,0.976603609513412,0.9692098604555205,0.9832735725285435,0.7145527167379376,0.6462715071545649,0.7789997176298568
0.25,uniform,2.0,0.17016960206944712,0.6243223859048561,0.5954394040402207,0.6527795128406122,0.9770240007987269,0.9698165941581185,0.9834144846083828,0.7128493435029584,0.6448228700456331,0.778297050523725
0.25,uniform,2.0,0.18325957145940458,0.6253586004359005,0.5966984677848775,0.6530174605418334,0.9773580271387342,0.9704040994185037,0.9835422785810347,0.7117768135573247,0.6408764881173886,0.7790691907822016
0.25,uniform,2.0,0.19634954084936207,0.6255860811927011,0.5975788178667822,0.6523065652769815,0.9775926565763241,0.9710993482335495,0.9835396657120076,0.7122807601218049,0.6385756776191127,0.7809468430753141
0.25,uniform,2.0,0.20943951023931953,0.6253150184464793,0.598134512145207,0.6513693872566345,0.9777554153050061,0.9714394982057989,0.983539612350052,0.7129757802959201,0.6362842501984048,0.7831389216003656
0.25,uniform,2.0,0.222529479629277,0.6257899622243436,0.5992423765500907,0.6509589730807062,0.9778523473998816,0.9715966113016052,0.9835718161195934,0.7110975236843023,0.6331612403463935,0.7817582193482845
0.25,uniform,2.0,0.23561944901923448,0.627273905686571,0.6007524488862346,0.6525203051069894,0.9778166600713791,0.9717978212217991,0.9834670880031678,0.7099777073109895,0.6303611973761871,0.7825247928985837
0.25,uniform,2.0,0.24870941840919195,0.628504834805273,0.6024346690157849,0.6532171265141055,0.9779905152723226,0.9720554283725528,0.9835985937285705,0.7102558117178113,0.6265947069890703,0.7844362606577786
0.25,uniform,2.0,0.2617993877991494,0.6305589525675813,0.6051781924978636,0.6548171117842769,0.9781079646689405,0.9722767936504336,0.9837134244264915,0.7124717004128703,0.6263258029740011,0.7889289191347665
0.25,uniform,2.0,0.2748893571891069,0.6334147303996398,0.6081318936053994,0.6571515720474488,0.9784927239548687,0.9729346431862028,0.9838537417082304,0.7145385203795817,0.6278155723465704,0.7927573274378926
0.25,uniform,2.0,0.28797932657906433,0.6358398361030999,0.610597837758637,0.659961101661052,0.9787881548071157,0.9733257546901454,0.9840323828943013,0.7171383071885366,0.630878838537009,0.7959825458411585
0.25,uniform,2.0,0.3010692959690218,0.6387297678708869,0.614220674102853,0.6627349404170828,0.979410446835236,0.9741587209597732,0.984459987820892,0.7217276515610624,0.6360058329422299,0.798273189219837
0.25,uniform,2.0,0.3141592653589793,0.6420145487086139,0.6178783689690588,0.6658319515958433,0.9799782456638532,0.9749337072169242,0.9848929552149389,0.7250185860307566,0.639824873168484,0.8004853065122299
0.25,uniform,2.0,0.32724923474893675,0.6449037085601536,0.6213396142980293,0.6682952409104249,0.9805708011662496,0.97571087444228,0.9852854605106485,0.7302791546674143,0.6461651099447204,0.8055989863464462
0.25,uniform,2.0,0.34033920413889424,0.647287989276549,0.6246064679155399,0.6703500134161067,0.98107323777872,0.9764230074571899,0.9856268048347303,0.7346009826659631,0.6503086207473776,0.8095534712988827
0.25,uniform,2.0,0.3534291735288517,0.6501573060395702,0.6278428894292578,0.6726923097029591,0.9817004692118029,0.9772818712195814,0.9860173852718174,0.7408926477863647,0.6590051454785841,0.8147295786138344
0.25,uniform,2.0,0.36651914291880916,0.6546925162945579,0.6324985371468431,0.676674540720141,0.9822511370938548,0.9779628759004777,0.986408762735098,0.7492867672091132,0.6712808750692283,0.8204324878099566
0.25,uniform,2.0,0.37960911230876665,0.659494743170477,0.6374543265375006,0.6811703851057693,0.9826345657890686,0.9785186937435716,0.9866926828538035,0.7542811187603465,0.67852655656086,0.8243342412467758
0.25,uniform,2.0,0.39269908169872414,0.6634321181673252,0.6417066441285921,0.6851812161237157,0.9830371268299493,0.9790944004621837,0.9869710584710668,0.7588540993825951,0.6835085608805497,0.8287934549466995
0.25,uniform,2.0,0.4057890510886816,0.6667824756226332,0.6454613109929952,0.6879366664716924,0.9835129552393265,0.979664231051529,0.9872850488854452,0.7636669483542935,0.6903821434562073,0.8328378544287873
0.25,uniform,2.0,0.41887902047863906,0.6697920017715471,0.6491805132000832,0.6905181794022052,0.9842192595936581,0.980514876716175,0.9878270924085002,0.770193389055121,0.6986399950198663,0.8383118811460002
0.25,uniform,2.0,0.43196898986859655,0.6728946708686508,0.6526892469835139,0.6930791786688099,0.9851474407162142,0.9816117913524223,0.9885925391890157,0.7765604290847632,0.7073621185066046,0.8428261393788105
0.25,uniform,2.0,0.445058959258554,0.676021976341303,0.6565012866978595,0.6956022509161617,0.9859210548784075,0.9825688253423603,0.9891576838657997,0.7831633066546786,0.7169576558135412,0.8471153850442701
0.25,uniform,2.0,0.4581489286485115,0.6800811807953598,0.6608065852656331,0.6990096017078726,0.9865518935883842,0.9833622361768045,0.9896157300923027,0.7906003775052527,0.7278542247519704,0.8518387209336794
0.25,uniform,2.0,0.47123889803846897,0.6840751834458426,0.6650203426488153,0.7031810870953077,0.9870926960630974,0.9840794603835651,0.9900200158827093,0.7987332541563226,0.7388245528484629,0.8570655701451403
0.25,uniform,2.0,0.4843288674284264,0.6885331040147841,0.6693572080360398,0.7078725223219842,0.9876555777261852,0.9847881939751679,0.9903937395217373,0.8088472328918961,0.7503995600509066,0.8643708321201795
0.25,uniform,2.0,0.4974188368183839,0.6935224325976824,0.6741836603429414,0.7133967004211135,0.9882100527367718,0.9855061637288598,0.9908347998146146,0.8153672056683144,0.7581349356108837,0.8689229805701395
0.25,uniform,2.0,0.5105088062083414,0.6982917374099434,0.6792381978477027,0.7177111651178086,0.9888093203596541,0.9862035879013618,0.9913602153600277,0.8203242881438227,0.7648372226580351,0.8718310340603398
0.25,uniform,2.0,0.5235987755982988,0.7022555859068325,0.6841652688409126,0.7209780458801505,0.9894570898596445,0.9870499318716233,0.9918567741836757,0.8253933576089657,0.7714760261649907,0.8754140112185322
0.25,uniform,2.0,0.5366887449882562,0.7058829832394683,0.6883411281287878,0.7239389184977412,0.9899371947506248,0.9876504158326513,0.9921895331683496,0.8316933123289303,0.780487706232158,0.879134195643544
0.25,uniform,2.0,0.5497787143782138,0.7093123908399411,0.6924530890015217,0.7268181133353246,0.9903124599520026,0.9881836685918443,0.9924473359731874,0.8360382042397837,0.7876268975390502,0.8823219200175901
0.25,uniform,2.0,0.5628686837681712,0.713062373849032,0.6965872613719333,0.7305470162155019,0.9906832120605943,0.9887212000382027,0.99268916285993,0.8412378804537292,0.7953217460011663,0.8863628534497239
0.25,uniform,2.0,0.5759586531581287,0.7167125319770621,0.7003817264277735,0.7340135366267249,0.9910494292158122,0.9891746841466249,0.9929522749635507,0.8454257290466849,0.8019675307974429,0.8882423665075221
0.25,uniform,2.0,0.5890486225480862,0.7200139646307734,0.7040562526880342,0.7376129126528401,0.991435936340365,0.9896412098389309,0.9932354713627621,0.8499398459883665,0.8082536621989386,0.8904712584683458
0.25,uniform,2.0,0.6021385919380436,0.7233173488153392,0.7076059503569749,0.7407858997171395,0.9918265570669892,0.9901200640710712,0.9935381370076538,0.8544721350634776,0.8149175991217733,0.8932609999831953
0.25,uniform,2.0,0.6152285613280011,0.7264923459885226,0.710884874015078,0.7444034653962743,0.9921964495040699,0.990537811830727,0.9938339082408312,0.8576526767865231,0.8195682987637063,0.8949543237660472
0.25,uniform,2.0,0.6283185307179586,0.7293563978827301,0.7141417954134323,0.7470621868227978,0.992443093290806,0.9908020550186885,0.9940843707161724,0.8611871814336706,0.8229491641970852,0.8974427265960286
0.25,uniform,2.0,0.6414085001079161,0.7318834986830951,0.716807150867484,0.7492596751450075,0.9927319724120024,0.9911504136537369,0.9943068634038272,0.8647931061125377,0.8269216958180438,0.8994893456690702
0.25,uniform,2.0,0.6544984694978735,0.7342738389606223,0.7193768085012294,0.7515366685456754,0.9930074078980101,0.9914645147616816,0.9945277717957476,0.8684734102858186,0.8311372354029863,0.902288158120548
0.25,uniform,2.0,0.667588438887831,0.7368389473126418,0.7218655887594071,0.754142358245542,0.9931791586943266,0.9916758336805589,0.9946769406664208,0.872960924959937,0.8362927936172513,0.906100166881542
0.25,uniform,2.0,0.6806784082777885,0.739064451316035,0.7240025485389936,0.7559700824047074,0.9933278504862403,0.9918247467657989,0.9948226594335304,0.8771691703204932,0.8412785513078382,0.9098806623330474
0.25,uniform,2.0,0.6937683776677459,0.7405575658663109,0.7256045449143093,0.7573209372829725,0.9935489406618133,0.9920874092917015,0.9949608396880048,0.8802491234406301,0.8450536348619972,0.9126061941959273
0.25,uniform,2.0,0.7068583470577035,0.7413626876178517,0.7260845630523066,0.7581755848902153,0.9937411528441434,0.9923325849519733,0.9951242851421243,0.8831499823340291,0.848166615253597,0.9146166270758598
0.25,uniform,2.0,0.7199483164476609,0.7420539121563358,0.726825345002328,0.7583882046515448,0.9938572617590622,0.9924859787643574,0.9951910675302178,0.8852508707717613,0.8493266922361878,0.916243689707782
0.25,uniform,2.0,0.7330382858376183,0.7432571986897227,0.7279762435038108,0.759543378313568,0.9939125051308363,0.9925345832001844,0.9952204996081804,0.8870059124846454,0.8503886940126757,0.9180248795624856
0.25,uniform,2.0,0.7461282552275759,0.74401217860072,0.7290428405116172,0.7599088480673365,0.9939833615988989,0.9926264456534702,0.9953078794025306,0.8885158181446703,0.8517429814542957,0.9193162070142448
0.25,uniform,2.0,0.7592182246175333,0.7449438637865232,0.7297574243832686,0.760999248615173,0.9940480516202764,0.9926922688881921,0.9953597468462696,0.8890891067338184,0.8521748547801132,0.9200541526150747
0.25,uniform,2.0,0.7723081940074907,0.7453734498225902,0.7296055709558932,0.761643418449045,0.994049981383652,0.9926680641291771,0.9953957759798009,0.8896690931904762,0.8527046085803335,0.9207719931084574
0.25,uniform,2.0,0.7853981633974483,0.7453520433893793,0.7288819280725533,0.762078860024026,0.9941101493091189,0.9927255245262782,0.9954356930433638,0.8899837248070496,0.8529339193864172,0.921347075090304
0.25,uniform,2.0,0.7984881327874057,0.7452401004068235,0.7280452766783891,0.762257378369524,0.9941774940584085,0.992802029051883,0.9954865155434616,0.8901184434830468,0.8531696785646583,0.9217095637418667
0.25,uniform,2.0,0.8115781021773631,0.7447754464673421,0.727032034733872,0.7619117732030163,0.9942235509486842,0.9928548696071321,0.9955383246116587,0.8900573785548676,0.8531965568671555,0.9220074315042889
0.25,uniform,2.0,0.8246680715673207,0.7453246086478303,0.7270621360547017,0.7627936754195586,0.9942363845523822,0.9928703163762723,0.9955748701314264,0.8903091412060303,0.8515857871841489,0.9228286256288178
0.25,uniform,2.0,0.8377580409572781,0.7454268308411017,0.7266789062481785,0.7632164638406111,0.9942117130378078,0.9928234604999884,0.9955552540040252,0.8906415415838479,0.8519229511391021,0.9234504786134792
0.25,uniform,2.0,0.8508480103472356,0.7452640715973607,0.7258708191354797,0.7634109256200333,0.9940964215764517,0.9926350386894541,0.9954471877454077,0.8907131785342987,0.8522800122197929,0.9238420877040894
0.25,uniform,2.0,0.8639379797371931,0.7446034147857122,0.7248854386297233,0.763439224387916,0.9940021638351326,0.99247731070558,0.9953990782315835,0.8899875374851355,0.8504814183831825,0.923978985751343
0.25,uniform,2.0,0.8770279491271505,0.7435454255639695,0.7233742763583276,0.7623590236732061,0.9938142609298336,0.9921356494542762,0.9952768099127443,0.8889108120399053,0.8479082394431788,0.9236746104940607
0.25,uniform,2.0,0.890117918517108,0.7431595839411388,0.7224614150609103,0.7617640016990267,0.9936223725972702,0.9918237843518571,0.9951552794920376,0.8882654289725861,0.8459224194354533,0.9238382216890745
0.25,uniform,2.0,0.9032078879070655,0.7428338037179282,0.7216840689592066,0.7615151470270417,0.99352296330777,0.9916275754779295,0.995092761651358,0.8876227357658308,0.8450815727916521,0.9241346948918546
0.25,uniform,2.0,0.916297857297023,0.7425980601657041,0.7208264991528364,0.7614160884395414,0.993433587762956,0.9914185903836235,0.9950904938696523,0.8862510174870485,0.8420829145104721,0.9237670446342906
0.25,uniform,2.0,0.9293878266869804,0.7425410328789287,0.7203248220634823,0.7614226631633005,0.993354118017582,0.9912150731687889,0.9950837488367629,0.8852111926950196,0.8395819153581568,0.9241063174651197
0.25,uniform,2.0,0.9424777960769379,0.7425725424141677,0.7200439545271811,0.7613133216514419,0.9932603054582052,0.9909663279153272,0.995072274937816,0.8847772874559411,0.8376539792234925,0.9250897145940427
0.25,uniform,2.0,0.9555677654668954,0.7428553879038353,0.7202933825496967,0.7615662734489456,0.9931818613514144,0.9907955434401838,0.9950298191947483,0.8839868680412586,0.8353251403725246,0.9254403535012415
0.25,uniform,2.0,0.9686577348568528,0.7427290644377424,0.7201416669073707,0.7612886655812664,0.9931763554782126,0.9907485055016524,0.9950567941070743,0.8832735121289094,0.8332426811208627,0.9257307913528565
0.25,uniform,2.0,0.9817477042468103,0.7425716529489428,0.7201377789914511,0.761032048237954,0.9931717648339401,0.9906717473850853,0.995077572303832,0.8823897711224328,0.831578488142861,0.9255056308082932
0.25,uniform,2.0,0.9948376736367678,0.7426129576306022,0.7199471725047221,0.7610778301431967,0.9931638203649439,0.9906260163820461,0.9950977738476702,0.8820441614306663,0.8303429168652465,0.9257178119596466
0.25,uniform,2.0,1.0079276430267252,0.7427059699500681,0.7196280706495286,0.7613922602303745,0.9931604053517996,0.9905550959742059,0.9951055316773703,0.882202423731112,0.8295248634543092,0.9266148807264227
0.25,uniform,2.0,1.0210176124166828,0.7422985616484404,0.7187302889964536,0.7609039855428935,0.9931705736319486,0.9905423540369365,0.9951261728563184,0.881882051132829,0.8277728378561103,0.9268365237059533
0.25,uniform,2.0,1.03410758180664,0.742058402284305,0.7181610447812707,0.7610037010996584,0.9931685430937646,0.9905285265122167,0.9951322306798827,0.8822798271259841,0.8276254679089063,0.9274453656736308
0.25,uniform,2.0,1.0471975511965976,0.741491561709045,0.7175872114377472,0.7603983049691158,0.993142580948668,0.9904796824428626,0.9951107725668049,0.8826548070468493,0.8279768865616073,0.9277935184898186
0.25,uniform,2.0,1.0602875205865552,0.7410138524180722,0.7171329796575795,0.7600904851924699,0.9930561663439005,0.9903530504110025,0.9950431140435345,0.8825757092938754,0.82735063812971,0.9276325770326589
0.25,uniform,2.0,1.0733774899765125,0.740541087170023,0.7164995686213508,0.7599660775787324,0.9928940383307577,0.9900153194867362,0.9949573054409929,0.8827147804503865,0.8278320124840838,0.9276744251243842
0.25,uniform,2.0,1.08646745936647,0.7396200641890891,0.7155561468707063,0.7594877217753547,0.9927588564130271,0.9897280511583582,0.9949177238818303,0.8820658951514185,0.8271018629169066,0.9275244713330135
0.25,uniform,2.0,1.0995574287564276,0.7389148991244857,0.7148340209662903,0.759160015231655,0.992626664255114,0.9894649698098072,0.9948882038218844,0.8814289745058256,0.8261811970210097,0.9276250702733826
0.25,uniform,2.0,1.112647398146385,0.7385474297925598,0.7144534298439699,0.7590919124026344,0.9925594170415942,0.9894005386529342,0.9948184962394683,0.8811032330548422,0.8257049893187903,0.9277614118995802
0.25,uniform,2.0,1.1257373675363425,0.737802785663952,0.713952686216989,0.7584347641278684,0.9926192256331087,0.9896979942337372,0.9947503138066061,0.8802662885703968,0.8237825654700365,0.927620751332122
0.25,uniform,2.0,1.1388273369263,0.7379245459586024,0.7137092895395506,0.7586379989259117,0.9926831202553125,0.9900370130332259,0.9946816766779693,0.8798315197360521,0.8225335144464981,0.9277865435132604
0.25,uniform,2.0,1.1519173063162573,0.7379721981427699,0.7148518384765131,0.7583836545408024,0.9928373342941058,0.9903747307642123,0.994731685656663,0.8791770051788209,0.8209709179829444,0.92769094330932
0.25,uniform,2.0,1.1650072757062149,0.7379805120658222,0.7157376236079631,0.757860064575051,0.9929095208710678,0.9905092384166454,0.9947304467743255,0.8777878082857526,0.819979243870009,0.9274452566056064
0.25,uniform,2.0,1.1780972450961724,0.737125357444684,0.7147329808504542,0.7576858578510494,0.9928003474180862,0.9903007336914522,0.994726990617855,0.8782279428671452,0.8204895689017673,0.9276534071780425
0.25,uniform,2.0,1.1911872144861297,0.7370639102283674,0.7142126218080574,0.757657047080922,0.9927284828301265,0.9901761911044822,0.9946572784088601,0.8793622368406354,0.8220315853807829,0.9280450962340923
0.25,uniform,2.0,1.2042771838760873,0.7363968357969038,0.7137231021096647,0.7568566357329418,0.9924935648722797,0.9897587316964234,0.9944961524746401,0.8797079475750104,0.8224706757556061,0.9280504890940648
0.25,uniform,2.0,1.2173671532660448,0.7356513262211478,0.7128030789037675,0.7564497782401688,0.9923633574419976,0.9893890059384389,0.9945158270047738,0.8803355564398547,0.8232471127707089,0.9279166368841469
0.25,uniform,2.0,1.2304571226560022,0.7360469313958012,0.7135215286812746,0.7566949183700235,0.9922485913214039,0.9890725495236128,0.9945245826891456,0.8815289304796764,0.8249772431940157,0.9286859210655747
0.25,uniform,2.0,1.2435470920459597,0.7359404240478788,0.7137774821157847,0.7559142600860748,0.99226011459873,0.9891800590059184,0.9945084547262999,0.8831862259940331,0.8275327440577184,0.9291095404240848
0.25,uniform,2.0,1.2566370614359172,0.7360845561659377,0.7139915295376695,0.7554375098489393,0.9923816638967798,0.989519241348625,0.9945431462054669,0.8854459615351954,0.8312838795553826,0.9299851569005769
0.25,uniform,2.0,1.2697270308258746,0.7353704721357698,0.7127979739302495,0.7548915702909962,0.99247574344352,0.9897584898173876,0.9945238368970577,0.8879248157087055,0.8349565686238455,0.9308994937562348
0.25,uniform,2.0,1.2828170002158321,0.7339488815408742,0.7113011291375465,0.7536045306106769,0.9924584535989002,0.9898407683436998,0.9944580348030593,0.8906647922639506,0.8389524710755734,0.9324439682846184
0.25,uniform,2.0,1.2959069696057897,0.732291605297355,0.7093431138442746,0.7521958503832075,0.9922594554252946,0.989427983764022,0.9944182568449121,0.8932273502352795,0.8439403321940787,0.9330263787438378
0.25,uniform,2.0,1.308996938995747,0.7309262077273787,0.7082415090914468,0.7504937299272852,0.9920027299277631,0.9889581045608257,0.9942998405423645,0.89534192763526,0.846300184589169,0.9352705570687841
0.25,uniform,2.0,1.3220869083857045,0.7296119186087617,0.707222529869715,0.7492543402238468,0.9917956692384525,0.9884605804243154,0.9942790358478656,0.8970268126743265,0.8482661004362377,0.9363108070123238
0.25,uniform,2.0,1.335176877775662,0.7285541814206592,0.7064521285355987,0.7478888575365238,0.9918495899583072,0.9886196468060219,0.9942936201044699,0.8981035049415315,0.8501346247731565,0.9369047865574335
0.25,uniform,2.0,1.3482668471656194,0.7266554842114051,0.7036110405010391,0.7466481357872159,0.9918608307259328,0.9887352554570649,0.9942718469405565,0.8992011423380424,0.8519102396656677,0.937327495606505
0.25,uniform,2.0,1.361356816555577,0.7236085702713009,0.7002850457564106,0.7442211114378001,0.9917392247153128,0.9886697095753885,0.9942094958412577,0.9004559773598818,0.8545642688484046,0.9381899076534087
0.25,uniform,2.0,1.3744467859455345,0.7209191465491106,0.6965446596106113,0.7419927823733623,0.9914669372405308,0.9881630395272261,0.9940835143204831,0.9029718744983762,0.858724088468862,0.939308337910844
0.25,uniform,2.0,1.3875367553354918,0.7195422375530508,0.6950501325687388,0.7408231029339394,0.9911368362307985,0.9874876402198671,0.9939311025967275,0.9063558321062503,0.8645265462591838,0.9404712685708971
0.25,uniform,2.0,1.4006267247254494,0.7178306074016362,0.6938489707010954,0.7392241690213538,0.990707061021559,0.9867337986827469,0.993749676903605,0.9085079634158381,0.8687742041571964,0.9409939380922839
0.25,uniform,2.0,1.413716694115407,0.7163938239567756,0.6921415475594733,0.7380390513645666,0.9903199783105355,0.9859913305278865,0.9936126565250406,0.909953776194881,0.8712853530356562,0.941284590810053
0.25,uniform,2.0,1.4268066635053642,0.714325227918165,0.6896994828623515,0.7364023537207045,0.9900334891293775,0.9854176823882118,0.9935294768166144,0.9108365243292056,0.8738689780221919,0.9407943808258074
0.25,uniform,2.0,1.4398966328953218,0.7109586689982265,0.6857403703467689,0.7337147263860251,0.989705193893112,0.9849063218898552,0.993279157519,0.9120983780282268,0.877108321848741,0.94042423469223
0.25,uniform,2.0,1.4529866022852793,0.7075503028469466,0.6817159794096745,0.730596922822989,0.9893503463573659,0.9843831095339265,0.9930290684259416,0.9134526450993712,0.8802904115398654,0.9397607867678599
0.25,uniform,2.0,1.4660765716752366,0.7044543709560855,0.6780657719019015,0.727544322623481,0.9889979724914936,0.9839977712600346,0.9927012784132028,0.9148568053315537,0.8836626580531778,0.9392644653396174
0.25,uniform,2.0,1.4791665410651942,0.7014633624957894,0.6745261166764865,0.7246203389983382,0.988553333233833,0.9834201797264788,0.9923784198798753,0.9153960707669033,0.885341741859608,0.9386703314728735
0.25,uniform,2.0,1.4922565104551517,0.6986251888346899,0.6715204196265978,0.7218576991169396,0.9882298014749934,0.9830346369167868,0.9921588097403677,0.9162251708112609,0.8873878340928854,0.938210074099639
0.25,uniform,2.0,1.505346479845109,0.6960562008156966,0.6689118280181218,0.719211760822877,0.9879024524828468,0.9828662780389612,0.9917786081467536,0.9177058967461971,0.890756013670614,0.938304427278434
0.25,uniform,2.0,1.5184364492350666,0.6936656483934031,0.6666276382778543,0.7166008145962076,0.9873525708802607,0.9822004051908487,0.9913351593036498,0.9188829985561262,0.8932252392703726,0.9383901945313446
0.25,uniform,2.0,1.5315264186250241,0.6925896699648774,0.6661640839089934,0.7153978414636596,0.9867920226077227,0.9815361043082125,0.9909237629166127,0.9189961242775206,0.8946396363410629,0.9382187510794538
0.25,uniform,2.0,1.5446163880149815,0.6911055536804357,0.664746059536431,0.7139549784763806,0.9863808766327242,0.9809826776237099,0.9906619307922948,0.9186714711493909,0.8952894115252886,0.937263386210196
0.25,uniform,2.0,1.557706357404939,0.6897638291472581,0.6636202183962643,0.7124052225279104,0.9862343257470787,0.9809199285739773,0.9905485964440877,0.9186040759715857,0.8965838450037161,0.936581035065013
0.25,uniform,2.0,1.5707963267948966,0.6885299414837127,0.6625930137392069,0.7111249848328376,0.9860678225975366,0.980814329444589,0.990385198928876,0.9184091817150288,0.8972428409685941,0.9358150695349442
0.25,uniform,10.0,0.0,0.2977140404085619,0.255195628668787,0.33803757451943545,0.717951398215117,0.6503246868121181,0.780088889977726,0.3312966209293037,0.26364131868942675,0.3949689785148343
0.25,uniform,10.0,0.01308996938995747,0.2990439960511621,0.25523402704466,0.34031825854113024,0.7185968116885603,0.6489196145682588,0.7824281379104225,0.33102535096595204,0.2636287678224504,0.39225783329406005
0.25,uniform,10.0,0.02617993877991494,0.3006163616421514,0.2551114199847345,0.3425873760477175,0.7199108571527214,0.6473506878161538,0.7860303480625733,0.3361880490089461,0.2694573239768067,0.39755689338030253
0.25,uniform,10.0,0.039269908169872414,0.3020718333861577,0.2566883345358253,0.3452748483706235,0.7217615843039188,0.6473379162360349,0.7877975444728443,0.3388436326361494,0.26983435301096886,0.40415697707643605
0.25,uniform,10.0,0.05235987755982988,0.30472854303185526,0.25918542665377986,0.34775555167396405,0.726735111393003,0.6538333525751346,0.7918097250774426,0.34445753367494386,0.27342497888183365,0.4144929666880809
0.25,uniform,10.0,0.06544984694978735,0.30958662806777293,0.262989948343853,0.3530745504984664,0.7354040945822189,0.6654791933550066,0.7990948168244008,0.3522997497227765,0.27678608733246507,0.4275525461334101
0.25,uniform,10.0,0.07853981633974483,0.3168393139504009,0.27083872391636415,0.359947582778197,0.7454570632645989,0.6786122238323964,0.8057890498044642,0.3609605115080668,0.2827677023909209,0.43661656849149066
0.25,uniform,10.0,0.09162978572970229,0.3259098058939582,0.28250577214756895,0.3672508326282953,0.7604910602942471,0.6988259080693517,0.8159523873655764,0.3742894465381048,0.29734608119854145,0.45051632569844247
0.25,uniform,10.0,0.10471975511965977,0.33735993851153045,0.2963266761849316,0.3778651253045846,0.7764597074857083,0.7215601524950507,0.8253374848998934,0.3935552221986393,0.3175595006250769,0.4700499564044704
0.25,uniform,10.0,0.11780972450961724,0.35066282048830594,0.3124892251799344,0.3887270526882173,0.7931405542489477,0.7452039008515169,0.836708391804923,0.4129520216893681,0.3405118713242764,0.48781810593737457
0.25,uniform,10.0,0.1308996938995747,0.3667063239959007,0.3310336228066109,0.4030638783413794,0.8103894738757713,0.7679343411832819,0.8499436149518268,0.44324233583767175,0.3722166760933359,0.514309447838061
0.25,uniform,10.0,0.14398966328953217,0.3854857592849381,0.3517821918676502,0.4206463899249714,0.8302576584627527,0.7934385957386959,0.8650314342343478,0.47263012481103656,0.4054786493648717,0.5401755373140906
0.25,uniform,10.0,0.15707963267948966,0.4079570330616795,0.3765476442385965,0.44195959740780905,0.8495893026324057,0.8172402460688107,0.8808162897128919,0.5123222531588845,0.4478869201160644,0.5771393183635444
0.25,uniform,10.0,0.17016960206944712,0.4319774175714484,0.40096252551274714,0.4640299717059698,0.8705077579113896,0.8426522811832307,0.8974400719232686,0.5504986928724825,0.4900685310475059,0.6119476784044027
0.25,uniform,10.0,0.18325957145940458,0.45615999172201543,0.4256317792930903,0.4877850179138319,0.8881802641000093,0.8640367537484345,0.9106430704749012,0.589523160955835,0.5332722115108873,0.6478743939355909
0.25,uniform,10.0,0.19634954084936207,0.48025673979733696,0.4496238248813859,0.511571166666882,0.9055493873472608,0.8850626080228526,0.9246143581223576,0.6286583453255676,0.5749003324103734,0.6830601309910652
0.25,uniform,10.0,0.20943951023931953,0.5064975613753953,0.4763239797127786,0.5376384919834046,0.9197784728656472,0.9016389536738069,0.9365901354657031,0.6679325612594891,0.6188693485227659,0.7176713589400514
0.25,uniform,10.0,0.222529479629277,0.5296805202496943,0.4987817242739719,0.5610750422582146,0.9326095570823824,0.9164331319645436,0.9475036583366335,0.7035581298682257,0.6584269502587352,0.7489171818781155
0.25,uniform,10.0,0.23561944901923448,0.5536815208919227,0.5235949438084492,0.5855516774439281,0.9445499301146012,0.9309658515374163,0.9573483139416176,0.7361291458335807,0.6952355203038748,0.7789163163854078
0.25,uniform,10.0,0.24870941840919195,0.5768714059529761,0.5481141151248956,0.6076311309279806,0.9553177131242664,0.9442811144876202,0.9658604292529857,0.7669717402337869,0.7293614138877378,0.806030187332646
0.25,uniform,10.0,0.2617993877991494,0.599174562480533,0.5716225737366675,0.628356667698375,0.9640157263234359,0.9551557185540679,0.9726221524529809,0.7950353066643001,0.7612222884919713,0.830267831621784
0.25,uniform,10.0,0.2748893571891069,0.6191835162062774,0.592885832217251,0.646858613620632,0.9710333617889404,0.9639335744213511,0.9778929995316622,0.8182499142256016,0.7885327459139981,0.8496977588743817
0.25,uniform,10.0,0.28797932657906433,0.6383396646903494,0.6132433768654596,0.6651421536462383,0.9765638168008771,0.9708968898936938,0.9822216819370354,0.8408219590569771,0.81377213033595,0.8694071596786769
0.25,uniform,10.0,0.3010692959690218,0.6547831366592889,0.631302448095983,0.6794050156383817,0.9806181211606316,0.97595956375873,0.9852783689101315,0.8609193445999215,0.8362227583766685,0.8869482081301021
0.25,uniform,10.0,0.3141592653589793,0.6686041972277256,0.6467587297628427,0.6911321439801252,0.9834508515098576,0.9796419882069316,0.9873273521179222,0.8775268867198635,0.8547435521872535,0.9013253053129563
0.25,uniform,10.0,0.32724923474893675,0.6797789574830974,0.658878135489499,0.7013846150240329,0.9858402265795322,0.982498068795719,0.9890946466420032,0.892702857910555,0.8712054213914016,0.9147280179613098
0.25,uniform,10.0,0.34033920413889424,0.6875952178584969,0.6676414483374004,0.708208219994924,0.98738504491527,0.9845562471150926,0.990179796644612,0.9052535109919763,0.8851063457069912,0.9255066941328021
0.25,uniform,10.0,0.3534291735288517,0.6930782516793147,0.6741052473705135,0.712119511517338,0.9885459325418102,0.986057109832524,0.9910653773774645,0.916034900981639,0.8977196037637712,0.9344065325020242
0.25,uniform,10.0,0.36651914291880916,0.6982860193411579,0.679521398746497,0.7178926963662926,0.9891645372216943,0.9868999417979702,0.9914316287652903,0.9260925971102917,0.9096462972376105,0.9422427248546565
0.25,uniform,10.0,0.37960911230876665,0.7000442649516162,0.6816735473928694,0.7191759608699746,0.9893567506188465,0.9871764541612272,0.9915088458417324,0.9349471171350608,0.9202841204512885,0.9490685497870341
0.25,uniform,10.0,0.39269908169872414,0.6995233866029769,0.6818326917560663,0.7174035240760581,0.9893924134958388,0.9872401213485578,0.9914748633122044,0.9413547037892421,0.9289289168765641,0.9533634605204431
0.25,uniform,10.0,0.4057890510886816,0.6993711060044981,0.6817447633657017,0.7168382500597379,0.9894719773007553,0.9874076349821842,0.9914651019524057,0.9450919243163219,0.9343842061632993,0.9554389551584125
0.25,uniform,10.0,0.41887902047863906,0.6994350196345335,0.680820438582563,0.7185348902147951,0.9892834647043651,0.9870706669776964,0.9914445422201951,0.9481649338638664,0.9390073849511117,0.9571602154450077
0.25,uniform,10.0,0.43196898986859655,0.6989428117326709,0.6792931673488446,0.7183341915379122,0.9892722047061818,0.9869468150160754,0.9914777828718363,0.950177890456954,0.942003392447303,0.9582250815794027
0.25,uniform,10.0,0.445058959258554,0.6983624057252507,0.6792533894434698,0.7176635233606589,0.9891054952473084,0.9868272732723216,0.991283056314882,0.9513112198863286,0.9438853868934372,0.9586747741433973
0.25,uniform,10.0,0.4581489286485115,0.6959826715455592,0.6775092997965351,0.7145778821628717,0.9887422274349101,0.9865165317535729,0.9909717931884146,0.9520922053547484,0.9447277086973018,0.9594702068823672
0.25,uniform,10.0,0.47123889803846897,0.6946273603634143,0.6760027540952339,0.7136697721686136,0.9883223891180593,0.9859786426035273,0.9906972216329325,0.9512338956560701,0.9435494599590979,0.9588574109560729
0.25,uniform,10.0,0.4843288674284264,0.6927298165429111,0.6731473606035681,0.7124029344961421,0.9880837254999356,0.9856302107713325,0.9905782677714374,0.9503611780995219,0.9425998978267799,0.9581761180491367
0.25,uniform,10.0,0.4974188368183839,0.6909780746622379,0.6714986874099793,0.7112489047173912,0.9879654288816644,0.9854136882939212,0.9904518676508501,0.9496143262178093,0.9417446679319758,0.9577207774011424
0.25,uniform,10.0,0.5105088062083414,0.6910035869090452,0.6722270768279645,0.7112951261030755,0.9878750973527,0.98540386024811,0.9903722867690704,0.9490893100019907,0.9415960914791124,0.9570976482990661
0.25,uniform,10.0,0.5235987755982988,0.6883717866622078,0.6690031152861604,0.7086242640901398,0.9873505160126529,0.9848419535916185,0.989926037490623,0.947517182057315,0.9396779288210274,0.9556378192499861
0.25,uniform,10.0,0.5366887449882562,0.6872973245333122,0.6683511593492468,0.7073496312192997,0.9871702057050574,0.9845293455926041,0.9898576898549726,0.9468569387919724,0.9381480848909167,0.9551133738934208
0.25,uniform,10.0,0.5497787143782138,0.6882364620385816,0.6690049272110035,0.7080735210068709,0.9871831903735204,0.9844014649769198,0.9899595371051645,0.9452803670263942,0.9353563831785372,0.9542252609724647
0.25,uniform,10.0,0.5628686837681712,0.6898607343675619,0.6713297745321265,0.7095951242958798,0.9869695180559813,0.9841424171259205,0.9897768323848634,0.9431058680890639,0.9320451339247307,0.9527215740939555
0.25,uniform,10.0,0.5759586531581287,0.6905830707616268,0.6714803809978254,0.710545877373326,0.9869789488419447,0.9840444278103929,0.9898159796514067,0.9402546524089135,0.928151419301692,0.9507092841504475
0.25,uniform,10.0,0.5890486225480862,0.6900359452956978,0.6711305556457041,0.7103416817097483,0.9872515202679338,0.9844007658646962,0.9900701140708488,0.9384340935220293,0.9253376064640424,0.949481750423979
0.25,uniform,10.0,0.6021385919380436,0.6915013692178705,0.6726576556259066,0.7113040083901082,0.9873871649589377,0.9845221958721805,0.9901488111494395,0.9368042290061497,0.9228015449026058,0.9484178841108994
0.25,uniform,10.0,0.6152285613280011,0.6950332071156557,0.6763257640115443,0.7145624254874496,0.9873713166992321,0.9846023391417131,0.9900568098239115,0.9351406085791125,0.9197874595616489,0.9477394225439495
0.25,uniform,10.0,0.6283185307179586,0.6967632246103546,0.6787369588696411,0.7155844973011719,0.9873517830754232,0.9846525230005255,0.9899196030863406,0.9333267853464701,0.9170043217279427,0.9468436634355649
0.25,uniform,10.0,0.6414085001079161,0.6955564754685274,0.6778940649559962,0.7142381533038052,0.9873700454133311,0.9847523401311109,0.9898903609028001,0.9318805684562698,0.9150585387746507,0.9464446845821946
0.25,uniform,10.0,0.6544984694978735,0.6955468670328085,0.6784083301390493,0.7143431556423138,0.9873297413181467,0.9847829484201414,0.9898404263127675,0.9308045379570729,0.9132898192906946,0.9455782915453437
0.25,uniform,10.0,0.667588438887831,0.6949521133553187,0.6772711211878196,0.7134062597217994,0.9873111877869952,0.984728916346539,0.989905843138569,0.9295057156992873,0.9103448075162661,0.9455463310105019
0.25,uniform,10.0,0.6806784082777885,0.6948902001212734,0.6772185603735695,0.7131662113841207,0.9871120154199873,0.9842930032599568,0.9898241085539056,0.9287745817124348,0.9083617742279804,0.9453002335430236
0.25,uniform,10.0,0.6937683776677459,0.6950784631565975,0.6774977791424829,0.713432913133316,0.9869250377023042,0.9839395077918329,0.9897516536040355,0.9272061074801753,0.905351547578605,0.9449371984675438
0.25,uniform,10.0,0.7068583470577035,0.6953393258364128,0.6776026105762978,0.7138857075294304,0.9868932230694996,0.9839293941582794,0.9897552269410146,0.9259665039381727,0.9025733077930609,0.944410642380772
0.25,uniform,10.0,0.7199483164476609,0.6955829634739993,0.6773770903069858,0.7148591260820701,0.9869310669057961,0.9837570212328196,0.9898322543022305,0.9244128490419073,0.9003510300703177,0.9433762378263488
0.25,uniform,10.0,0.7330382858376183,0.6951851303523799,0.6767533086127336,0.7145665031604951,0.9868494239717399,0.9834506419154744,0.9899078807536296,0.9228063839033193,0.8974257600423997,0.9427287731436573
0.25,uniform,10.0,0.7461282552275759,0.695552868050353,0.676651910183832,0.7149274065209598,0.9867644074621524,0.9832192017436031,0.989911730620153,0.9206278547033776,0.8947518674333459,0.9411529769316493
0.25,uniform,10.0,0.7592182246175333,0.6955248966565716,0.6764823644913829,0.7150484097071994,0.9866734242411118,0.9827169643139237,0.9899453668191662,0.9192280777830594,0.8934719778296855,0.9401482738478534
0.25,uniform,10.0,0.7723081940074907,0.6944061128889304,0.6744511099780999,0.7142702841273657,0.9865747872623144,0.9823027034483893,0.9900148621582646,0.9180739541159095,0.892056677783737,0.9389834477766226
0.25,uniform,10.0,0.7853981633974483,0.6940432781957856,0.6732290302463956,0.7142070819631244,0.986366009728077,0.9817881105245665,0.9899778801072964,0.9164133260877106,0.8902561838213295,0.9377412123427147
0.25,uniform,10.0,0.7984881327874057,0.69309754485006,0.6711010798608625,0.7147308040398805,0.9859845042515065,0.981148500270039,0.9898601892430657,0.9154596604542294,0.8893860987446027,0.9373073170019327
0.25,uniform,10.0,0.8115781021773631,0.6924084911900076,0.6691598513457808,0.7143056724967214,0.9858197267321652,0.9805581259953089,0.9899585543318443,0.915099701117982,0.8885257205607099,0.9371482287426455
0.25,uniform,10.0,0.8246680715673207,0.6923430896615778,0.6677310792106484,0.7146995364438308,0.9855965850382226,0.9799171249460874,0.9900303844045852,0.9159712368150501,0.8900651595423799,0.9379861741166707
0.25,uniform,10.0,0.8377580409572781,0.6905325585512495,0.6651549320762565,0.7139343355609264,0.9852822250784169,0.9791111115028622,0.9900269948069655,0.9159560612777317,0.8898297650681198,0.9381792203510299
0.25,uniform,10.0,0.8508480103472356,0.688857662601759,0.662131609297986,0.7127321173854188,0.9850762629292014,0.9786794911682976,0.9900372710882007,0.9165180479069303,0.8900632685226976,0.9388928711871773
0.25,uniform,10.0,0.8639379797371931,0.6882132483812357,0.6597851249823644,0.7128779838361867,0.9853623109862424,0.978962859219637,0.9902982556852772,0.9169322802600998,0.8909842172660429,0.9389541275655376
0.25,uniform,10.0,0.8770279491271505,0.6895907215868163,0.6590623512341589,0.7153411752375678,0.9853229150046734,0.9789022031463928,0.9903086372832454,0.9173511000620742,0.8919568908046301,0.938842678608727
0.25,uniform,10.0,0.890117918517108,0.6886846121641229,0.6577697725869679,0.7145141249460727,0.9852305471520032,0.9785801509059657,0.9903154827479234,0.9168808285552273,0.8914556154146015,0.9385171378752412
0.25,uniform,10.0,0.9032078879070655,0.6881387798672299,0.6566904326173865,0.714343043463856,0.9849339870357222,0.9780687862562552,0.9902264869430817,0.9170757795035226,0.891270045223512,0.9392292458380096
0.25,uniform,10.0,0.916297857297023,0.68875453828407,0.6573183723521384,0.7154349007959153,0.985204366923056,0.9783442901151791,0.9904121320678606,0.9171080196962246,0.8921042772420851,0.9390424423024233
0.25,uniform,10.0,0.9293878266869804,0.6885060632952956,0.6566564423366805,0.7157101442585375,0.9848817453512901,0.977828697997699,0.9902281302687302,0.9168765745295073,0.8913238047389462,0.9389468951060628
0.25,uniform,10.0,0.9424777960769379,0.6888132903330493,0.6572852011988484,0.7161500159486852,0.9845637716578307,0.977388461185857,0.9900255541505297,0.9169717939746401,0.8913701146593167,0.939026143760399
0.25,uniform,10.0,0.9555677654668954,0.6898015879797198,0.6583945386038331,0.7172319453591343,0.9843485952730626,0.977031800515181,0.9899246664008398,0.9162746687075164,0.8903052299551205,0.938552838058885
0.25,uniform,10.0,0.9686577348568528,0.6890500184667098,0.6570044565963773,0.7169349442038977,0.9838693985007047,0.9763176084844036,0.9895967622440478,0.9159530366800115,0.8900028608129462,0.9382795603599487
0.25,uniform,10.0,0.9817477042468103,0.6871038144805981,0.654851782803778,0.7155410774748436,0.9835963502504746,0.9760883305394196,0.9892716269486947,0.9172550145412742,0.8927815278061806,0.9384147855880425
0.25,uniform,10.0,0.9948376736367678,0.6869724603119972,0.6551722545724553,0.7151624726142042,0.983168405393147,0.9756075965755956,0.9889514344808843,0.9179435764333675,0.8942824699141753,0.9384067594705283
0.25,uniform,10.0,1.0079276430267252,0.686794944446961,0.6552033014368864,0.7147046073341352,0.9832042651171914,0.9759037979980408,0.9888272850418515,0.9169793832571679,0.892569317118925,0.9375682140285411
0.25,uniform,10.0,1.0210176124166828,0.6858365337269662,0.6548199312244698,0.7134768057122728,0.9831433094642347,0.9756847148749905,0.988915641877666,0.91710085695737,0.8925605710596103,0.9380342179216161
0.25,uniform,10.0,1.03410758180664,0.6857698988281502,0.6543897440124014,0.7136985029381117,0.9830262225452241,0.9754187002626158,0.98888101423067,0.9176347078185771,0.8940869212682526,0.9375889792683288
0.25,uniform,10.0,1.0471975511965976,0.6846309055932642,0.6530961710324851,0.7126200071031596,0.9832510245445172,0.9758643102379718,0.9888949859491074,0.9188093863734615,0.8962782432207644,0.937853482142016
0.25,uniform,10.0,1.0602875205865552,0.6848013437789627,0.6539011775845559,0.7123949635363848,0.9834344816690023,0.9763920771513602,0.9888560974780045,0.9190554282546509,0.8964169800148827,0.9385202728372636
0.25,uniform,10.0,1.0733774899765125,0.6849470308224577,0.6538499725271706,0.7120495103689021,0.9838813194908248,0.9770873336551897,0.9890177812227067,0.9186623800510656,0.8958092696268153,0.9386421297966353
0.25,uniform,10.0,1.08646745936647,0.6852178044463413,0.6543701433903514,0.7115572865646654,0.9842109591681852,0.9776415286334942,0.9891788208471413,0.917680249166898,0.8941859070683537,0.9381616063896642
0.25,uniform,10.0,1.0995574287564276,0.684920734068165,0.6543929902969686,0.7111724038636135,0.9840632228177615,0.9773999587339945,0.9890966725239377,0.917206923988391,0.8938439938311067,0.9378445926647248
0.25,uniform,10.0,1.112647398146385,0.6850295716016737,0.6553010459220995,0.7109026491024826,0.9837935032422119,0.9770890875387273,0.9889331090581377,0.9181242941745847,0.8956585404014547,0.937974036098121
0.25,uniform,10.0,1.1257373675363425,0.6854320302806789,0.6558815545513669,0.7112116076575354,0.983814555566326,0.9771136652065654,0.9889565245705643,0.9189256390051456,0.896697760095362,0.9382637036944548
0.25,uniform,10.0,1.1388273369263,0.686614445903761,0.6577901744309461,0.7122081105144938,0.9839506212674579,0.977436440826067,0.9889993247415348,0.9192933915586323,0.8973800847823566,0.9385402348593153
0.25,uniform,10.0,1.1519173063162573,0.6864608858363161,0.6575539391730582,0.7117434216924726,0.9841402285684212,0.9776110287738959,0.9891499593820704,0.9198319273590699,0.8979686547235607,0.9389768883266983
0.25,uniform,10.0,1.1650072757062149,0.6856727212200718,0.6563046248093731,0.7110966213417165,0.9841235409736249,0.9775442766118978,0.9891735596717637,0.9198579606772527,0.8969105998124678,0.9390666275463418
0.25,uniform,10.0,1.1780972450961724,0.6849422336334943,0.655811113389001,0.710525752302211,0.9841107020925067,0.9776520242934656,0.9891161246126302,0.9203394468929939,0.8976657513355,0.9395524738798265
0.25,uniform,10.0,1.1911872144861297,0.685973432473545,0.6571615931405075,0.7113341656016192,0.9843138478645761,0.9781373523789851,0.989180642525537,0.920308345910192,0.8977133139625666,0.9393847748167543
0.25,uniform,10.0,1.2042771838760873,0.6871194778321974,0.658288820541773,0.7121190651454028,0.9842558565759707,0.977933372630935,0.9891645174199741,0.9201608362932757,0.8968879589057001,0.9394997906716845
0.25,uniform,10.0,1.2173671532660448,0.6880418428175612,0.6593311447958902,0.7124899643651439,0.9842125045528384,0.9776994356588988,0.9892134643837844,0.920062438858681,0.8963273600335552,0.9394229583420678
0.25,uniform,10.0,1.2304571226560022,0.6883019199532766,0.6599703946314321,0.712435197982561,0.9842959329725915,0.9777086790607139,0.9893847780090529,0.9198360887752172,0.8958983587332296,0.9392873340723342
0.25,uniform,10.0,1.2435470920459597,0.6879196026446657,0.6598040620693029,0.7120688231403691,0.9845012405899759,0.9779785867292962,0.9894717240218904,0.9202183549669178,0.8972179566249616,0.9390839905009658
0.25,uniform,10.0,1.2566370614359172,0.6872150618127589,0.658713939676909,0.7114341559692474,0.9845534272216504,0.9782827865331063,0.9894539061717291,0.9208869809115413,0.898624690777507,0.9391293369666284
0.25,uniform,10.0,1.2697270308258746,0.686404710933171,0.6578072898761345,0.7110918773801689,0.9847789601308451,0.9787861283510497,0.9895074126921113,0.9209550740125582,0.8990422766509469,0.9389362820237764
0.25,uniform,10.0,1.2828170002158321,0.6864046869553011,0.6579002993165812,0.7110386107812608,0.9849153526547436,0.9790371101986354,0.9895196722254729,0.9205009403322052,0.8991546666259366,0.9382004894925658
0.25,uniform,10.0,1.2959069696057897,0.6870604153545944,0.6589262730426869,0.711096822804816,0.9850438808259238,0.9794044215332183,0.9894886910113126,0.9194563456795564,0.8976801391153837,0.9375753857932699
0.25,uniform,10.0,1.308996938995747,0.6867042533667737,0.6593232772877714,0.710121812655608,0.9853267754183737,0.9798577248837587,0.9895715903400795,0.9190120123601325,0.8967287243199132,0.9373344880035188
0.25,uniform,10.0,1.3220869083857045,0.6861162265081125,0.6596604529588359,0.7093257253053502,0.9853944218823929,0.979929004536749,0.989619122853246,0.9185322301382045,0.8958867603178673,0.9372915792525418
0.25,uniform,10.0,1.335176877775662,0.6860651258252018,0.659866103676322,0.7087526789772919,0.9854150305060475,0.9800737276371452,0.9896987276174383,0.9178924981650236,0.8950450674944345,0.9366638907388651
0.25,uniform,10.0,1.3482668471656194,0.686002914207526,0.6599937025101332,0.7086559329441566,0.9854910010879449,0.9801261713663766,0.9898196223032302,0.917921910998329,0.8948536225805629,0.936607284550148
0.25,uniform,10.0,1.361356816555577,0.6856032058048372,0.6591479349833992,0.7081955033462732,0.9854480158505806,0.9799838665785294,0.9898823494895393,0.9179242959289035,0.8949943047549526,0.9364258014189154
0.25,uniform,10.0,1.3744467859455345,0.6857624088922867,0.6588124990895641,0.7090268772298176,0.9854405689199098,0.9798205396293964,0.989917498383499,0.9181474851085851,0.8958808388815522,0.9363513778645909
0.25,uniform,10.0,1.3875367553354918,0.6864709723606838,0.6593479682398832,0.7098678705658661,0.9854836705649263,0.9798780632038444,0.989984206572253,0.9181738745051674,0.8960793219017763,0.936149898593578
0.25,uniform,10.0,1.4006267247254494,0.6868691542294889,0.6597222130198572,0.7105280467918604,0.9854534035457408,0.9798225411960024,0.9899696868835428,0.9181845753285728,0.8960278927809824,0.9363033735495085
0.25,uniform,10.0,1.413716694115407,0.6872642644994245,0.6601497036535832,0.7107827016885274,0.985439740743577,0.9799288276038783,0.9898740477682325,0.9178693569270909,0.8957437177249973,0.9360674785670668
0.25,uniform,10.0,1.4268066635053642,0.6878173140306346,0.660822854253064,0.7114983434064177,0.9854781675935728,0.9801282848307828,0.9898440188822323,0.9175229580318507,0.8952626775179069,0.9358274586481464
0.25,uniform,10.0,1.4398966328953218,0.6879062444894344,0.6613812413216207,0.7112085298560397,0.9854832298005164,0.980111626936292,0.9898502338656898,0.9174852700049544,0.8951241082052035,0.935715581187113
0.25,uniform,10.0,1.4529866022852793,0.6878732744217304,0.661148977149345,0.7110307020830713,0.9855459621483426,0.9802200225266339,0.9899033949676189,0.9176846955561136,0.8952317788306269,0.9358341777056275
0.25,uniform,10.0,1.4660765716752366,0.687870967701604,0.66108299769014,0.7109854636586259,0.9856268366325961,0.980326106764951,0.9899549412061216,0.9177433069241498,0.8953012024294283,0.9358678619410545
0.25,uniform,10.0,1.4791665410651942,0.6878458788660899,0.6612779089268312,0.7108105064203936,0.9857343655533887,0.9805384421338005,0.9900514073634853,0.9178863126832484,0.8955501898930008,0.9358778786974101
0.25,uniform,10.0,1.4922565104551517,0.6878761060677113,0.6616086518096989,0.7107571802413907,0.9858193048289675,0.9806040552709253,0.990091452991144,0.9179646415597498,0.8958279120864715,0.9358569979735951
0.25,uniform,10.0,1.505346479845109,0.6880023872527276,0.6617524776265667,0.7107147001590953,0.9858822202155949,0.9806513126424498,0.99017200529401,0.9180681187600714,0.8961174492176536,0.9358296092183397
0.25,uniform,10.0,1.5184364492350666,0.6881372604946753,0.6619188072150913,0.7107594885765924,0.985927702110904,0.9806701431318106,0.9902422466776124,0.9180286596562262,0.8963376150525616,0.9356914933974186
0.25,uniform,10.0,1.5315264186250241,0.688259735843212,0.6621186291346678,0.7109437799812802,0.9859738962816932,0.9807018780824656,0.9902974701573399,0.9181125099296494,0.8966508389768708,0.9356806483191641
0.25,uniform,10.0,1.5446163880149815,0.6883653250776992,0.6623246274228486,0.7110521798068212,0.9860087836802655,0.9807419769308698,0.9903413446807617,0.9182545856122886,0.8969707568786293,0.9357139557979289
0.25,uniform,10.0,1.557706357404939,0.6884561652582599,0.6624921623476848,0.7111174523435011,0.9860395966037111,0.9807795668219922,0.9903644187860818,0.9183451973060621,0.8971645658043673,0.935755683048004
0.25,uniform,10.0,1.5707963267948966,0.6885299414837128,0.662593013739207,0.7111249848328378,0.9860678225975366,0.9808143294445891,0.990385198928876,0.9184091817150288,0.897242840968594,0.9358150695349442
0.25,gaussian,0.5,0.0,0.7100793709850598,0.6822557573482756,0.7371611508168318,0.9883947102419205,0.9822048678177259,0.9932532851109221,0.9381139504454258,0.91226150240509,0.9595198531474131
0.25,gaussian,0.5,0.01308996938995747,0.7125284162358786,0.6848090190457382,0.7392641224491646,0.9888729095464974,0.9828948744778168,0.9934982861700987,0.9390611637627296,0.9137292137096767,0.9603822404075832
0.25,gaussian,0.5,0.02617993877991494,0.7148836382733057,0.6875810258654182,0.7414330309601255,0.9892390547811414,0.9834295226474842,0.9937160555653797,0.940005795129831,0.9147867741325365,0.9611867312596953
0.25,gaussian,0.5,0.039269908169872414,0.7171797720269738,0.6900051576883088,0.7435328056495225,0.9896039541738562,0.983946044482342,0.9939363174633598,0.9409502201671622,0.9159864763294546,0.9619619285212545
0.25,gaussian,0.5,0.05235987755982988,0.7195984547655563,0.6925349487524463,0.7458026011378033,0.9899945806241653,0.9845039549611933,0.9941769648804003,0.9420773612777139,0.9173607808714206,0.9626812019374746
0.25,gaussian,0.5,0.06544984694978735,0.7218662088131045,0.6947932626109723,0.7477237385891644,0.9903814716890196,0.9851398669685312,0.9943744884911286,0.9431848233207427,0.9187614510197267,0.9636785475406624
0.25,gaussian,0.5,0.07853981633974483,0.7244987837091993,0.697490058266296,0.7503492422797697,0.9907659357121714,0.9857527301754198,0.9945857301293997,0.9439844276797938,0.92026364500807,0.9644889770520192
0.25,gaussian,0.5,0.09162978572970229,0.7270667944357023,0.7001376913917053,0.7528486588330127,0.9911106933492037,0.9863388537410008,0.9947749526740097,0.9446768847039243,0.9207787780833555,0.9651095034498453
0.25,gaussian,0.5,0.10471975511965977,0.7294202155536976,0.702016004198572,0.7551515066594303,0.9914487455810224,0.9868607167758601,0.9950069218432585,0.9454395734392422,0.9213120913976268,0.9657879045550406
0.25,gaussian,0.5,0.11780972450961724,0.7321073218172575,0.7046142138005278,0.7576807582672754,0.9917629588628304,0.9873624291805686,0.9951635064497025,0.9463096931879279,0.9220208338975368,0.9664958941031038
0.25,gaussian,0.5,0.1308996938995747,0.7348452591986901,0.70725799744807,0.7601936395595938,0.9920634174109272,0.9878866520802088,0.9953493894714278,0.9474081551773016,0.9234558405566896,0.9672030290714942
0.25,gaussian,0.5,0.14398966328953217,0.7375224251821345,0.7096927554412592,0.7623541102689432,0.9923370438053021,0.9883474695082949,0.9955065470087792,0.9485913201430524,0.9251340637222235,0.9678229683453332
0.25,gaussian,0.5,0.15707963267948966,0.7398727102589779,0.7119156653196596,0.7647542918034653,0.9925771793192624,0.9887697225246654,0.9956649386367927,0.9498637008209897,0.9270751578957576,0.9685512106002485
0.25,gaussian,0.5,0.17016960206944712,0.7419919439406603,0.7140016261294664,0.7669062361845688,0.9928615427414895,0.9891560682870135,0.9958423790910521,0.9510054339365848,0.9290459099776737,0.969127726536252
0.25,gaussian,0.5,0.18325957145940458,0.7443150735885454,0.7162514097640207,0.7693349885568842,0.993168959333429,0.989654321910939,0.9960406645876461,0.9521604384778972,0.9307521988554078,0.9697818910366576
0.25,gaussian,0.5,0.19634954084936207,0.7468685128329371,0.7189201348084039,0.7719361519378513,0.9934453913652245,0.9900829300992859,0.9962268893691889,0.9533308939460419,0.9326876319625718,0.970431785333857
0.25,gaussian,0.5,0.20943951023931953,0.7496456328585634,0.7218710233898443,0.7744796415416311,0.993708524608658,0.9905097666349939,0.9963745891252247,0.9544930625946401,0.9349103592941594,0.9712770209924184
0.25,gaussian,0.5,0.222529479629277,0.7520065106195353,0.7246601393614286,0.7767140044960428,0.99396980405638,0.9909037182181508,0.9965119786873705,0.9552316148064229,0.9362608892113475,0.9718007649407264
0.25,gaussian,0.5,0.23561944901923448,0.7542139573289363,0.7269588943000315,0.7787366527308556,0.9942599568734402,0.9913613199240638,0.9966799503337985,0.955881193673601,0.937237330437578,0.9719808635960123
0.25,gaussian,0.5,0.24870941840919195,0.756664662465225,0.7293773342592675,0.7810856312843609,0.9945294325338486,0.9917675952817802,0.9968223151246902,0.9567908529905275,0.938894451346997,0.9723060179226326
0.25,gaussian,0.5,0.2617993877991494,0.7591335785069075,0.7320515891214282,0.783426271431081,0.9947430769298927,0.9920400160620207,0.996954168513898,0.9578262492579007,0.9404927773339475,0.97276631674287
0.25,gaussian,0.5,0.2748893571891069,0.761465887325914,0.7347643912976091,0.785583202928116,0.9949772301600457,0.9923213116647573,0.997118038946072,0.9589358100238713,0.9422823277430069,0.973268732770671
0.25,gaussian,0.5,0.28797932657906433,0.7639315818583539,0.7373536156415393,0.7880711668852572,0.9951908976391044,0.9925938677308884,0.9972604254828554,0.9601068468187007,0.9441730169076635,0.97374694260987
0.25,gaussian,0.5,0.3010692959690218,0.766506634680399,0.7402224098849209,0.7902627918506645,0.9953448106443945,0.9928581526504247,0.9973578346501409,0.9612173701412862,0.9457807261869987,0.9742314315383285
0.25,gaussian,0.5,0.3141592653589793,0.7690708145722938,0.7428267182294055,0.792735516384446,0.9954925124544539,0.9930072699485663,0.9974761260746567,0.9622726061062141,0.9473904382500794,0.9748160343153889
0.25,gaussian,0.5,0.32724923474893675,0.7715786561349757,0.7455067807294787,0.7950107614725476,0.995657328469825,0.993222328855633,0.9975723996537225,0.9633084053419698,0.9490065392086788,0.975352901231299
0.25,gaussian,0.5,0.34033920413889424,0.7740481999612395,0.74823232929259,0.7973952461969902,0.9958896306410628,0.9935995693082472,0.9977016074210724,0.964469185152807,0.9503792085233101,0.976230039951645
0.25,gaussian,0.5,0.3534291735288517,0.7763573443325419,0.7507071490009035,0.799514633621079,0.996055553888889,0.9938680287123846,0.997794423673611,0.9654385805863136,0.9517483692462078,0.9768974079072592
0.25,gaussian,0.5,0.36651914291880916,0.7785210065385296,0.7528319989354654,0.8015738737263173,0.9961965285210544,0.994098899697018,0.9978849981572883,0.9662930745656547,0.9528912677323561,0.9775126829543465
0.25,gaussian,0.5,0.37960911230876665,0.7806529558731393,0.7554675579382124,0.803728234656531,0.996329235379497,0.9943350913662345,0.9979705803873031,0.9669580185163364,0.9537306145143458,0.978033302536019
0.25,gaussian,0.5,0.39269908169872414,0.7830879648533718,0.7581327401546334,0.8057997941502629,0.9964452422123675,0.9945180778921089,0.9980443609479579,0.9675569478209548,0.9545675312006163,0.9784870808823023
0.25,gaussian,0.5,0.4057890510886816,0.7853828600525065,0.7605571016628787,0.8079326300292117,0.9965523961567966,0.9946868655843553,0.9981112756456818,0.9680804416487465,0.954741731353992,0.9790859420220751
0.25,gaussian,0.5,0.41887902047863906,0.7875139494083049,0.7628080210148106,0.8098132488280604,0.9966826553373647,0.9948708084519615,0.9981893733780389,0.9685993325910854,0.9549566782184933,0.9796799940525999
0.25,gaussian,0.5,0.43196898986859655,0.7894418883848365,0.7647562409517947,0.8116627964782778,0.9968160886546812,0.9950452424667803,0.9982612427638375,0.9690281193520649,0.955209210092629,0.9800666971027088
0.25,gaussian,0.5,0.445058959258554,0.7911472993565664,0.7667525509056041,0.8132008453639736,0.996941634870976,0.9951982876129253,0.998310926484804,0.9693776406213087,0.9554815835486952,0.9804574837845895
0.25,gaussian,0.5,0.4581489286485115,0.7927669201340063,0.7684599938784397,0.8144543563425275,0.9970080367810472,0.9952739772546934,0.9983620616437997,0.9698097419013761,0.9557947510086767,0.9809677717627936
0.25,gaussian,0.5,0.47123889803846897,0.7943609740120453,0.7701694983443689,0.8156893127754508,0.9970750753105637,0.9953421338558381,0.9984260560880552,0.9703086334746428,0.956148797958201,0.9816600941931146
0.25,gaussian,0.5,0.4843288674284264,0.7957835601526262,0.7715144062613556,0.817309470295951,0.9971336918751056,0.9953559613970951,0.9984772986434137,0.9708150796485611,0.9564239201983606,0.9822850275947461
0.25,gaussian,0.5,0.4974188368183839,0.7972546729063937,0.7731496354481799,0.8188693365127171,0.9972240909105904,0.9954616220145829,0.9985422142935998,0.9712877532288365,0.9566223228809562,0.9827736954762698
0.25,gaussian,0.5,0.5105088062083414,0.7989458141165883,0.7748142963588626,0.820441626591019,0.9973249325642707,0.9956231228417184,0.998591763237466,0.9715932214112432,0.9568923555052073,0.9832909434335928
0.25,gaussian,0.5,0.5235987755982988,0.8008793329,0.7772510662814398,0.8221902759728869,0.9974290603183356,0.995810119765544,0.9986248492476422,0.9718855455411083,0.9567291493930014,0.9836698008290139
0.25,gaussian,0.5,0.5366887449882562,0.8024909991158887,0.779351909926203,0.8236470394994135,0.9975276366375495,0.9959714770678746,0.9986585139376928,0.9719550865153751,0.9565283547573699,0.9839953984959598
0.25,gaussian,0.5,0.5497787143782138,0.804050833480761,0.7810032976953186,0.8255277318152737,0.9976238120531068,0.9961384133798167,0.9986918519421955,0.9720729484977473,0.9562336891668154,0.984231644880174
0.25,gaussian,0.5,0.5628686837681712,0.8055256150402083,0.7825131721088183,0.8265453783587203,0.9977180995413457,0.9963006727222363,0.998731406073775,0.9722383402684914,0.9559976355186487,0.9844721655625386
0.25,gaussian,0.5,0.5759586531581287,0.8066820010142121,0.7837951636846504,0.8275637634328133,0.9978060367781247,0.9964654576457087,0.998771415389812,0.9723376762436549,0.9560601261288371,0.9846187753656026
0.25,gaussian,0.5,0.5890486225480862,0.807929111630628,0.7849593355177374,0.8286836754729194,0.9978755255709696,0.9965797367353457,0.9988149167428434,0.9724404039573114,0.9558216633716914,0.9848431348925516
0.25,gaussian,0.5,0.6021385919380436,0.809050637283821,0.7863690830706696,0.8292867912725996,0.997947789982735,0.9966934923387095,0.9988419452021927,0.972439006474131,0.9558494889909378,0.9849450413822514
0.25,gaussian,0.5,0.6152285613280011,0.8102355315344316,0.7877989816900932,0.8301407378092741,0.9980224630973703,0.9967956066879999,0.9988655798230661,0.9724290916651476,0.955570764573571,0.9849576116969703
0.25,gaussian,0.5,0.6283185307179586,0.8113523968666388,0.7893449699250603,0.8309792519468744,0.9980950666714982,0.996909623358495,0.9989003075648586,0.9724819100806931,0.9553562713008594,0.9851315797099061
0.25,gaussian,0.5,0.6414085001079161,0.812423240076631,0.7902845279594991,0.8319811864572861,0.9981573632219706,0.9970309514678686,0.9989224268840095,0.9725684763797418,0.9552704188618769,0.9853010672453046
0.25,gaussian,0.5,0.6544984694978735,0.813378134964892,0.79136397919006,0.8327001393380595,0.9981967133231593,0.9970845640204156,0.998946885799671,0.9726809990211737,0.9552756703539758,0.9855099793761435
0.25,gaussian,0.5,0.667588438887831,0.8142732976898516,0.7924090208016074,0.8336567203510376,0.9982209965071158,0.9971177159062474,0.9989672935906476,0.9728761153849198,0.9554194637212481,0.9857119636590518
0.25,gaussian,0.5,0.6806784082777885,0.8151095152208248,0.7933520268958012,0.8343961326234942,0.9982500608045947,0.997157624243725,0.9989899396494809,0.9731235334551318,0.9554261591076052,0.9858564279057983
0.25,gaussian,0.5,0.6937683776677459,0.815942627498381,0.7943319599692548,0.835236296896064,0.9982709650012348,0.9971727747183308,0.9990118292216151,0.973353240957766,0.9554531200783958,0.9860752068253111
0.25,gaussian,0.5,0.7068583470577035,0.816737653092973,0.7948419357228889,0.8361484032902281,0.998303131281753,0.9971885184255148,0.9990285651260051,0.9735449555146296,0.9553313515727067,0.9862194676129744
0.25,gaussian,0.5,0.7199483164476609,0.8173119405343107,0.7959428561650804,0.8368426633500682,0.9983319247075592,0.9972157938549151,0.999054967781832,0.9737922201470072,0.9553422633538268,0.9865051743190645
0.25,gaussian,0.5,0.7330382858376183,0.8179161882282283,0.7964822472624458,0.8375384981307055,0.9983533782342051,0.9972521142731003,0.9990707512189791,0.9740222335085038,0.9552756817960834,0.9867543274125607
0.25,gaussian,0.5,0.7461282552275759,0.818619497829505,0.7970169781744996,0.8382777808613844,0.9983779067781341,0.9973183593436635,0.9990797960710228,0.9742238728373763,0.9550946235608133,0.9870143094746319
0.25,gaussian,0.5,0.7592182246175333,0.8190738908571266,0.7974607333896375,0.8388050637892558,0.9983854729162194,0.9973618739904242,0.9990829931962983,0.9743797014166092,0.9548135193956151,0.9872711203829129
0.25,gaussian,0.5,0.7723081940074907,0.8193666769218751,0.7976909168843634,0.8391060676375295,0.9983951003171824,0.9973889525318557,0.9990886973237704,0.9745986862733785,0.9549762511161409,0.9874637023626255
0.25,gaussian,0.5,0.7853981633974483,0.8194639738114478,0.7977583849109368,0.8392989168104692,0.998413401104623,0.9974240012016322,0.9990983516897791,0.9747756513034327,0.9551505509989778,0.9875891374128566
0.25,gaussian,0.5,0.7984881327874057,0.8195321981576021,0.7978808090905712,0.8394630608688294,0.9984239235738182,0.9974540056180997,0.9991086370712605,0.9750065945660022,0.9555056974174966,0.9876232011991198
0.25,gaussian,0.5,0.8115781021773631,0.8198722977896119,0.7983483568787922,0.8397310524051103,0.9984367316796142,0.9974882165806611,0.9991219461934862,0.9752635981229552,0.9560198902384883,0.9876879056460778
0.25,gaussian,0.5,0.8246680715673207,0.8200889281137171,0.7986190647724699,0.8402027366014994,0.9984393835686419,0.9975027999695201,0.9991334896044898,0.9753736558907738,0.9559227995099931,0.9877621345351983
0.25,gaussian,0.5,0.8377580409572781,0.8201605293982052,0.7985941281173059,0.8401841629129563,0.998439936633447,0.9975221247220785,0.9991421441009892,0.9753412716251614,0.9557342741106134,0.9878810321616334
0.25,gaussian,0.5,0.8508480103472356,0.8198623157560548,0.7984069385351587,0.8401007938319239,0.9984550996657279,0.9975464229979674,0.9991533892092967,0.9753421732119816,0.9558096142497848,0.9878718538126082
0.25,gaussian,0.5,0.8639379797371931,0.8194488482060976,0.7980436618656397,0.8396715314182396,0.9984584125161309,0.9975596835302155,0.999158130298223,0.9754088737306231,0.9558211290930635,0.9881163857872295
0.25,gaussian,0.5,0.8770279491271505,0.8188410377270295,0.7971217649534942,0.8392860080205046,0.9984533215392233,0.9975565149275235,0.9991586169799289,0.975386912030749,0.9555190806065319,0.988145388950098
0.25,gaussian,0.5,0.890117918517108,0.8183783929833707,0.7963108068722864,0.8390084901248106,0.9984453692999273,0.9975371179564114,0.9991548026949268,0.9751741587829373,0.9550164070346925,0.9880834243451528
0.25,gaussian,0.5,0.9032078879070655,0.8179604979775142,0.7954495324612447,0.8389784816538896,0.9984186621527632,0.9975069031836725,0.9991492307732972,0.9749653051468695,0.9544680783531905,0.9880252081716379
0.25,gaussian,0.5,0.916297857297023,0.8174176879024877,0.7948243857629713,0.8385719094934072,0.9983902050832075,0.9974590071775038,0.9991290601087447,0.9749092340778854,0.954569776487043,0.9880147441346668
0.25,gaussian,0.5,0.9293878266869804,0.8167761975752379,0.7938624334264078,0.8380576460684372,0.9983585485101832,0.9974072701628781,0.9991108160004768,0.9747824256221591,0.9545322430032961,0.9878743718394802
0.25,gaussian,0.5,0.9424777960769379,0.8158013697059022,0.792862463935403,0.836950004131703,0.9983298209479292,0.9973657629077637,0.9990964214799405,0.9745731787326081,0.9538418377831399,0.9876867750442359
0.25,gaussian,0.5,0.9555677654668954,0.8149812437803425,0.7920948802613204,0.8363229941575854,0.9982893301612755,0.9973022600582235,0.9990747774364406,0.9743612758162482,0.9533936730799104,0.9875153106267621
0.25,gaussian,0.5,0.9686577348568528,0.8138632049535518,0.7909887600952323,0.835333227785959,0.9982442717309831,0.9972338642904481,0.9990599854058796,0.9740711687875788,0.9531535135095185,0.9873498617673074
0.25,gaussian,0.5,0.9817477042468103,0.8126527965663568,0.7893809799497664,0.8344319234436158,0.9981866165197927,0.9971294570727525,0.9990418414401879,0.9737321743608551,0.9524013550175926,0.9871455946084114
0.25,gaussian,0.5,0.9948376736367678,0.8113292254038712,0.787506715801683,0.8333379662013816,0.9981359005759464,0.9970392683553493,0.9990234584116213,0.9733541653708656,0.9517779610584258,0.9868732414223995
0.25,gaussian,0.5,1.0079276430267252,0.8098771850084799,0.7858181790718982,0.832194022933509,0.9980960654111136,0.9969872895356031,0.9989955349168593,0.9731800957497581,0.9518060365254694,0.9867011365971923
0.25,gaussian,0.5,1.0210176124166828,0.8083943578407228,0.7839432278210737,0.8311107014133853,0.9980523210984226,0.9969124409558615,0.9989743078491851,0.9730130892587545,0.9519255614448964,0.9865825249735549
0.25,gaussian,0.5,1.03410758180664,0.8069358794991249,0.782353108343779,0.8298641768551638,0.9979813161548271,0.9968114544502671,0.998937505264263,0.9727987426667858,0.9518972727529224,0.9862815046624367
0.25,gaussian,0.5,1.0471975511965976,0.8053166769843801,0.7807960329243459,0.8281350328846723,0.9979000549157829,0.9967024431772976,0.9989031865169871,0.9725667343342713,0.9516044480636062,0.9860026858037619
0.25,gaussian,0.5,1.0602875205865552,0.8037693180664336,0.7792451282887013,0.826440896809309,0.9978250709626472,0.9965859623091682,0.9988686127071892,0.9721560335251865,0.9511588505264208,0.9856278610487083
0.25,gaussian,0.5,1.0733774899765125,0.8019650446380945,0.7774021541343658,0.8246790962257065,0.9977438386578291,0.9964536874053556,0.998827314387097,0.9717675566139987,0.9507531503506763,0.9851842383646886
0.25,gaussian,0.5,1.08646745936647,0.8001505906608658,0.7757468722010518,0.8227486823701815,0.9976521088685103,0.9963245018409453,0.9987781110377734,0.9712520837746137,0.950234399837279,0.9846009597860511
0.25,gaussian,0.5,1.0995574287564276,0.7981978706908088,0.7739387533984713,0.8207631910163021,0.9975550087122803,0.9961890798624501,0.9987263422753461,0.9706922238784994,0.9499907238969388,0.9840466357084756
0.25,gaussian,0.5,1.112647398146385,0.7962305607774226,0.7719437880771481,0.8187743153586439,0.9974506277017708,0.9960437357908546,0.9986667521750348,0.9702832724365464,0.9498030643793767,0.9837954190463255
0.25,gaussian,0.5,1.1257373675363425,0.7941678192176179,0.7699395827191743,0.8168076264643701,0.9973516491610447,0.9959034236718779,0.9985976619147356,0.9697097237852953,0.949492013245867,0.983271513864127
0.25,gaussian,0.5,1.1388273369263,0.7919105470217015,0.7674365173052676,0.8145066558697126,0.997248340515649,0.9957537092078459,0.9985327183183677,0.9689396689441852,0.9488656980135116,0.9825729169996248
0.25,gaussian,0.5,1.1519173063162573,0.7896158905045573,0.7651457463907124,0.8122846717310964,0.9970983117638217,0.9955437578566496,0.9984531694930266,0.968045928334705,0.9479902731246468,0.9819348037502893
0.25,gaussian,0.5,1.1650072757062149,0.7871848668574947,0.7628707115172707,0.8098133981400488,0.9969588880196771,0.9953347016266411,0.998382867248919,0.9672606783796,0.9473354106069006,0.9812399696490124
0.25,gaussian,0.5,1.1780972450961724,0.7846492696536272,0.7600356324118724,0.8073211806638393,0.9968160985125282,0.9951102628361882,0.9982957866034129,0.9663795216040811,0.9463959905419927,0.9805595874285674
0.25,gaussian,0.5,1.1911872144861297,0.7819901389649956,0.7575253031185216,0.804511715723048,0.9966637797216572,0.9948677584164479,0.9982036824064753,0.9654551512902602,0.9456115758624655,0.9796028110072689
0.25,gaussian,0.5,1.2042771838760873,0.7793716105790475,0.7550386598580948,0.8020044166485015,0.9965013549904062,0.994631595856421,0.9981168277757566,0.964474583041202,0.9446679679755351,0.9787916192685153
0.25,gaussian,0.5,1.2173671532660448,0.7766474987854273,0.7523095143881554,0.7991995964520149,0.9963300215382352,0.9943761792683415,0.9980217301710061,0.9634546559355773,0.9437933808548488,0.9777882143373381
0.25,gaussian,0.5,1.2304571226560022,0.7738458477872405,0.7493391028586431,0.7964592433223938,0.9961542426876192,0.994098881164357,0.9979208119540014,0.9624725565757531,0.9429062563352771,0.9769767926825185
0.25,gaussian,0.5,1.2435470920459597,0.7709533624027919,0.7464964087720751,0.7936663975232309,0.995959877130494,0.9938073731425179,0.9977972748902678,0.9612331153415635,0.9415338373976999,0.9760717487561844
0.25,gaussian,0.5,1.2566370614359172,0.7678907307842827,0.7434674663370681,0.7904430274828143,0.9957430420442064,0.9934670276169553,0.9976538118164521,0.9599204391422455,0.9402622069839816,0.9749540429517001
0.25,gaussian,0.5,1.2697270308258746,0.7646772460999082,0.7402378997473551,0.7872231517313615,0.995516981091249,0.9930973769206278,0.9975147026884322,0.958695097233392,0.9389882655596637,0.9738270247674059
0.25,gaussian,0.5,1.2828170002158321,0.7613945656805786,0.7370679669637049,0.7841603975934339,0.9952829999538877,0.9927443888834387,0.997359100376352,0.9574217655139777,0.9375974746915761,0.9726407520125215
0.25,gaussian,0.5,1.2959069696057897,0.7580665651343907,0.7336833823548281,0.7809554903758008,0.9950452840285817,0.9924184804350108,0.9972062955234049,0.9560798670705594,0.9363134376371695,0.971362241278242
0.25,gaussian,0.5,1.308996938995747,0.7548046619927273,0.7302434574127706,0.7775954997905803,0.9947877817694692,0.9920254241560762,0.9970372947426694,0.9546740300975821,0.9346627906911337,0.9699647895351237
0.25,gaussian,0.5,1.3220869083857045,0.7517499376931164,0.7269107415789727,0.774838166392716,0.9945120364004008,0.9916295533544142,0.9968475957548304,0.9531248891505028,0.932988818199386,0.9686192235086807
0.25,gaussian,0.5,1.335176877775662,0.748533227953363,0.7233439482677659,0.7720262694783129,0.9942392658857185,0.9912141528873419,0.9966685176230652,0.9515144434419535,0.9311203680557941,0.9672959594136296
0.25,gaussian,0.5,1.3482668471656194,0.7451395681793382,0.7197228230840438,0.7689325898058524,0.9939523233540348,0.9908120373032854,0.9964798583078028,0.9498635010494207,0.9288857059950388,0.9658095841219079
0.25,gaussian,0.5,1.361356816555577,0.7418702327458293,0.7163189512681724,0.7659266418200388,0.9936392686876144,0.9904107398251933,0.9962600810552685,0.9481890953275443,0.9273679325776744,0.9644128873850207
0.25,gaussian,0.5,1.3744467859455345,0.7385116274751874,0.7127290953238407,0.7626157443735253,0.9932973299819938,0.9899175452932698,0.9960174985051848,0.9464210391739666,0.9255093116877058,0.9626203170162007
0.25,gaussian,0.5,1.3875367553354918,0.7350849039141737,0.7092028749028163,0.759339310070264,0.9929192829122641,0.9893751981706952,0.9957670982965516,0.9446274266320032,0.9234948712365201,0.9610847951469739
0.25,gaussian,0.5,1.4006267247254494,0.7317115294802994,0.7058201864509003,0.7558966182924712,0.992521719537617,0.9888212359859725,0.995511423431621,0.942705291371312,0.9215011081800969,0.959285732817018
0.25,gaussian,0.5,1.413716694115407,0.7283397945873827,0.702315830895313,0.7524775517567149,0.9921045518106051,0.9882610297722868,0.9952206339192144,0.9407751036919455,0.919616120179158,0.9576545030697179
0.25,gaussian,0.5,1.4268066635053642,0.7247929275719058,0.6985827772599743,0.7487834849014173,0.991666163593442,0.9876691194926582,0.9949029678133406,0.9388884593207996,0.9180205599431526,0.9557432477267473
0.25,gaussian,0.5,1.4398966328953218,0.7212949768119333,0.6950698370768439,0.7452733666361516,0.991207095248836,0.9870305813321888,0.9945850947481921,0.9370414593656046,0.9156820729900337,0.9539828326916946
0.25,gaussian,0.5,1.4529866022852793,0.71776474182897,0.6915965174358317,0.7416627644418906,0.9907282797878527,0.9864091577299543,0.9942281462403881,0.9351892534277731,0.9139371376701447,0.9522780168937686
0.25,gaussian,0.5,1.4660765716752366,0.7142810184751283,0.6882059777084516,0.7382018281247172,0.9902265570041725,0.9857737081423937,0.9938387503285873,0.9333479398235536,0.9117767976404072,0.9505419254268798
0.25,gaussian,0.5,1.4791665410651942,0.710822348157667,0.6845536917059293,0.7345274103730527,0.989727884172924,0.9851448140412362,0.9934462496166222,0.9313969960856056,0.9096007613702897,0.9487268831092985
0.25,gaussian,0.5,1.4922565104551517,0.7074100956333796,0.6812076145018086,0.7308915130974231,0.9892209902854218,0.9845202330091793,0.9930259974812253,0.9294397086382276,0.9074176249140276,0.9468794631121954
0.25,gaussian,0.5,1.505346479845109,0.7040873751573452,0.677946220443621,0.7272192063545881,0.9887113744880917,0.9838865051421448,0.9925924632508482,0.9275707519335682,0.9057046621118753,0.9449861606893128
0.25,gaussian,0.5,1.5184364492350666,0.7007689918315528,0.6746547558718642,0.7236470873366682,0.9881979215863339,0.9832990257723626,0.9921699204302644,0.9258013575666317,0.9038239386966184,0.9431867264241225
0.25,gaussian,0.5,1.5315264186250241,0.6976017708699004,0.6715680975249892,0.7203096631987749,0.9876860598065719,0.9827305435160714,0.9917865206788681,0.9239275132739272,0.9022687882002809,0.941397838909722
0.25,gaussian,0.5,1.5446163880149815,0.6945121573030005,0.6683835774481408,0.7173259570990258,0.987168786153048,0.982083330571552,0.991351655819475,0.9220380696667522,0.9006869632341141,0.9395361240096675
0.25,gaussian,0.5,1.557706357404939,0.6914737301158297,0.6654350588577175,0.7143839399884345,0.9866292281199497,0.9814435831617424,0.9908882932665559,0.9202415732692214,0.899036435567589,0.9376428111849363
0.25,gaussian,0.5,1.5707963267948966,0.6885299414837127,0.6625930137392068,0.7111249848328376,0.9860678225975366,0.980814329444589,0.990385198928876,0.9184091817150288,0.8972428409685941,0.9358150695349442
0.25,gaussian,2.0,0.0,0.6300012411999569,0.5925482356596562,0.664855940504828,0.9767180742807938,0.9678439403835839,0.9841256333381415,0.8711449153811155,0.837094219375298,0.9027818651232019
0.25,gaussian,2.0,0.01308996938995747,0.6303538480234211,0.5925974162380747,0.6649685651618589,0.9769550468856808,0.9681652864965554,0.9842650232048986,0.8731344973624645,0.838879098797559,0.9045972894480974
0.25,gaussian,2.0,0.02617993877991494,0.6308084225148216,0.5931890709987102,0.6661554224473686,0.9770674787555609,0.9683901135439036,0.9844512829824515,0.8749374195453145,0.841561474851087,0.9061088172273923
0.25,gaussian,2.0,0.039269908169872414,0.6321803284380382,0.5943503073758218,0.6680299023155871,0.9770343580815445,0.9683449312991202,0.9845629710919075,0.8740964534521165,0.8410372601978278,0.9056653148038184
0.25,gaussian,2.0,0.05235987755982988,0.633294020701172,0.595367809740337,0.6697972780361265,0.9768433034784071,0.968014000632844,0.9843492337052433,0.8727400964749504,0.8396209043717092,0.9056021218422791
0.25,gaussian,2.0,0.06544984694978735,0.6345552545001912,0.5957229439918663,0.6711888091970339,0.9767094196011384,0.9680267082133681,0.9841582404597495,0.8719723496109012,0.8365780650651738,0.9051198853688062
0.25,gaussian,2.0,0.07853981633974483,0.6354138903109428,0.5958630134325577,0.6728449970043112,0.9768275181326284,0.9682749978856474,0.9842184721562124,0.8712471070671922,0.8359256337482458,0.9053205823803225
0.25,gaussian,2.0,0.09162978572970229,0.6359755685357025,0.5960685148110165,0.673453438230193,0.9768935379009714,0.9685136502691194,0.9843556204050491,0.8692639300543415,0.8315891560074811,0.9041241018350665
0.25,gaussian,2.0,0.10471975511965977,0.6365216125249046,0.596156818881718,0.6743276453768918,0.9769611779181252,0.9685910659231282,0.9843936734486298,0.867821311128119,0.828543935490742,0.9034756185362578
0.25,gaussian,2.0,0.11780972450961724,0.6374497710103814,0.5968971325936743,0.6753572803717937,0.9770498754392231,0.9688487295814434,0.9845680056079328,0.8685249315770607,0.8288105961777983,0.9044271124227409
0.25,gaussian,2.0,0.1308996938995747,0.6379359704699041,0.5976523654694406,0.6763196816636139,0.9771683319261393,0.9688693477146562,0.9847920687365355,0.8677315124756356,0.8271239325568277,0.9046790102575634
0.25,gaussian,2.0,0.14398966328953217,0.6393906737845131,0.59929080470334,0.6779791757123743,0.9774194981632999,0.9689767976455094,0.9849788926064137,0.865776133010407,0.8241219122942601,0.9029860885008743
0.25,gaussian,2.0,0.15707963267948966,0.6410495032974305,0.6014767099813187,0.6794644041133872,0.9774279585717873,0.9689449190763396,0.9850916446610612,0.8641035874057238,0.8210819488085855,0.9024858272488828
0.25,gaussian,2.0,0.17016960206944712,0.642954065406305,0.6033349935777288,0.6812059296506336,0.9776874388834035,0.9693438497572584,0.9851758387002417,0.8608692990716192,0.8149580093175902,0.9011270223174394
0.25,gaussian,2.0,0.18325957145940458,0.6445319355220961,0.6055120080460817,0.6823531642787544,0.978093279379515,0.9701582938802598,0.9854575924080833,0.86072654940099,0.8145950174467409,0.9013462008375008
0.25,gaussian,2.0,0.19634954084936207,0.6459538237300163,0.6071907351928174,0.6832359740577291,0.9787877402001949,0.9711851541946189,0.9858127227676576,0.8621818149918276,0.8157881423707389,0.9032318842883791
0.25,gaussian,2.0,0.20943951023931953,0.6477074310093113,0.6096289952973974,0.6845939173655738,0.9793965241464706,0.9721135363557457,0.9861062466254445,0.8644732642595554,0.8179448755965252,0.9056781465560897
0.25,gaussian,2.0,0.222529479629277,0.6489075454182461,0.6112211572152887,0.6856979882528597,0.9799793991600566,0.972992274584159,0.9864268953168924,0.8669072195750672,0.8211088776247855,0.9073207293557253
0.25,gaussian,2.0,0.23561944901923448,0.650777670840995,0.6136543013597962,0.6871082741557065,0.9804161370654971,0.9736090612198605,0.9866601446077129,0.8695289162450947,0.8247128708169995,0.9094537723152001
0.25,gaussian,2.0,0.24870941840919195,0.6526288599258198,0.6158533557444931,0.6883141959263921,0.9805616000473565,0.9736962024102115,0.9867647491569618,0.8725556185257205,0.8285927870085734,0.9111347006661684
0.25,gaussian,2.0,0.2617993877991494,0.6548649243296898,0.6184819217078162,0.6900297979491228,0.9806504446409328,0.9737108679540445,0.9868981036745084,0.8753903925816383,0.8325857096132292,0.9134063491239074
0.25,gaussian,2.0,0.2748893571891069,0.6572421689188609,0.621473844037769,0.6919935173552311,0.9809063417786003,0.9738747375308848,0.9871686456249034,0.8782500077389833,0.8368538127221178,0.9149137530371817
0.25,gaussian,2.0,0.28797932657906433,0.6591012616860382,0.6233487511785608,0.6934345276222145,0.9813192572099844,0.9745152147505244,0.9874260711525795,0.8823722916382337,0.8410590956847489,0.9179217770065443
0.25,gaussian,2.0,0.3010692959690218,0.6613880315629834,0.6260934598805173,0.6951613585684101,0.981974781638569,0.9752756298946288,0.9878584707764321,0.886828026603031,0.8464522581750786,0.9206458725494481
0.25,gaussian,2.0,0.3141592653589793,0.6640395910969638,0.6293687534513217,0.697523419231648,0.98252903559165,0.9758132412600798,0.9882480782800404,0.8916743534152758,0.8526619351718498,0.9239917052836488
0.25,gaussian,2.0,0.32724923474893675,0.6673749651161017,0.6334274863784592,0.7002569456819728,0.9829191036319654,0.9762227787883632,0.9886278776758206,0.8951873946813556,0.8569593614911122,0.9262348506044668
0.25,gaussian,2.0,0.34033920413889424,0.6707090968958621,0.6371381530266033,0.7028446232677102,0.9832382162664502,0.9765040337368143,0.9889420351221395,0.8993741275447581,0.8627456681810804,0.9290469564368066
0.25,gaussian,2.0,0.3534291735288517,0.6745080258045807,0.6407283065865931,0.7060864335154585,0.9836949319932123,0.9770440000057773,0.9893223441345269,0.9031843392021525,0.8679113896585828,0.9320304684045336
0.25,gaussian,2.0,0.36651914291880916,0.6781503800968139,0.6455687113601156,0.7090408377808014,0.9844792568253818,0.9780043284533944,0.9897151756080673,0.905996201428026,0.87147826945152,0.9338765120952798
0.25,gaussian,2.0,0.37960911230876665,0.6828707391273827,0.6510055416856454,0.7131025691345336,0.9850554916314885,0.9788065823889484,0.9901079571438841,0.9085530642893053,0.8753251390104606,0.936149068831552
0.25,gaussian,2.0,0.39269908169872414,0.6868167886186636,0.6552910259902104,0.7165461996127284,0.9855115907349706,0.9792712680309728,0.9904953885362356,0.912053017558966,0.8803316705665437,0.9383953982523917
0.25,gaussian,2.0,0.4057890510886816,0.6905365115394314,0.6601839030548973,0.7191488549261951,0.9859496775156038,0.9798175036304122,0.9908004909911345,0.9158054056573711,0.8851980196915852,0.941071474325534
0.25,gaussian,2.0,0.41887902047863906,0.6951697728789067,0.6652064358041261,0.7232451220163474,0.9865217844926403,0.9805740506827111,0.9912351360513101,0.9193658683692019,0.8899306319772896,0.9440651562934664
0.25,gaussian,2.0,0.43196898986859655,0.6992285279451199,0.6698536752403431,0.7269431366886466,0.9872226893494601,0.981627379317854,0.9917478374604779,0.9234927347085592,0.8961175932234358,0.9467644113854732
0.25,gaussian,2.0,0.445058959258554,0.7030959554619702,0.6740086001370246,0.7309014243264472,0.9879326681078485,0.9824806611147026,0.9922290846623747,0.9280346440462414,0.9035787891599968,0.9496571285276402
0.25,gaussian,2.0,0.4581489286485115,0.7070931705740454,0.6778631057181187,0.7342137518121782,0.9885903331878682,0.9831809630057481,0.9927951404438352,0.931104610803264,0.9075653937165358,0.9520374270193394
0.25,gaussian,2.0,0.47123889803846897,0.7110240609831715,0.682196918353953,0.7382131269107292,0.9890625748117287,0.9838281474817618,0.993127513053442,0.9336877503171346,0.9109068646863051,0.9538005914411151
0.25,gaussian,2.0,0.4843288674284264,0.715433408043718,0.6871000253044164,0.7427483343677893,0.9896115840746718,0.9848211513924336,0.9934120905101005,0.9370408516201794,0.9159628099535492,0.9556031406677692
0.25,gaussian,2.0,0.4974188368183839,0.7194149437929163,0.691587834760745,0.7458426757994507,0.9903395958580532,0.9860191244113935,0.9937918823701967,0.9405340740257627,0.9211574562672568,0.9578905789100366
0.25,gaussian,2.0,0.5105088062083414,0.7229829713547776,0.696162996621528,0.7486624371328795,0.9910747705605559,0.987173887604373,0.9942434752391491,0.9431646718949857,0.9251290112156841,0.9592692494946811
0.25,gaussian,2.0,0.5235987755982988,0.727235349711075,0.7011524307119427,0.7522913616230131,0.9915935019457688,0.9879724342819807,0.9944854049200424,0.9453961539275468,0.927702025258496,0.9609923009649103
0.25,gaussian,2.0,0.5366887449882562,0.7306462716081062,0.70492352161639,0.7550276147859004,0.9921042650881411,0.9887291230274667,0.9948092518907126,0.9471423185345448,0.9297373981945021,0.9621673505957491
0.25,gaussian,2.0,0.5497787143782138,0.734248923919178,0.7090548394572815,0.7582241200341281,0.992555681488295,0.9894752333687244,0.9950896118844398,0.9483838562338528,0.9312059275265513,0.9634000549613015
0.25,gaussian,2.0,0.5628686837681712,0.737868244729108,0.7136718574894686,0.7610591016417627,0.9929188117253233,0.9899715590128395,0.9953253519608806,0.9498967030385868,0.9332252136038702,0.9646265360851813
0.25,gaussian,2.0,0.5759586531581287,0.7414236976925567,0.7179025294527177,0.7639103907541489,0.9932561010627675,0.990506555134307,0.9955089947502064,0.9515493295306396,0.9354660010458238,0.9657289896418535
0.25,gaussian,2.0,0.5890486225480862,0.7441291082541731,0.7212973129371929,0.7660201647961522,0.9936182408668991,0.9910280936084044,0.9957544639675522,0.9527336565543812,0.9367698205720741,0.9667398981196161
0.25,gaussian,2.0,0.6021385919380436,0.7459632028544615,0.7234468645375018,0.7671116217136662,0.9940133511157221,0.991610611011216,0.9960097216444471,0.9540374118151776,0.9381943613542179,0.9677632173694495
0.25,gaussian,2.0,0.6152285613280011,0.7475894287874176,0.7256300309284643,0.769043436484525,0.9943561381341234,0.9920686435723182,0.9962365170792652,0.9553313220962826,0.939584615971366,0.9688131348790954
0.25,gaussian,2.0,0.6283185307179586,0.7495302679738062,0.7274497896815347,0.7708223469899546,0.9946402577361989,0.9924859651462004,0.9964160773228697,0.9564650429233228,0.9412371257715346,0.9694547321130393
0.25,gaussian,2.0,0.6414085001079161,0.7517007778219892,0.729969772454405,0.7725832712239277,0.9948125799791981,0.9926734793979021,0.9965508817008334,0.9570570593339086,0.9420417821783397,0.969715489352745
0.25,gaussian,2.0,0.6544984694978735,0.753686986934662,0.7320612171774826,0.7749321258445193,0.9950409231365179,0.9929911885641681,0.9967101700178896,0.9574745204417979,0.9426451833634322,0.9700309554751049
0.25,gaussian,2.0,0.667588438887831,0.7552902365243191,0.7338291260701216,0.7761381026851527,0.9952107589284417,0.9932569548670706,0.9968107451033306,0.9578166048437241,0.9430742912689104,0.9704204469884825
0.25,gaussian,2.0,0.6806784082777885,0.7564919819436277,0.7357081990382743,0.7766047351405512,0.9953154694072439,0.9933627624797041,0.9969144032277694,0.9582263201777269,0.9437152163879637,0.9705465914867376
0.25,gaussian,2.0,0.6937683776677459,0.7576496837989977,0.7372307432606406,0.7776446688813244,0.9953579504210243,0.9933825956221125,0.9969717559814505,0.9588669330842436,0.9444043554265904,0.971041207833705
0.25,gaussian,2.0,0.7068583470577035,0.7583122805380281,0.7381345520572887,0.7779815438357044,0.9954670020260679,0.9935638148870852,0.9970542956928238,0.9590324834398379,0.9448190058347203,0.9708690096636677
0.25,gaussian,2.0,0.7199483164476609,0.7587016954385782,0.7383063275023114,0.778155924026794,0.9955356613466392,0.9936845902471096,0.9970796831763028,0.9591141052933455,0.944879290754378,0.9710439195434234
0.25,gaussian,2.0,0.7330382858376183,0.7591393752359084,0.738896270142204,0.7780281234493304,0.9955709396071031,0.9937484080706769,0.9970936634912648,0.959263593141994,0.9450907250201103,0.971049153479512
0.25,gaussian,2.0,0.7461282552275759,0.758986101286372,0.7388362759288948,0.777593761796754,0.9955743294258608,0.993749905030633,0.9970906813290256,0.9590920217720438,0.9446910203379423,0.9708104543111267
0.25,gaussian,2.0,0.7592182246175333,0.7590060962983781,0.7387762501725708,0.777335445627072,0.995657382875021,0.9938962510534112,0.9971209824961265,0.9586346625147614,0.9439756897334539,0.9704538361645989
0.25,gaussian,2.0,0.7723081940074907,0.7594727609750137,0.739193685093809,0.777646664435666,0.9956838781672118,0.9940045708863433,0.9971171115218362,0.9585169066070515,0.9435764568872141,0.9706831336099905
0.25,gaussian,2.0,0.7853981633974483,0.7593243009891446,0.7390058832554719,0.7775877079130381,0.9956912726542027,0.9940247414656895,0.9971020808274392,0.9583534351341757,0.9431214679955491,0.9706917944511652
0.25,gaussian,2.0,0.7984881327874057,0.7590713302488221,0.7387814793765493,0.7771775526579076,0.9957007809478946,0.994043107194891,0.9970821440253954,0.9578308796992275,0.9423740510863903,0.9705396006391067
0.25,gaussian,2.0,0.8115781021773631,0.758722612521832,0.7384778173586594,0.7767037208580971,0.9956886335408278,0.9940454690351034,0.997047685034487,0.9575044563564991,0.9418308139945676,0.9704250183425007
0.25,gaussian,2.0,0.8246680715673207,0.7583154613649241,0.7381439027631527,0.7764857786582942,0.9956170251856823,0.9939822495076267,0.996987251067028,0.956965122900768,0.940788040904325,0.9703553628357979
0.25,gaussian,2.0,0.8377580409572781,0.7580908508768379,0.7376680132090916,0.7765576535304352,0.9955607154078424,0.9939144874377981,0.9969436848163322,0.9563187912699477,0.9391296726693626,0.9704304078274179
0.25,gaussian,2.0,0.8508480103472356,0.7576304709685777,0.7369417890155431,0.7759752513608891,0.9955217186359487,0.9938793655853881,0.996925994881908,0.9556040977353808,0.9377360729258674,0.9704010785617541
0.25,gaussian,2.0,0.8639379797371931,0.757394877176532,0.7366617492578101,0.7758130641432527,0.9954896359384698,0.9938226813643095,0.9969098710855412,0.9548330076940078,0.936093792318597,0.9702524589824822
0.25,gaussian,2.0,0.8770279491271505,0.7572773904496345,0.7362493480852067,0.776212920874519,0.9954511852169562,0.9937615190043693,0.9968820196366897,0.9541808688003818,0.9345609811460417,0.9704827978385178
0.25,gaussian,2.0,0.890117918517108,0.7566054802702498,0.7348797884530684,0.7759637398224982,0.9954084167588592,0.9937097359260684,0.9968395028758232,0.9534177143639001,0.9331739986457322,0.9698386890643161
0.25,gaussian,2.0,0.9032078879070655,0.7560657097385867,0.7337854610304642,0.7757667902479207,0.9953589078717763,0.9936158041004607,0.9968074642198699,0.9529911313910101,0.9317873522437427,0.9701227062863435
0.25,gaussian,2.0,0.916297857297023,0.7557671314261833,0.7330418406646585,0.7756256757673732,0.9953098691159549,0.9935320170016827,0.9967777936551591,0.9521753032675627,0.9297517567201751,0.9699475527027502
0.25,gaussian,2.0,0.9293878266869804,0.755906278376686,0.7326483939665384,0.776376566116042,0.995283004226806,0.993438792811947,0.9967795225402996,0.9510554885600637,0.927069902008175,0.969785759428051
0.25,gaussian,2.0,0.9424777960769379,0.7558585351525805,0.7319013385880485,0.7766154026441676,0.9952340764003774,0.9933461367727171,0.9967302690274121,0.9496574935863576,0.9233895159742089,0.969713252866795
0.25,gaussian,2.0,0.9555677654668954,0.7553917127890647,0.731121299793158,0.7762333519943444,0.99516080913215,0.993212458591821,0.9967041795826864,0.9489106455869,0.9218011598751479,0.9694726439518416
0.25,gaussian,2.0,0.9686577348568528,0.7547696637179762,0.7305249733257866,0.7757479360084943,0.9951735429481717,0.9932525261525611,0.9967081906833619,0.9484301913690459,0.9206692805696055,0.9695554799129852
0.25,gaussian,2.0,0.9817477042468103,0.7541537194825464,0.7298225604859142,0.7753565070700187,0.995138117256754,0.99324659407434,0.9966870689434583,0.9476004989334618,0.9188800062500885,0.9690592508072432
0.25,gaussian,2.0,0.9948376736367678,0.753426592344101,0.728903624763943,0.7749821237230992,0.9950961636241464,0.993191515731518,0.9966335240049385,0.9468698520789505,0.9174604165485928,0.9688052331022144
0.25,gaussian,2.0,1.0079276430267252,0.753039297474027,0.7283121023438915,0.774370737105874,0.995023476791618,0.9931144329022514,0.9965713271586889,0.9463047512413177,0.9169856345297055,0.9683770885632692
0.25,gaussian,2.0,1.0210176124166828,0.7524162207603,0.7277384777077409,0.7737880406203167,0.9949834952558502,0.9930732548079931,0.9965209542489761,0.9463321507581951,0.916953990317273,0.968151587667637
0.25,gaussian,2.0,1.03410758180664,0.7518117098735702,0.7271152710453824,0.7730495013000582,0.9949090854507907,0.9929263885368754,0.9964902407232393,0.9467991196361272,0.9180049980786421,0.9681901122631601
0.25,gaussian,2.0,1.0471975511965976,0.7510714900294393,0.7262724664051581,0.7723320750326303,0.9948402879674595,0.9928328567768101,0.9964437444323649,0.9468483953787322,0.9185788072111087,0.9679932715152748
0.25,gaussian,2.0,1.0602875205865552,0.750687173483929,0.726176280566509,0.7718710179082513,0.9947726511024753,0.9927626429907458,0.9963857658588369,0.9470638877395228,0.9198392165587322,0.9677421030251796
0.25,gaussian,2.0,1.0733774899765125,0.7505587403342195,0.725728931924187,0.7720520386028941,0.994661582564223,0.992642669167055,0.9963008048483505,0.9471384357488398,0.9210238437530334,0.9672564953504942
0.25,gaussian,2.0,1.08646745936647,0.749755666203577,0.7248726753888278,0.7714398032697984,0.9945546862302268,0.9925197921762091,0.9962204778728284,0.9469379377972728,0.9221489623963822,0.9667254273587366
0.25,gaussian,2.0,1.0995574287564276,0.7487174915095234,0.7241160527838112,0.7704427775070096,0.9944564183734145,0.9923912616021734,0.9961501554960208,0.9467784437517013,0.9231649474399145,0.9660718575296654
0.25,gaussian,2.0,1.112647398146385,0.7478764554097159,0.7233817332964027,0.769726792895981,0.9943434371344128,0.9922355778396045,0.996074389425596,0.9459717979117412,0.9232005273512853,0.9648708517488227
0.25,gaussian,2.0,1.1257373675363425,0.7469656142633357,0.7222701653602349,0.7689114869166987,0.9942322595495273,0.9920893633839503,0.9959705923999221,0.9451403949814229,0.9229457749566994,0.9637394188526808
0.25,gaussian,2.0,1.1388273369263,0.7462652912641704,0.7212441239842929,0.7685301027932351,0.9941746751787134,0.9920196702092666,0.9959613886863556,0.9445655313657687,0.92281791322515,0.9627724073281495
0.25,gaussian,2.0,1.1519173063162573,0.7450351797158848,0.7199775595254249,0.7675661385764783,0.9940974586433367,0.9918776571275534,0.9959147329170256,0.9439601464124839,0.9225220002240391,0.9614371809047132
0.25,gaussian,2.0,1.1650072757062149,0.743351318304942,0.718328491734772,0.7655699855978589,0.9940118188093844,0.9917600746865382,0.9958371492639583,0.943306710578606,0.9225612964864806,0.9604171633715053
0.25,gaussian,2.0,1.1780972450961724,0.7416041363368576,0.7164795277763806,0.7637680203327459,0.9938723786779873,0.9915959677496237,0.9957456497540355,0.9425387447038424,0.9223471182678502,0.9594549792958738
0.25,gaussian,2.0,1.1911872144861297,0.740896387799824,0.7156687870451386,0.7631764216202552,0.9937904112993777,0.9915090494157602,0.9956708764700706,0.9422643732737704,0.922672019252276,0.9585222661651873
0.25,gaussian,2.0,1.2042771838760873,0.7402617917191626,0.7152343881189613,0.7620798408891688,0.9937510424977494,0.9914545349155084,0.9956335223032773,0.9415292584739353,0.92194629620298,0.957217596679827
0.25,gaussian,2.0,1.2173671532660448,0.739274296058236,0.7144962899660965,0.7608701727192682,0.9937116417073343,0.9913830235979938,0.9956217261418532,0.9411381373980974,0.9224787517856267,0.9559281161645641
0.25,gaussian,2.0,1.2304571226560022,0.7379385505881787,0.712899294934639,0.7595528856241729,0.9936064108481176,0.9912177098444077,0.9955952327151412,0.9410580902509866,0.9233262143497611,0.9551161488516753
0.25,gaussian,2.0,1.2435470920459597,0.7373040812515425,0.7122686328782264,0.7591330577055542,0.9934753501651327,0.990992967040244,0.9955241973675365,0.9408517384943753,0.9235014357806225,0.9548588573413006
0.25,gaussian,2.0,1.2566370614359172,0.7367068243459926,0.7119676969827545,0.7580880570900574,0.9933348830084169,0.9907716636107442,0.9954583912775413,0.9403240299269174,0.9235236513923407,0.9543685840847855
0.25,gaussian,2.0,1.2697270308258746,0.7354995378199628,0.7107008318293199,0.7565682241796685,0.99317973110476,0.9905126623999587,0.9953602887642333,0.9393789289453932,0.9223252303405348,0.9534127290965088
0.25,gaussian,2.0,1.2828170002158321,0.7340062860983106,0.709466559954807,0.7551768601579377,0.9930138395777374,0.9902562788469395,0.9952358870414978,0.9387903977961544,0.9219770957969047,0.9528615515870673
0.25,gaussian,2.0,1.2959069696057897,0.732598787059367,0.7076697825916206,0.7538051080259472,0.9928509440703047,0.9900370658804666,0.9951510132408902,0.9383983454997518,0.9219069866693222,0.9524224542952175
0.25,gaussian,2.0,1.308996938995747,0.7314095027817672,0.7060104393676818,0.7529836007638643,0.9926365157588273,0.9897267092236528,0.9949910725154726,0.9381077284861931,0.9215415939453221,0.9522462411610173
0.25,gaussian,2.0,1.3220869083857045,0.7293508183409307,0.7038520228063294,0.750919847264993,0.9924335796459646,0.9894842954902604,0.9948071679566474,0.9374060652856907,0.920798679662534,0.9518417387823291
0.25,gaussian,2.0,1.335176877775662,0.7269484860987744,0.7015178725986958,0.7484423481696703,0.9922136674270102,0.9891416554531546,0.9946849110540624,0.9367317314188429,0.9200066641832346,0.9513089631529658
0.25,gaussian,2.0,1.3482668471656194,0.7248658322613794,0.6998714948824777,0.7463660796073772,0.9919447788778584,0.988717164534185,0.9944717091448455,0.9363643543251322,0.9193343324229598,0.9509886100973156
0.25,gaussian,2.0,1.361356816555577,0.7236619484510851,0.6981963718251312,0.745497099826462,0.9917602999302105,0.9884817955554844,0.994356764647836,0.9363921871580686,0.9194073588513598,0.9510075791568415
0.25,gaussian,2.0,1.3744467859455345,0.7221329418827631,0.696285999494273,0.7439517168217715,0.9915423202333321,0.9882629991850159,0.9941312517407705,0.9363672712675065,0.91914046947307,0.9509359717010546
0.25,gaussian,2.0,1.3875367553354918,0.7199512150458807,0.6934094256273272,0.7421617251445446,0.9912575117988572,0.9878737979889054,0.9939345729792277,0.935755168422136,0.9183052645102872,0.9503550800682061
0.25,gaussian,2.0,1.4006267247254494,0.7175921970164798,0.6903824987043798,0.7405674897365784,0.9909045906308211,0.9874028904637188,0.9936966650788933,0.9354408446881651,0.9176279447811313,0.9499699522159063
0.25,gaussian,2.0,1.413716694115407,0.7153996289930608,0.6881474740926726,0.7389558706093229,0.9905068428946674,0.986826311272196,0.9934579634762474,0.9354250991517611,0.9175794956911798,0.950037862552534
0.25,gaussian,2.0,1.4268066635053642,0.7130965879880432,0.6855168763090699,0.736702221554796,0.9902184406171751,0.9864287122427455,0.9932014899995496,0.9347594962153573,0.9166736935344635,0.9495508765435196
0.25,gaussian,2.0,1.4398966328953218,0.7105175163220266,0.6829135802762178,0.73400420959217,0.9898726573362921,0.9859907419552965,0.9929465243075971,0.934066329790291,0.9158378130537982,0.948845621915691
0.25,gaussian,2.0,1.4529866022852793,0.7073821492629541,0.6799480315820159,0.7307831199550365,0.9894672068700587,0.9854298780730524,0.9926648512060777,0.9327923067705296,0.9140675888238632,0.9477694901455554
0.25,gaussian,2.0,1.4660765716752366,0.7045075581488424,0.677041610009787,0.7279364424644058,0.989027620723442,0.9847596923304616,0.9923875068710467,0.9308468226548157,0.9115650868594799,0.9461344895884634
0.25,gaussian,2.0,1.4791665410651942,0.7022895219805143,0.675255814750113,0.7254150979612567,0.9885757462858703,0.9841170082851499,0.9921420226002394,0.929030533054687,0.9094351112336283,0.9446892213483079
0.25,gaussian,2.0,1.4922565104551517,0.700085749145495,0.6734636931125538,0.723195948866961,0.9881614108862662,0.9835089340715611,0.9918512674774819,0.9273381917480129,0.9072557081751397,0.9431003269088718
0.25,gaussian,2.0,1.505346479845109,0.6979038807722748,0.6716788065775432,0.7208166798047936,0.9877054379913326,0.9828828594450146,0.9915675428562031,0.9254919685119818,0.9049253318462706,0.9417110306443758
0.25,gaussian,2.0,1.5184364492350666,0.6954974315514307,0.6692608343137642,0.7182284888443015,0.9872670671116857,0.9823705599827603,0.9912240492689175,0.9241155607707751,0.9030809724705142,0.9407567327595185
0.25,gaussian,2.0,1.5315264186250241,0.6932321865667919,0.6672951564003069,0.7158248314809816,0.9869033518259865,0.9819030180937891,0.9909471390517908,0.9227435928346078,0.9017549590749916,0.9395286742471515
0.25,gaussian,2.0,1.5446163880149815,0.6913603722455006,0.6655660799691795,0.7138022402473426,0.9866034205849616,0.9815607499559585,0.9907023528621117,0.9214039076489996,0.9002429930792072,0.9384082401016882
0.25,gaussian,2.0,1.557706357404939,0.689817917901625,0.6639408961260762,0.7120168292173205,0.9863460400982517,0.9812244203984388,0.9905369989813075,0.9198539511593347,0.8987676203202025,0.9371367683629089
0.25,gaussian,2.0,1.5707963267948966,0.6885299414837127,0.6625930137392069,0.7111249848328376,0.9860678225975366,0.980814329444589,0.990385198928876,0.9184091817150288,0.8972428409685941,0.9358150695349442
0.25,gaussian,10.0,0.0,0.41397279541727156,0.36932012232537614,0.45673306341665326,0.8589947007309373,0.8162501885787596,0.8988711628736662,0.5242956294446168,0.44784854922757156,0.5990224402599154
0.25,gaussian,10.0,0.01308996938995747,0.41287848594092075,0.3681956736727327,0.4550991881383908,0.8596441954648301,0.817913876428799,0.8986136564488276,0.5231808161107923,0.4470960853103323,0.5981560947860919
0.25,gaussian,10.0,0.02617993877991494,0.4129663827138441,0.3690403765585552,0.4557598720437393,0.8611561405930149,0.8195775066845085,0.8993656689105581,0.5237920647624411,0.4498108702996503,0.5973052764706247
0.25,gaussian,10.0,0.039269908169872414,0.41405908883746473,0.37097358328797925,0.4562909626823637,0.8647428832594944,0.8248243724977541,0.9015338053335112,0.5299310439291635,0.4541662372282701,0.6032846591416829
0.25,gaussian,10.0,0.05235987755982988,0.4177607095209779,0.37517980501446146,0.4600443367683158,0.8697167334101855,0.8314658114585984,0.9042091427346938,0.5342896773436934,0.45700630646867557,0.6096989073359316
0.25,gaussian,10.0,0.06544984694978735,0.42325868669654243,0.38143562701905837,0.46585610480968564,0.8755271665775409,0.8391441896859102,0.9082375393216771,0.5473249260866395,0.46947538932901345,0.6231193781382157
0.25,gaussian,10.0,0.07853981633974483,0.4299578154965369,0.38871508234665275,0.4722734815252233,0.8824853647671044,0.8479218698264008,0.9136250442110259,0.5648057856210996,0.4875564634745393,0.6399721095254276
0.25,gaussian,10.0,0.09162978572970229,0.43949525769911263,0.39813301346675345,0.48082132036966374,0.8896097630293139,0.8571338665113142,0.9185210538677903,0.5812861713056782,0.5037891943382438,0.6547093918821151
0.25,gaussian,10.0,0.10471975511965977,0.4491166880143702,0.40959724197336833,0.48828065609863425,0.897811072139552,0.8678462928665718,0.924167957593238,0.596273544080511,0.5182401986478314,0.6687481397954598
0.25,gaussian,10.0,0.11780972450961724,0.45974401181008445,0.42177528630124045,0.49643120899054616,0.9060953858276366,0.8786086474087632,0.9304065234017885,0.612070426240014,0.5341878455320264,0.6839803486884604
0.25,gaussian,10.0,0.1308996938995747,0.4725777099675465,0.43597941963295084,0.5079254466954982,0.9133469765343039,0.8884952369175307,0.9353333803219466,0.6289700314396219,0.5516816121303134,0.6992314698328453
0.25,gaussian,10.0,0.14398966328953217,0.4849661672945174,0.4493500623669084,0.5184143601964948,0.9213555406497212,0.8991233882945764,0.941106903182747,0.6484409023057106,0.5747537516543401,0.7151424756888876
0.25,gaussian,10.0,0.15707963267948966,0.49859343492172087,0.4648722880680301,0.5301095552197348,0.928848203942533,0.9091463599135886,0.9459499014352815,0.6697759480608036,0.6018579978642564,0.7314835052241271
0.25,gaussian,10.0,0.17016960206944712,0.5128642789269279,0.4806384220563109,0.5434235338436233,0.9357627659446912,0.9185152704475438,0.9508255566178656,0.6900550456338453,0.6283109531908093,0.7461013721480445
0.25,gaussian,10.0,0.18325957145940458,0.5276150050734124,0.49663194284813056,0.5573811853905879,0.9425393786603715,0.9272182734613758,0.9561359561004954,0.7113153523642303,0.6556538829350202,0.7625821362479412
0.25,gaussian,10.0,0.19634954084936207,0.541236905969867,0.5121572435603613,0.5689911675397676,0.9490057930830615,0.9351155971012073,0.9611787957966785,0.7315559663438065,0.6798071365781744,0.7774411751275158
0.25,gaussian,10.0,0.20943951023931953,0.5567484456315993,0.5292910786903745,0.5838625411146013,0.9551054695501447,0.9429735340260977,0.96573674983832,0.7493355902796407,0.7015157864199673,0.7918163749885057
0.25,gaussian,10.0,0.222529479629277,0.5700001085119569,0.5442749447310573,0.5960157880161576,0.9607161551208426,0.9501202618953623,0.9697976437827367,0.7699447405592719,0.726104865135397,0.8096221801075648
0.25,gaussian,10.0,0.23561944901923448,0.5837959542385632,0.5587715391769145,0.6096366607396903,0.9652677036332671,0.9562640766468076,0.973072146161927,0.7878476520242765,0.7465439634570248,0.8255281406077751
0.25,gaussian,10.0,0.24870941840919195,0.5978425288831023,0.5737329145632905,0.6231653887507689,0.9691643109448349,0.9614093641864573,0.9759781086846473,0.8032507517629605,0.7653465550836599,0.8380580822484651
0.25,gaussian,10.0,0.2617993877991494,0.6112750357801445,0.5872534362702596,0.6370283119803088,0.9725685460100091,0.9657602997970298,0.9787459013085636,0.8191841434739527,0.7829952619675433,0.8518686109897327
0.25,gaussian,10.0,0.2748893571891069,0.6234882768152233,0.5993780876906886,0.6494059114275033,0.9754143389165475,0.9696103079350546,0.980984669606764,0.8344257656525076,0.8008216686883711,0.8650572771261119
0.25,gaussian,10.0,0.28797932657906433,0.635394547598643,0.610894266511832,0.6611397353018564,0.9780176861719666,0.9727108462009699,0.9831447194365248,0.8494114433348131,0.8200542623986611,0.8773403206069366
0.25,gaussian,10.0,0.3010692959690218,0.645000823588027,0.6213170754608138,0.6704161256698995,0.980217928871275,0.9754554279557385,0.9848888842616755,0.8636891509197767,0.8365430205583545,0.8890571934707051
0.25,gaussian,10.0,0.3141592653589793,0.65411660868085,0.6304589539894019,0.6783643958665092,0.9820006012901202,0.9777469664842562,0.9862971559435657,0.8776096949623707,0.853896873820825,0.9001580759544832
0.25,gaussian,10.0,0.32724923474893675,0.662502842772352,0.6382515820580968,0.6873498439072142,0.9835048905697042,0.979407145445157,0.9874584234818459,0.8897696914483886,0.8685038551691553,0.9100427386962603
0.25,gaussian,10.0,0.34033920413889424,0.670886677681629,0.6466974906715963,0.6953974295568758,0.9846987225463167,0.9805539085306947,0.9885904355973877,0.8992814119037836,0.878747942800885,0.918171633624405
0.25,gaussian,10.0,0.3534291735288517,0.6779825526352586,0.6534475012179598,0.7022352750514925,0.985803106816174,0.9816702402676246,0.9895807790193839,0.9076040475974018,0.8887526351961538,0.9253018990911059
0.25,gaussian,10.0,0.36651914291880916,0.6842454746460431,0.6592711510123618,0.7078521802166032,0.9867367381560261,0.9825519215079289,0.9904146675542956,0.9137036409980056,0.8954939041339682,0.9306346642072797
0.25,gaussian,10.0,0.37960911230876665,0.689112412853249,0.6638173085354996,0.7126918884464487,0.9873116080875368,0.9831251340960682,0.9909867547282056,0.9192235212923046,0.9021037422933524,0.9355673731301872
0.25,gaussian,10.0,0.39269908169872414,0.6934198200170836,0.6691953990155558,0.7165814645031566,0.9877285989213243,0.9834781460689658,0.9914466817157711,0.9245878230599879,0.909046269272792,0.9394960195243572
0.25,gaussian,10.0,0.4057890510886816,0.6972133421351058,0.6728952830788814,0.7197313218907748,0.9881157709096708,0.9838327248601295,0.9917904836478412,0.9280280942591173,0.9136578553336754,0.9418827596873828
0.25,gaussian,10.0,0.41887902047863906,0.7009840477666373,0.6763620440042462,0.7236589267796684,0.9885003332935075,0.9843726557374286,0.9920005039898585,0.9316921869497589,0.9183616922506733,0.9444210067813565
0.25,gaussian,10.0,0.43196898986859655,0.7028023203180078,0.6784347070771678,0.7250151012172817,0.9889319681215075,0.9849461958229069,0.9922702335049718,0.9350473471856149,0.9226474779553017,0.9473360331667083
0.25,gaussian,10.0,0.445058959258554,0.7043585541450037,0.6802698890996979,0.7261784211680922,0.9892997516619649,0.985498105682213,0.9924201490224974,0.9377061175625742,0.9265172175625267,0.9490592553540852
0.25,gaussian,10.0,0.4581489286485115,0.7057937634961117,0.6824666162571192,0.7271971367442652,0.9896113715222822,0.9861455137025646,0.9925522371035742,0.940273751824524,0.9290972872674658,0.9512244437095413
0.25,gaussian,10.0,0.47123889803846897,0.7067598563922847,0.6839621336812483,0.7277033255181149,0.9897382047841977,0.9863590562094722,0.9926581293907255,0.9429609937136384,0.9322808405396122,0.9533393838831045
0.25,gaussian,10.0,0.4843288674284264,0.7084037079046782,0.685917759724144,0.7290888215385186,0.9900116691955146,0.9867213571153413,0.9928957785058038,0.9450394285520044,0.9346817760274908,0.9553790022088279
0.25,gaussian,10.0,0.4974188368183839,0.7091830548376583,0.6871151618380094,0.729471472444887,0.9901757834352628,0.9869335854147704,0.9930331661084575,0.9459373993380423,0.9353772780751853,0.9567901517243693
0.25,gaussian,10.0,0.5105088062083414,0.7095020223630941,0.6877644636919436,0.729664712428074,0.9901976076536133,0.9869198253445095,0.9930022091279249,0.9461347208894203,0.9351090885994773,0.9571746114519347
0.25,gaussian,10.0,0.5235987755982988,0.7105017651692497,0.6887377318285408,0.7310989485627204,0.9903472950014844,0.9871605393092351,0.9930687096431355,0.9462606831716633,0.9350340430632124,0.9571548602723253
0.25,gaussian,10.0,0.5366887449882562,0.711759138418785,0.6903651711209755,0.7325582142449186,0.990630972513259,0.9876380239843177,0.9932236469607839,0.9456686576446202,0.9342162991578626,0.9568233222082864
0.25,gaussian,10.0,0.5497787143782138,0.7133163444105232,0.6919730531223599,0.7343159708824119,0.9908178904020309,0.9879505040573616,0.9932937739222837,0.9447273246671598,0.932556713106872,0.9563855697459193
0.25,gaussian,10.0,0.5628686837681712,0.7134014303812876,0.6919283606666495,0.7343495561169261,0.9908621849325957,0.9880958738592296,0.9932757103088314,0.9432809211093253,0.9292675030265611,0.9559237524818733
0.25,gaussian,10.0,0.5759586531581287,0.7138086862800495,0.6922509327908639,0.7347684149616512,0.9909336020272902,0.9881754151556316,0.9933488241852576,0.9429333643775498,0.9292070290985405,0.9555942227346486
0.25,gaussian,10.0,0.5890486225480862,0.713863529606436,0.6924078465208482,0.7349534451832817,0.9908714961399414,0.9881497081014988,0.9932907118811422,0.9423838029840904,0.9284175843031917,0.9551636652507474
0.25,gaussian,10.0,0.6021385919380436,0.7135959602060956,0.692150168064489,0.7349076125920346,0.9907440303650342,0.9880951693628214,0.9931446437196314,0.9428922583405949,0.9291389173394552,0.9552562092054274
0.25,gaussian,10.0,0.6152285613280011,0.7133198970198742,0.6916437774799921,0.7353553111063792,0.9906048055904971,0.9878880243858786,0.9930531005413005,0.9426091270518566,0.9279230982571164,0.9558592704228199
0.25,gaussian,10.0,0.6283185307179586,0.7119041126889566,0.6902951614734975,0.7340707985815752,0.990333581406274,0.9874451192313412,0.9929138989620712,0.9427536300916856,0.9282211719565956,0.9555580985496034
0.25,gaussian,10.0,0.6414085001079161,0.7113886584073809,0.6891326047860583,0.7340727341750064,0.9901440259401827,0.9870691742414136,0.9929288196330501,0.9436478286954108,0.9295486804046879,0.9560643613849524
0.25,gaussian,10.0,0.6544984694978735,0.7097149494017425,0.6866732253809833,0.7330487477488272,0.989896886282004,0.9865566588978578,0.9927861052652972,0.9437093624828615,0.9290888582679051,0.9562833511567316
0.25,gaussian,10.0,0.667588438887831,0.7091142163544065,0.6853854241808711,0.7328861466489738,0.9895954483046903,0.985990180754293,0.9926497100406367,0.9433866519682219,0.9288598746468968,0.9560799855284006
0.25,gaussian,10.0,0.6806784082777885,0.7083189621051463,0.6838800257988424,0.7325260045324303,0.9891575301651744,0.9850912161575844,0.9924402150488527,0.9427895761029631,0.928422931696047,0.9554876656864607
0.25,gaussian,10.0,0.6937683776677459,0.7078537518699788,0.6823785597643416,0.7328014343622512,0.9889155053903974,0.9845199091864728,0.9924292393015355,0.941185285741363,0.9263247928334402,0.9543271208309191
0.25,gaussian,10.0,0.7068583470577035,0.7066767144108521,0.6807561532452137,0.7308993805399805,0.9890359356229137,0.9846545737688385,0.992535764781668,0.9404166336255568,0.9261129741226454,0.9534371304466566
0.25,gaussian,10.0,0.7199483164476609,0.7062035480234554,0.6803236917291365,0.7311525810988496,0.989051685999538,0.9847910318916243,0.9924607860430334,0.9395841475231954,0.9248178141885404,0.9528233331871963
0.25,gaussian,10.0,0.7330382858376183,0.7067601276190995,0.6808269104461294,0.7318396300461877,0.9889175995495544,0.9844090624259816,0.9924308535921944,0.9398191972848445,0.9250203816403251,0.9532279461086086
0.25,gaussian,10.0,0.7461282552275759,0.7065620944167578,0.6801617898142036,0.7320157122523454,0.9891380370181042,0.9846389642740164,0.9926403855130078,0.939150870385732,0.9237746680590024,0.9526031441223171
0.25,gaussian,10.0,0.7592182246175333,0.7071131861937162,0.680608366578359,0.7325712340134457,0.9892614494964741,0.9848231444624517,0.9927399293134991,0.9386539537583157,0.9228285489270551,0.9523969808615035
0.25,gaussian,10.0,0.7723081940074907,0.7073559621503409,0.6810287347748271,0.732808562725276,0.9892494859766175,0.9847679098467893,0.9927205857642372,0.9375671144101156,0.921326003262739,0.9518097448675216
0.25,gaussian,10.0,0.7853981633974483,0.7077162700335601,0.6817397933253216,0.7329179139053759,0.9892549962121465,0.984795394915379,0.9927225060103378,0.9360947484341792,0.9192096120338856,0.950907817102699
0.25,gaussian,10.0,0.7984881327874057,0.7078148529376787,0.6811108386145559,0.7336328770566678,0.9892416980533328,0.9847056021438865,0.9927925379537826,0.9350292542888262,0.9178882809238385,0.9503721920733439
0.25,gaussian,10.0,0.8115781021773631,0.7073813490271924,0.6802269804917738,0.7334107093034826,0.9892201518020332,0.984634855057774,0.9927943720769368,0.9345959248926411,0.9170766794483469,0.9501446519263871
0.25,gaussian,10.0,0.8246680715673207,0.7088574538279587,0.6811450966229504,0.7345458333252193,0.9892326242705436,0.9846669262882003,0.9927796427240357,0.9338935720687657,0.915312562955382,0.9504836851523647
0.25,gaussian,10.0,0.8377580409572781,0.709557303392732,0.681661496555785,0.7357853877041436,0.9891615738047563,0.9845385086596702,0.992769394948883,0.933242797476103,0.9137203921479721,0.9506127560977148
0.25,gaussian,10.0,0.8508480103472356,0.7088231726802401,0.6807976218998243,0.7349571447582144,0.9890178458345056,0.984322972570006,0.9926496268949963,0.9325550360004925,0.9133522138383773,0.9496173330926193
0.25,gaussian,10.0,0.8639379797371931,0.7088621274099255,0.6809163324217655,0.7352701881366881,0.9888630367089566,0.9842159254888285,0.9925546226902618,0.930626256044516,0.9104572222144033,0.9480215507292108
0.25,gaussian,10.0,0.8770279491271505,0.7088636929527725,0.6801178215831163,0.7355480707671659,0.9887019296443093,0.9838767086115768,0.9925208998066531,0.9290676324328624,0.9086724957456024,0.9465938550330841
0.25,gaussian,10.0,0.890117918517108,0.7085844433640682,0.6799678118139512,0.735222831420682,0.9887282750881843,0.9837436290707663,0.9925496757044819,0.9273112013038469,0.906233963136899,0.9454553708134839
0.25,gaussian,10.0,0.9032078879070655,0.7079781974580112,0.6795142207113185,0.7344711015136297,0.9886342620288177,0.9836738497184446,0.9924642206660236,0.9264306023701807,0.9055719552824444,0.9441778153137542
0.25,gaussian,10.0,0.916297857297023,0.7063019366891359,0.6786197157193258,0.7321212795523533,0.9884421725760912,0.9834594102474022,0.9922907495333422,0.9244126693054536,0.9030459816187095,0.9432582564555111
0.25,gaussian,10.0,0.9293878266869804,0.7060261608468528,0.6782088883248333,0.7319049298807468,0.9883698521536567,0.9835474659361982,0.9920866561558052,0.9239565810788329,0.9025196974930597,0.9422811942452731
0.25,gaussian,10.0,0.9424777960769379,0.7048626652025861,0.6770982833676873,0.7307157961140829,0.9884800362799401,0.9837107498629425,0.9921815430817881,0.9236428475042616,0.9026577496830679,0.9419077000456761
0.25,gaussian,10.0,0.9555677654668954,0.7042701993771711,0.6767170988852425,0.7300501281513936,0.9883491597602072,0.9835746003954304,0.9921444857357168,0.9227233198022148,0.9020860609228277,0.9409478422938712
0.25,gaussian,10.0,0.9686577348568528,0.703894969923732,0.676267619697229,0.7291378644471286,0.9881040656759219,0.9832302813421467,0.9919638568520158,0.9215098708603987,0.9004120533641488,0.9399494021768025
0.25,gaussian,10.0,0.9817477042468103,0.7032568235784306,0.6755613149662071,0.7283562767543383,0.9878969588721614,0.9829418189573803,0.9918194069919709,0.9211965631818892,0.9002158799092275,0.939541568147202
0.25,gaussian,10.0,0.9948376736367678,0.7023052513186246,0.6742234769645702,0.72751032831522,0.9878993299832756,0.9828506841581283,0.9917986197834793,0.9188623077124684,0.8975537566259384,0.9378366681316733
0.25,gaussian,10.0,1.0079276430267252,0.7011884872221673,0.6730886263931336,0.7262442202491876,0.9877232701070103,0.9825796081055856,0.9916714016106247,0.9189748985540218,0.8977092529899805,0.9381267195911757
0.25,gaussian,10.0,1.0210176124166828,0.6997084355492036,0.6716879957409179,0.7245922389699263,0.9876521817449452,0.9825295186277369,0.9916793416276489,0.9193991177017783,0.8986189865844868,0.9382521494246331
0.25,gaussian,10.0,1.03410758180664,0.6990255494297087,0.670787959336425,0.7239369078034814,0.9877962203527498,0.9828343936746088,0.9916617458286671,0.9194979309649739,0.8989576335768841,0.9380386311378247
0.25,gaussian,10.0,1.0471975511965976,0.7006049605319172,0.6718426138541428,0.7257715832351662,0.9877956089959653,0.9828238855171194,0.9916164622211633,0.91918486748431,0.8982058115638942,0.9374524889239203
0.25,gaussian,10.0,1.0602875205865552,0.7015975068353417,0.672823315133203,0.7269794529605201,0.9877959767344159,0.9828672759407676,0.9915701521248308,0.9187768239909536,0.8980990196032631,0.93702014260382
0.25,gaussian,10.0,1.0733774899765125,0.7010971423417341,0.6729560849369084,0.725557228315648,0.9879425599667266,0.9832078786445224,0.9916402211342803,0.918781708013984,0.8978017671959179,0.9371200588319135
0.25,gaussian,10.0,1.08646745936647,0.7002831729474984,0.6726284887486238,0.7245014136699744,0.9878922049838316,0.9831921978316308,0.9915713712146762,0.9187643996469582,0.8981094882685693,0.9367060793829295
0.25,gaussian,10.0,1.0995574287564276,0.6998451339460073,0.6728567113288996,0.7238833258379908,0.9879775342430227,0.9831620832753261,0.9916355838146258,0.9186725983223648,0.8973066804613122,0.9367057800274214
0.25,gaussian,10.0,1.112647398146385,0.6989459558040224,0.6721913103764391,0.722450903666985,0.9879323458419741,0.98301264092998,0.9915835633336747,0.9180930087783348,0.8957680934727924,0.9368585017223212
0.25,gaussian,10.0,1.1257373675363425,0.6988770378167479,0.6722050260381978,0.7221174491342214,0.9878546261713489,0.9829809939998092,0.991468713106552,0.9176619182382412,0.8947357347248993,0.936823348310354
0.25,gaussian,10.0,1.1388273369263,0.6984138166534403,0.6721759923592198,0.7216653884535729,0.9875583170560075,0.9828244547598018,0.9911965601175423,0.9169148832463213,0.8930126528323232,0.9363892551261248
0.25,gaussian,10.0,1.1519173063162573,0.6984518805371848,0.6718803899863898,0.7213994841975065,0.9874585408961077,0.9829180746473717,0.9910463681689582,0.9164376009435609,0.8916922253754404,0.9365901178155492
0.25,gaussian,10.0,1.1650072757062149,0.6982063514953093,0.6707947763867084,0.7212900588890782,0.9873304088820752,0.9827194222967167,0.9909584074017793,0.9152036949800539,0.8892083366151813,0.9363481180657387
0.25,gaussian,10.0,1.1780972450961724,0.6982205593943654,0.6707087645811073,0.7208280298497762,0.9871651597155796,0.982436094305719,0.9908985643434458,0.9150211595732302,0.8879573788847315,0.9369413962114085
0.25,gaussian,10.0,1.1911872144861297,0.6976680840744051,0.6701201726570702,0.7205997110499427,0.98699366421806,0.9820676008576145,0.9908192179073562,0.9158864792646177,0.8885682049906463,0.9380904321277989
0.25,gaussian,10.0,1.2042771838760873,0.6971771102716645,0.6698419017685813,0.7202118227491949,0.9869008891921734,0.9819158002601582,0.9907322685142405,0.9171535339894396,0.8899988976592293,0.9389102705017865
0.25,gaussian,10.0,1.2173671532660448,0.6968982135460937,0.6698555124128519,0.719500543465689,0.9869729624059884,0.9820794550018449,0.9907537365245827,0.9174827076807598,0.8900607003479172,0.9393282870319561
0.25,gaussian,10.0,1.2304571226560022,0.6962236753515428,0.6697766030605847,0.7189120952165744,0.9869581462109465,0.9822047094999861,0.9907271788673067,0.918876144512974,0.8928205253384935,0.9396256722419724
0.25,gaussian,10.0,1.2435470920459597,0.6946856911799638,0.6684825753616119,0.7176939381915092,0.9867943254050128,0.9820696408076278,0.9906559346099295,0.9205561686984095,0.8961716147728842,0.9401236376558568
0.25,gaussian,10.0,1.2566370614359172,0.6940385332620654,0.6675833906901102,0.7172628359067731,0.986938126831046,0.9823458750781485,0.9906737930527916,0.9219778110529399,0.8982851841885372,0.9408166767723647
0.25,gaussian,10.0,1.2697270308258746,0.6937751755581947,0.6671351768644024,0.7172343567290639,0.9870201206718713,0.9824698771499135,0.9907002175668499,0.9211377755431821,0.8969137023303909,0.9401071642138775
0.25,gaussian,10.0,1.2828170002158321,0.6938983032116175,0.6675216388294745,0.7172321641540301,0.9869651112473671,0.9822742318197577,0.9907039493168207,0.9199289540290194,0.8954801288320411,0.9391171098099558
0.25,gaussian,10.0,1.2959069696057897,0.6946401015264624,0.668558117896957,0.7176345475230006,0.9869424387837068,0.9822033367368086,0.9907460153823837,0.9190446231555939,0.8944153862224811,0.9384751727549916
0.25,gaussian,10.0,1.308996938995747,0.6948564101136004,0.6685873872760839,0.7176087056744495,0.9868613282997069,0.9820476485370515,0.9907076589281869,0.9185178745691794,0.8932659417442195,0.9382528106192027
0.25,gaussian,10.0,1.3220869083857045,0.6948574376918675,0.6685469194024345,0.7178740965052437,0.9867660756212357,0.9818306617579152,0.9906481694395318,0.9180752338357087,0.8926751408386713,0.9380540258541942
0.25,gaussian,10.0,1.335176877775662,0.6948628293016493,0.6687482975110183,0.7178041047374036,0.9866713333787942,0.9816234942121351,0.9906177544716166,0.9174887910487793,0.8915911045271172,0.9376410011532388
0.25,gaussian,10.0,1.3482668471656194,0.6946474478619491,0.668716040387785,0.7178751545245184,0.9866139111352165,0.9814339949427724,0.9906352029132908,0.917061207989002,0.8918941221891086,0.9370640240866392
0.25,gaussian,10.0,1.361356816555577,0.6938144194357868,0.6676274804794616,0.7173351941133155,0.9865977085847982,0.9814794565798289,0.9906967390522824,0.9165919234797654,0.8915653337690417,0.93621251318087
0.25,gaussian,10.0,1.3744467859455345,0.6929343530420394,0.66630283669628,0.7164834875453848,0.9866441647245828,0.9814598047417576,0.9907776017180808,0.9162856808570591,0.8917604649870514,0.9357507554999751
0.25,gaussian,10.0,1.3875367553354918,0.6929343956995905,0.6662674206225319,0.716256724882605,0.9865300103009315,0.9812536082323234,0.9907211853779423,0.9162839267400112,0.8921740091125353,0.9356786931368926
0.25,gaussian,10.0,1.4006267247254494,0.69315376741329,0.6664646495377186,0.7166492180428815,0.9864481953513917,0.9811040578196312,0.9907104147334737,0.9164972307191074,0.8927646991103353,0.9356954301004747
0.25,gaussian,10.0,1.413716694115407,0.6932012370050393,0.6664652281385386,0.7167894098507849,0.9864319629796842,0.9811528076351415,0.9907095405555246,0.9167911047114825,0.8932241442285911,0.9359702424594935
0.25,gaussian,10.0,1.4268066635053642,0.6931839463849029,0.6665557167820085,0.7167676274804347,0.9863536058100747,0.981093368540752,0.9906322425110813,0.9170697060060345,0.8937596870490011,0.9360804969683282
0.25,gaussian,10.0,1.4398966328953218,0.6928303107313077,0.6665708214917195,0.7162423024498632,0.9862802501668005,0.9810843463008195,0.9905445892461137,0.9173105344705307,0.8941403309723288,0.936200652878179
0.25,gaussian,10.0,1.4529866022852793,0.6922364962467485,0.6661070111976634,0.7154506011297712,0.9862229844339013,0.9810223891294475,0.9904740282132677,0.9183973249613971,0.8962122527556564,0.9365929751073209
0.25,gaussian,10.0,1.4660765716752366,0.6915462801282809,0.6654648084789417,0.7147214038697083,0.9861424947258096,0.980987387317912,0.9903945972699284,0.9181651433701009,0.8960585987712915,0.9361855594142559
0.25,gaussian,10.0,1.4791665410651942,0.6909070168647032,0.6646837353432316,0.714084861028688,0.9860788572268303,0.9809441425868883,0.9903152574090547,0.9181785891970824,0.8965133529598153,0.9359748206178721
0.25,gaussian,10.0,1.4922565104551517,0.6905405142233779,0.664632550681514,0.7135142445647424,0.9860994169465429,0.9809730992220227,0.9903151420256111,0.9182875974291621,0.8964546024128148,0.936016743430958
0.25,gaussian,10.0,1.505346479845109,0.6900690911559618,0.6642815495651199,0.7129779402094336,0.9861369289972232,0.9810399567371759,0.9903370098744041,0.9185118252385748,0.896665882077908,0.9361716511130601
0.25,gaussian,10.0,1.5184364492350666,0.6894822612176813,0.6637128771058538,0.7123015243680355,0.9861660614103233,0.9810576628981046,0.9903768311187979,0.9186142074137598,0.8967620669266296,0.9362210921773735
0.25,gaussian,10.0,1.5315264186250241,0.6888885695333117,0.6631594117400489,0.7116100983734942,0.9861429972198962,0.9809992933916728,0.9904107334634802,0.9186195396312944,0.896979754505012,0.9362228124074704
0.25,gaussian,10.0,1.5446163880149815,0.6885554397329153,0.662776538056171,0.7109034794176116,0.9861144500982763,0.9809441995666043,0.990413078437376,0.9185272729762315,0.8970381505017002,0.9359658219810169
0.25,gaussian,10.0,1.557706357404939,0.6885153364829741,0.6624918801866947,0.7111248516040464,0.9861004602220534,0.9808725207679597,0.9903915899150206,0.9184343815993965,0.8971720363384028,0.9359020413413842
0.25,gaussian,10.0,1.5707963267948966,0.6885299414837127,0.6625930137392069,0.7111249848328374,0.9860678225975366,0.980814329444589,0.990385198928876,0.9184091817150288,0.8972428409685939,0.9358150695349443
0.5,uniform,0.0,0.0,8.04243281012767e-16,6.672366765693962e-16,9.35731824401689e-16,6.529550346497797e-15,5.981406452296879e-15,7.055095907671311e-15,0.0,0.0,0.0
0.5,uniform,0.0,0.01308996938995747,0.0006844800593029662,0.0006488561505246821,0.0007176112403332773,0.0024037147897945452,0.0022836911989739302,0.002514296372222857,0.0014327595725266316,0.001325556870339769,0.0015304067528281889
0.5,uniform,0.0,0.02617993877991494,0.0023899299067368317,0.002266469510418379,0.0025045309194963433,0.008227922484734794,0.007824070928860175,0.008599047810017798,0.00495202294090328,0.004587781437032355,0.00528439511022183
0.5,uniform,0.0,0.039269908169872414,0.004918724348355432,0.0046662547218220204,0.005152987899679373,0.016680147503437746,0.01587253338184992,0.017420788777573793,0.010114047947037524,0.009379010461126353,0.01078448629055599
0.5,uniform,0.0,0.05235987755982988,0.008164907297342918,0.0077481000672641916,0.008551507545789733,0.02733021856703241,0.02602304620381008,0.02852676326693851,0.016679429663394908,0.015479549768241977,0.017773193539775224
0.5,uniform,0.0,0.06544984694978735,0.012053857882967806,0.011441278936895843,0.012620123393106914,0.039870945119270876,0.0379859062491722,0.04159339207406261,0.024478287157909437,0.022734832638906122,0.026067615872371285
0.5,uniform,0.0,0.07853981633974483,0.01652746828891748,0.015690981386111705,0.01729975908984105,0.054059548844427124,0.05153243983008833,0.05636479218138043,0.03337729430687442,0.03102283358598136,0.03552419853815496
0.5,uniform,0.0,0.09162978572970229,0.021537876862973242,0.02045197852480096,0.022539274657980526,0.06969327773059089,0.06647178158930231,0.07262711561342763,0.04326577911732723,0.04024200047200348,0.04602370495966944
0.5,uniform,0.0,0.10471975511965977,0.027044204495878896,0.025685663582006017,0.02829571043222261,0.08659676143436064,0.08263889091108688,0.0901952922206764,0.05404846238734639,0.050305209805467654,0.05746344378234634
0.5,uniform,0.0,0.11780972450961724,0.03301063513274595,0.03135824590486028,0.0345313467260918,0.10461455029593913,0.09988758452430091,0.1089092358197268,0.06564125257568071,0.06113559916978822,0.06975275280566019
0.5,uniform,0.0,0.1308996938995747,0.039405075657910245,0.03743900702056547,0.041212356764256976,0.1236065415271491,0.1180861540404165,0.12862332183386355,0.07796857149369722,0.07266410866879117,0.0828101292562954
0.5,uniform,0.0,0.14398966328953217,0.046198606186530516,0.04390182822269797,0.04830833561425718,0.14344491224280745,0.13711445118116217,0.14919969450847512,0.09096156013772949,0.08482783021002198,0.09656104595648436
0.5,uniform,0.0,0.15707963267948966,0.05336472307690493,0.05072461205019298,0.05579143241631896,0.16401172772282102,0.15686186694760942,0.1705116837562164,0.10455682230612483,0.09756885052200448,0.11092143480207828
0.5,uniform,0.0,0.17016960206944712,0.0608788841635595,0.05788140546174987,0.06363587150672882,0.18519782564980983,0.17722588494856106,0.19242847272453875,0.11869544638701983,0.11083327705399684,0.1258384273753183
0.5,uniform,0.0,0.18325957145940458,0.0687182217463229,0.06534708908624227,0.07181754170439601,0.20690145651657252,0.19811073558230236,0.2148543472925759,0.13332240333826473,0.12457076026749987,0.14125221730564097
0.5,uniform,0.0,0.19634954084936207,0.0768606880953464,0.07310230194631485,0.08031267268078142,0.22902751202889882,0.21942675484823662,0.23769096376220325,0.1483862537909222,0.13873428544704253,0.15712155628579144
0.5,uniform,0.0,0.20943951023931953,0.08528635458581772,0.08112919667287505,0.08910056648232557,0.25148769996796344,0.24109076116602185,0.260846804585845,0.16383850697776456,0.15327937046781603,0.1733925937858341
0.5,uniform,0.0,0.222529479629277,0.0939762636826635,0.08941005362388989,0.09816144892323474,0.2741988242832974,0.2630238171213493,0.2842455283552905,0.1796330977543996,0.16816407743050008,0.19001876041878227
0.5,uniform,0.0,0.23561944901923448,0.10291223011053724,0.09792770207190937,0.10747619110761439,0.2970828787364432,0.28514340518193987,0.30779472466786234,0.19572740746154324,0.18334617371240897,0.20693782756043372
0.5,uniform,0.0,0.24870941840919195,0.1120769169302558,0.10666577155076443,0.11702655907942824,0.32006673875107844,0.30738779051493526,0.33141777272078515,0.2120792812027339,0.19878908798619327,0.22409127911315763
0.5,uniform,0.0,0.2617993877991494,0.12145375062815905,0.11560861136407545,0.12679512458283362,0.34308191131975985,0.3296919894688849,0.3550430414629648,0.22864941762280336,0.2144572707908807,0.24146169955379235
0.5,uniform,0.0,0.2748893571891069,0.1310268503174705,0.12474122344622221,0.1367651071770883,0.3660643283889909,0.351995091452938,0.3786036741734093,0.245400427897236,0.2303162082705324,0.2590075110040778
0.5,uniform,0.0,0.28797932657906433,0.14078096823737968,0.1340492059142202,0.14692039468323587,0.3889541727667021,0.37424009301752614,0.40203740608684047,0.26229643356804216,0.24633434647061297,0.27668335333890254
0.5,uniform,0.0,0.3010692959690218,0.1507014393950158,0.14351870527257932,0.15724571143631033,0.4116957282103859,0.3963737557352325,0.42529405457146946,0.27930640870429213,0.2624855772281712,0.2944548332133046
0.5,uniform,0.0,0.3141592653589793,0.16077507134971847,0.15313682305360163,0.16772630891268375,0.4342372472767131,0.4183352772455382,0.44833691636465184,0.29639597307071436,0.2787349958030293,0.31229499370913905
0.5,uniform,0.0,0.32724923474893675,0.1709883489859345,0.1628887495191463,0.17834788837589666,0.4565308319523595,0.44007092951341825,0.4710741557188923,0.3135344790373237,0.29505425334367896,0.3301451871896352
0.5,uniform,0.0,0.34033920413889424,0.18132729037399165,0.17276346830574968,0.1890965564373246,0.4785323231802965,0.46155411142785147,0.4934651537540073,0.3306924899255447,0.3114157393493739,0.3480206987336247
0.5,uniform,0.0,0.3534291735288517,0.19177919107025723,0.18274906560394868,0.19995897352904052,0.5002011962411024,0.48274565008480774,0.5155464756548407,0.34783829708604025,0.3277856695926547,0.36587817830416025
0.5,uniform,0.0,0.36651914291880916,0.20233176673344264,0.19283374678845713,0.2109222456301555,0.521500459611019,0.5036096352672521,0.5372220600674906,0.364948286868854,0.3441470603855701,0.3836505467489912
0.5,uniform,0.0,0.37960911230876665,0.21297313243793561,0.20300626003676683,0.22197390255654476,0.5423965554441166,0.524113328339502,0.5584374170801036,0.3819975622235861,0.3604766299004629,0.4012914372288175
0.5,uniform,0.0,0.39269908169872414,0.22368934908470364,0.21325717398543598,0.23309967193464862,0.5628592602483774,0.5442270718713247,0.5791653829399874,0.3989634015741897,0.37675211789420543,0.41879187234781734
0.5,uniform,0.0,0.4057890510886816,0.23447141333212593,0.22356575736890685,0.24428108328848486,0.5828615846688957,0.563926254038333,0.5993481670807614,0.41582002689024805,0.39294988959358546,0.4362007244878165
0.5,uniform,0.0,0.41887902047863906,0.24530860604009455,0.23393421345001644,0.25551484720555323,0.6023796715733859,0.5832201346959949,0.6189873278036343,0.4325379536225838,0.40901418256004246,0.4534174841066268
0.5,uniform,0.0,0.43196898986859655,0.25619047763824304,0.244348642783374,0.2667900134674353,0.6213926918688831,0.6019921105884485,0.6380792374757449,0.4491093483460922,0.4250050053709544,0.4704954074156756
0.5,uniform,0.0,0.445058959258554,0.2671069068593724,0.2547994440497507,0.2780959274730113,0.6398827376736663,0.6202883870326059,0.6566637494967366,0.46551595958736286,0.4408688154554311,0.48735353370534357
0.5,uniform,0.0,0.4581489286485115,0.27804844740753504,0.26527800866608425,0.28942628851521707,0.6578347126323835,0.6381070352323249,0.6746723032354112,0.4817389663016316,0.45658510705512423,0.5039939939822221
0.5,uniform,0.0,0.47123889803846897,0.2890062920600845,0.275776659497839,0.3007827265822175,0.6752362193007156,0.6554172523735443,0.6920940352814704,0.4977621683003426,0.47213830560275155,0.520401615075039
0.5,uniform,0.0,0.4843288674284264,0.29997026985572806,0.2862848714582518,0.3121415540064529,0.6920774436429186,0.6722083261484881,0.708918793705325,0.513572262717692,0.4875191697311478,0.5365925039169367
0.5,uniform,0.0,0.4974188368183839,0.3109306940848534,0.29679430095427506,0.32349348021898733,0.7083510367845319,0.6884718469721941,0.7251404871252588,0.5291595441289828,0.5027096140639095,0.5525040500513791
0.5,uniform,0.0,0.5105088062083414,0.32187970153248974,0.3072940829033648,0.3348304121137042,0.7240519942459902,0.7042016002893807,0.7407753820543509,0.5445254577310285,0.5177059323880495,0.5681693475159492
0.5,uniform,0.0,0.5235987755982988,0.3328089650941377,0.3177732056100325,0.3461595760984897,0.7391775329527847,0.7193934568852851,0.755807387980019,0.5596402407839225,0.5324778845678629,0.5836264811410816
0.5,uniform,0.0,0.5366887449882562,0.34371043497007586,0.3282288734739923,0.35743015543511286,0.7537269663757695,0.7340464933568612,0.7702324933749294,0.5744900643974101,0.547006739891829,0.598739581436354
0.5,uniform,0.0,0.5497787143782138,0.3545763337757953,0.3386807879296608,0.3686579278326393,0.7677015782024467,0.7481606693736986,0.784053524924499,0.5890657134450293,0.5612757955380994,0.6134921324292522
0.5,uniform,0.0,0.5628686837681712,0.36539915202077894,0.34908298343526856,0.37984637985199243,0.7811044949775678,0.7617521259160909,0.7972749636178937,0.6033569132346644,0.575300158042424,0.6279639023434032
0.5,uniform,0.0,0.5759586531581287,0.37617164390080665,0.3594370276766315,0.39097866882757887,0.79394055817999,0.7748683698931986,0.8098519930678267,0.6173512442501172,0.589058872525489,0.6420860732230086
0.5,uniform,0.0,0.5890486225480862,0.38688682335519525,0.3697515418318187,0.40204731187470044,0.806216196223117,0.7874528440899041,0.8218789613122709,0.6310404528650765,0.6025807622120625,0.6558782835276554
0.5,uniform,0.0,0.6021385919380436,0.3975379603457674,0.38000945648096646,0.41304168790011486,0.8179392968789861,0.7994449639891527,0.8333760279591965,0.6444037212229706,0.6158905155138319,0.6693517913622179
0.5,uniform,0.0,0.6152285613280011,0.4081185773190339,0.3902045604292263,0.4239533708422524,0.8291190806317013,0.8109041134007403,0.844323584799767,0.6574578678203878,0.6289291702875639,0.6824394491531152
0.5,uniform,0.0,0.6283185307179586,0.41862244581716807,0.4003308723228566,0.43478079757345356,0.8397666245778573,0.821940550821084,0.854684866898811,0.6702000687645615,0.6416754819306156,0.6952327215953271
0.5,uniform,0.0,0.6414085001079161,0.42904358320693,0.4103826375559984,0.4455177883731696,0.8498966674814542,0.832392527419791,0.8645343572132763,0.6826219043561973,0.6540899021117907,0.7076394376813209
0.5,uniform,0.0,0.6544984694978735,0.4393762494988676,0.4203543252704544,0.4561584232591282,0.8595208812850496,0.8423162468469214,0.8738384862399398,0.6947022821238672,0.6661668955277098,0.7197499330965023
0.5,uniform,0.0,0.667588438887831,0.4496149442318986,0.43022900083105564,0.4666970387196378,0.8686464457142696,0.8517586567717624,0.8826343217161872,0.7064531145637125,0.6778520706286166,0.7314416073733135
0.5,uniform,0.0,0.6806784082777885,0.45975440340085666,0.4400085424986211,0.47713359254304794,0.8772902690362244,0.860799519671079,0.8909250336429697,0.7178644614821824,0.6892916088381089,0.7426957614564501
0.5,uniform,0.0,0.6937683776677459,0.46978787544848694,0.44968502443446784,0.4874846047828719,0.8854670057484492,0.8694256925103113,0.8987418621337843,0.7289484768736137,0.7002914539854616,0.7537196170529011
0.5,uniform,0.0,0.7068583470577035,0.47970758307312017,0.4592418842623899,0.49771515882562695,0.8931918257429733,0.8776096718386739,0.9061102244671849,0.7397056102246257,0.7110249687816248,0.7643765994467556
0.5,uniform,0.0,0.7199483164476609,0.4895133431303951,0.4686922380636682,0.507824842280697,0.9004803120036726,0.8853807415147641,0.9130285685509595,0.7501417400087133,0.7214856211190371,0.7746579503957329
0.5,uniform,0.0,0.7330382858376183,0.4992016831814811,0.47803361348767776,0.517796826196225,0.9073483630635155,0.8927316666166022,0.9195124844859706,0.7602581656691719,0.7316928014362583,0.7845639788733215
0.5,uniform,0.0,0.7461282552275759,0.5087689913204708,0.4872640112302927,0.5276326997766209,0.913812100493382,0.8996369201960434,0.925589083873269,0.7700765376018697,0.7416107851837448,0.794193289914623
0.5,uniform,0.0,0.7592182246175333,0.518210051246166,0.49637606643566395,0.537334261556923,0.9198877816522723,0.9061852349845493,0.9312760579824719,0.7795763840505069,0.7512735412154308,0.8034883655719727
0.5,uniform,0.0,0.7723081940074907,0.527521172518714,0.5054070978818332,0.5468977722419361,0.9255861215922483,0.9123620608571417,0.9365906540047272,0.7887665488062129,0.7606726920177829,0.8125159358005546
0.5,uniform,0.0,0.7853981633974483,0.536697387869562,0.5143129574239763,0.5563167037750586,0.9309294952012451,0.9181855016835593,0.9415599056102383,0.7976445436306987,0.7697843257088063,0.8212051806859649
0.5,uniform,0.0,0.7984881327874057,0.5457344425863895,0.5230870257141425,0.5655857711067843,0.9359364640717492,0.9236703796519953,0.9461744636914224,0.8062254596252023,0.7786634466869508,0.8295896039427642
0.5,uniform,0.0,0.8115781021773631,0.5546315980241178,0.5317307697027983,0.574706612650621,0.9406204915503378,0.928826394486459,0.9504776652356118,0.8145201327046006,0.7872061403568515,0.8377206160688502
0.5,uniform,0.0,0.8246680715673207,0.5633859952341996,0.5402413143306135,0.5836763800671799,0.9450020794597735,0.9336723920345055,0.9544781656583655,0.8225268821648283,0.7954876615236457,0.8455004404831736
0.5,uniform,0.0,0.8377580409572781,0.571994973285412,0.548615967100673,0.5924916501213038,0.9490933379931641,0.9382035960460254,0.9581920089572978,0.8302435012718009,0.8034858921652883,0.8529088839249762
0.5,uniform,0.0,0.8508480103472356,0.5804560654486305,0.5568522146048489,0.6011504997570061,0.9529083761604155,0.9424514242051293,0.9616217600322452,0.8376654439771816,0.8112088268343481,0.8599775054490901
0.5,uniform,0.0,0.8639379797371931,0.5887669952675489,0.564947718951837,0.6096509518558461,0.9564651980119496,0.9463981653667367,0.9648202352809001,0.8447960928833105,0.8186714219560898,0.8668514538804012
0.5,uniform,0.0,0.8770279491271505,0.596925672511552,0.572901497673248,0.6179909798899826,0.9597743293656964,0.9500873045169477,0.9677686590973119,0.8516406831890792,0.8258536171695656,0.8734746485933891
0.5,uniform,0.0,0.890117918517108,0.6049301890076453,0.5807105355553605,0.6261687516018133,0.9628498119679091,0.953536989593027,0.9704919792140378,0.8582160937643644,0.832708528008505,0.8798084205169796
0.5,uniform,0.0,0.9032078879070655,0.6127788143490184,0.5883728635084398,0.634182624373235,0.9657049345656059,0.9568305939115437,0.9730043251880565,0.86451160531843,0.8393079635743701,0.885757495057025
0.5,uniform,0.0,0.916297857297023,0.6204699914784831,0.5958868060733997,0.6420311404552126,0.9683559990884784,0.9598577714256155,0.9753224515799859,0.870528853511663,0.8456168929851113,0.891420173145887
0.5,uniform,0.0,0.9293878266869804,0.6279992144236495,0.6032477260848196,0.649694475208283,0.9708215112845364,0.9626811352369563,0.9774756379476846,0.8762722786320424,0.8516622761422947,0.8968773172962089
0.5,uniform,0.0,0.9424777960769379,0.6353680496898362,0.6104570465226968,0.6571810911751786,0.9731059158762267,0.9653158716920945,0.9794625033605449,0.8817968671463062,0.8575133224391804,0.9021100791161989
0.5,uniform,0.0,0.9555677654668954,0.6425775983410743,0.6175138617612848,0.6644986024966875,0.9752128865130422,0.9677724928255248,0.9812885724587345,0.887113757559939,0.8632473980716845,0.9071225832193932
0.5,uniform,0.0,0.9686577348568528,0.6496306341968974,0.6244171913926161,0.6716463750187646,0.9771638948134683,0.9701003906650264,0.9829630681434971,0.8922159721750066,0.8687029544084135,0.9117995964489526
0.5,uniform,0.0,0.9817477042468103,0.6565216254496694,0.6311673270836904,0.6786237231673024,0.9789678009615094,0.9722317323721125,0.9844967744613657,0.8971142841308078,0.8739902711481816,0.916238058477585
0.5,uniform,0.0,0.9948376736367678,0.6632500272585022,0.6377636261883234,0.6854302367096503,0.9806321000997299,0.9742049492312849,0.9858978270515251,0.9017801474679507,0.8790758680162912,0.9205368988732864
0.5,uniform,0.0,1.0079276430267252,0.6698158190264273,0.6442086515165484,0.6920694333812324,0.982166357433122,0.9760518671243822,0.9871823128843934,0.9062265414942626,0.8839769615299962,0.9247484566567538
0.5,uniform,0.0,1.0210176124166828,0.6762182609038913,0.650500336597811,0.6985918815862396,0.9835778779823143,0.9777516120067807,0.9883563537189879,0.9104717566530444,0.8885237795391266,0.9286564608116883
0.5,uniform,0.0,1.03410758180664,0.6824563371894371,0.6566351500595047,0.7049437163920989,0.9848755195337944,0.9793345325080799,0.9894203158847117,0.9145303079078237,0.8929989774418556,0.9322964438906881
0.5,uniform,0.0,1.0471975511965976,0.6885299414837127,0.6625930137392068,0.7111249848328376,0.9860678225975366,0.980814329444589,0.990385198928876,0.9184091817150288,0.8972428409685939,0.9358150695349442
0.5,uniform,0.0,1.0602875205865552,0.6944396495415828,0.6683925926657145,0.7171369876615816,0.9871639775850384,0.9821744186090396,0.991264797005386,0.922096543692761,0.9012695227457993,0.9391760219774214
0.5,uniform,0.0,1.0733774899765125,0.7001854338288176,0.6740345015835386,0.7229797138067683,0.988171486504549,0.9834208868261328,0.9920580788941564,0.9255912304093656,0.9051286425262318,0.9424110184191805
0.5,uniform,0.0,1.08646745936647,0.7057671081869206,0.6795187577485784,0.7286527351253975,0.9890969133069375,0.9845873507145854,0.9927606174534965,0.9289267126168639,0.9088049190807308,0.9455167094940343
0.5,uniform,0.0,1.0995574287564276,0.7111849944376273,0.6848454719627175,0.7341443677606803,0.9899451670650036,0.9856615676428385,0.9934255050213412,0.9321113880862505,0.9122599370416955,0.948497336699779
0.5,uniform,0.0,1.112647398146385,0.7164395069632129,0.6900148431104539,0.7394525662946038,0.9907236057005022,0.9866297436925751,0.9940210715349935,0.9351291288316722,0.9156122049694417,0.9512085131021779
0.5,uniform,0.0,1.1257373675363425,0.7215311465875516,0.6950271526373147,0.7445922876167762,0.9914381940593473,0.9875237994163696,0.9945685563586424,0.9379806451153815,0.9187673357659941,0.9537187900307527
0.5,uniform,0.0,1.1388273369263,0.7264604943992086,0.6998822521368226,0.7495646798518162,0.9920929343168834,0.9883519436879841,0.9950590599510826,0.9406984894298692,0.9217440074741279,0.9561316763600918
0.5,uniform,0.0,1.1519173063162573,0.7312282055260092,0.7045806823809835,0.7543705551550542,0.9926923465109456,0.9891218632515711,0.9955033127527947,0.9432855773760109,0.9245904185623439,0.9584837838295982
0.5,uniform,0.0,1.1650072757062149,0.7358350028711279,0.7091233398018111,0.7590109057910281,0.9932394649876285,0.9898387653105698,0.995907493996406,0.9457228943858013,0.9273893257785885,0.9606562853149554
0.5,uniform,0.0,1.1780972450961724,0.7402816708213235,0.7135107817138403,0.763486987948279,0.9937382289993243,0.9905202903911015,0.9962639240744692,0.9480165954687938,0.9300081885994893,0.9627364528259555
0.5,uniform,0.0,1.1911872144861297,0.7445690489385229,0.7177436198096054,0.7678011449626566,0.9941947765121358,0.991140638698392,0.9965919344989026,0.9501743894275579,0.9324393429315453,0.9646014043687204
0.5,uniform,0.0,1.2042771838760873,0.7486880131327588,0.7218222641568901,0.7719756204092348,0.994611726170021,0.9917060561947114,0.9968888885888754,0.9522124831301219,0.9347284672902255,0.9664288711575126
0.5,uniform,0.0,1.2173671532660448,0.7526456803613478,0.7257475727919761,0.7759601797691109,0.9949930265761585,0.9922149511916998,0.997157291721359,0.9541166120083462,0.9368212344809376,0.968125537553083
0.5,uniform,0.0,1.2304571226560022,0.7564470577906391,0.7295203874434091,0.7798002764787717,0.9953429712071465,0.9926957875648404,0.9973941196150156,0.9559347282727791,0.9388640777010924,0.9697135393451853
0.5,uniform,0.0,1.2435470920459597,0.7600931710262486,0.7331414812629643,0.7834665486778146,0.9956621683164402,0.9931239315966708,0.9976147403862753,0.9576531210180841,0.9408081020515989,0.9711326636292987
0.5,uniform,0.0,1.2566370614359172,0.7635850690918451,0.7366116535177055,0.7869741139338117,0.9959489212508564,0.9935170418783323,0.9978154150304742,0.9592579771159265,0.9426166385752607,0.9725239791089172
0.5,uniform,0.0,1.2697270308258746,0.7669270361121776,0.7399380793920498,0.7903259721602514,0.9962098610856552,0.9938875127277845,0.9979966237340329,0.9607784511774579,0.9443348993183418,0.9738526091439009
0.5,uniform,0.0,1.2828170002158321,0.7701201899629121,0.7431216739685249,0.7935234164507569,0.9964478817342782,0.9942278095245541,0.998158422242862,0.962208320888274,0.9459308053798092,0.9751618074702171
0.5,uniform,0.0,1.2959069696057897,0.7731671984179235,0.7461567248752469,0.796572611202257,0.9966628281914319,0.9945303944297769,0.9983026823198334,0.963549982542618,0.9474094108983538,0.976341840098048
0.5,uniform,0.0,1.308996938995747,0.7760650444442952,0.7490438517291528,0.7994708812381072,0.9968562449433009,0.9948035540197396,0.9984304892233515,0.9647768172529557,0.9487702310975791,0.9774238821415571
0.5,uniform,0.0,1.3220869083857045,0.7788136329385108,0.7517838206871428,0.8022183924320032,0.9970322671612761,0.9950503231348634,0.9985458702957819,0.9659318351330182,0.9500567473033176,0.978375785313987
0.5,uniform,0.0,1.335176877775662,0.7814140025837196,0.7543774503137333,0.8048163909110099,0.9971906738729653,0.9952752531041442,0.9986486370562005,0.9670373505929007,0.9512875380993627,0.9793846698700965
0.5,uniform,0.0,1.3482668471656194,0.7838671751129028,0.7568255494459702,0.8072712665971498,0.9973346441727519,0.9954825090403836,0.9987411800885023,0.9680265777506839,0.9524373748633108,0.9802025605329904
0.5,uniform,0.0,1.361356816555577,0.7861741499920322,0.7591289124692028,0.8095843063054287,0.9974654977997287,0.995664454827927,0.9988242770228271,0.9689409337711244,0.9535900542319792,0.9810122121205846
0.5,uniform,0.0,1.3744467859455345,0.7883358992844344,0.7612883147546038,0.8117508633642662,0.9975833086790936,0.9958364880934095,0.9988995702847127,0.9697875748400437,0.9545773847080283,0.9817797918801189
0.5,uniform,0.0,1.3875367553354918,0.7903533627116434,0.7633045082719002,0.8137720366035684,0.9976895583775969,0.9959925114090885,0.9989681746626226,0.9705685695459861,0.9554592480234682,0.9824582581178867
0.5,uniform,0.0,1.4006267247254494,0.7922274429257672,0.7651782173905534,0.8156551894251344,0.9977851198320787,0.9961262725852509,0.9990293041735326,0.9713008492985401,0.956268935440457,0.9830405783630806
0.5,uniform,0.0,1.413716694115407,0.7939590010080666,0.7669101348823493,0.8173949693128251,0.9978698667505292,0.9962475389903286,0.9990821281715896,0.9719603274635061,0.9570413570785796,0.9835685915288842
0.5,uniform,0.0,1.4268066635053642,0.7955488522080284,0.7684900401940957,0.8189919256514175,0.9979447828212386,0.9963538173691582,0.9991274234053494,0.9725263759843923,0.9577478654444556,0.9840084851570863
0.5,uniform,0.0,1.4398966328953218,0.796997761936702,0.7699170429800909,0.820446833377304,0.9980122946352351,0.996460320127276,0.9991692601741816,0.9730335441464661,0.9583853854772751,0.9844200365458448
0.5,uniform,0.0,1.4529866022852793,0.7983064420274782,0.7712061548385664,0.8217606191852725,0.9980724188034485,0.996546280189609,0.9992070331867677,0.9734872792615589,0.958961948623133,0.9847899579054589
0.5,uniform,0.0,1.4660765716752366,0.799475547276812,0.7723579560160023,0.8229340326013308,0.9981249738846993,0.9966196798734276,0.9992398201442687,0.9738763207363706,0.9594694097875566,0.9850849187554059
0.5,uniform,0.0,1.4791665410651942,0.8005057737583824,0.7733729814107083,0.8239678527468243,0.9981703272172359,0.996686835067008,0.9992679240022642,0.9742115026846364,0.9599105194647358,0.9853474741052867
0.5,uniform,0.0,1.4922565104551517,0.8013983332068038,0.7742517536995336,0.824863350520406,0.9982089143054124,0.9967441546358532,0.9992898182443851,0.9744998354497204,0.9602905834310999,0.9855571114854418
0.5,uniform,0.0,1.505346479845109,0.8021527771658241,0.7749946179642426,0.8256201668370896,0.9982409399903109,0.9967920322734898,0.9993080556366041,0.9747422476240154,0.9606105596590545,0.9857458595482402
0.5,uniform,0.0,1.5184364492350666,0.8027695020819249,0.7756019276638667,0.8262385067004259,0.998266676239671,0.9968308475451789,0.99932357132863,0.9749389383824818,0.9608712573739323,0.9859037046108872
0.5,uniform,0.0,1.5315264186250241,0.8032488349339562,0.7760739744291658,0.8267147613890754,0.9982863620111817,0.9968607687199443,0.9993354708877907,0.975090983116492,0.9610733377234607,0.986025543986876
0.5,uniform,0.0,1.5446163880149815,0.8035910316703587,0.7764109866054453,0.8270547265029791,0.9983003320323811,0.9968820000293513,0.9993439186466303,0.9751992352252324,0.9612173143381351,0.9861122252186809
0.5,uniform,0.0,1.557706357404939,0.8037962759877354,0.776613128113619,0.8272586186538913,0.9983086734450021,0.9968946825329431,0.9993489583413513,0.9752640461120651,0.9613035537749123,0.9861640953634453
0.5,uniform,0.0,1.5707963267948966,0.8038646784552066,0.7766804976336872,0.827326568198456,0.9983114466227635,0.9968989006609936,0.9993506323672855,0.9752856263576999,0.9613322758383402,0.9861813623289972
0.5,uniform,0.5,0.0,0.9427461581454221,0.9316224865003362,0.9535427094052186,0.9999931531897759,0.9999876419617681,0.9999976922913532,0.9981063120653172,0.9971464458022372,0.9989796181175483
0.5,uniform,0.5,0.01308996938995747,0.9427337818964231,0.9316721529547243,0.9535517114155768,0.9999932194972073,0.9999879389130832,0.9999976585695557,0.9981442731843811,0.997213898626902,0.99899191487151
0.5,uniform,0.5,0.02617993877991494,0.9426935855966807,0.9316542098505317,0.9535758093698365,0.9999932976146665,0.9999882307070713,0.9999976441418983,0.9981814654126531,0.9972871475390216,0.99899807274661
0.5,uniform,0.5,0.039269908169872414,0.9426774479632805,0.9317622703343285,0.9535277096921669,0.9999933845998848,0.9999883944155591,0.9999976497058701,0.9982166933033061,0.9973481316440965,0.9990097862595153
0.5,uniform,0.5,0.05235987755982988,0.9426694554511541,0.9318435545871615,0.9533521273493948,0.9999934334238544,0.9999884593234055,0.9999975961270153,0.9982470843878177,0.9974002929389185,0.9990212247938108
0.5,uniform,0.5,0.06544984694978735,0.9426305274951764,0.9318769411845272,0.9532239375634003,0.9999933900850125,0.9999883382440743,0.9999975212713927,0.9982745282786659,0.9974441709391471,0.9990321724838008
0.5,uniform,0.5,0.07853981633974483,0.9425820458176641,0.9319223929589391,0.9531574790996601,0.9999932592303443,0.9999880379783043,0.9999974426851012,0.9983021724138004,0.9975063859666586,0.9990395090482387
0.5,uniform,0.5,0.09162978572970229,0.9425018972674758,0.931883841914672,0.9529771556911643,0.999993062363831,0.9999876824045267,0.9999973553810041,0.998324323798739,0.9975593547321758,0.9990394059567219
0.5,uniform,0.5,0.10471975511965977,0.942347210544921,0.9317722864172425,0.9527790314143704,0.9999927841339695,0.9999870716588309,0.9999972940769506,0.9983389740109664,0.9976026216466132,0.9990403367665357
0.5,uniform,0.5,0.11780972450961724,0.9421041185312121,0.931653944059657,0.9524955390882025,0.999992436608453,0.9999863556076545,0.999997236686285,0.9983527646959173,0.9976390475185577,0.9990426954564275
0.5,uniform,0.5,0.1308996938995747,0.941830756465523,0.9314559564327612,0.9521102665171104,0.9999920467683926,0.9999855918265746,0.999997071495317,0.9983618949331947,0.9976768226084481,0.9990378732049991
0.5,uniform,0.5,0.14398966328953217,0.9414794961728944,0.93122882136738,0.951577429483616,0.9999916065333561,0.999984694372699,0.9999968856428548,0.9983657629519063,0.9977010058182559,0.9990290964745769
0.5,uniform,0.5,0.15707963267948966,0.9410758486623886,0.9309378953287564,0.9511640758836917,0.9999911215577577,0.9999838387215584,0.9999967803409731,0.9983668677857209,0.9977178985342176,0.9990191256342859
0.5,uniform,0.5,0.17016960206944712,0.9406441193547428,0.9306393062118099,0.9507061810541664,0.9999906199027536,0.9999828428578453,0.9999966901960716,0.9983639168387016,0.9977228582081699,0.999010213986214
0.5,uniform,0.5,0.18325957145940458,0.9401848952277966,0.9303706919813537,0.9501868776988408,0.999990235553237,0.99998207748297,0.9999965702460268,0.9983597224952129,0.9977183057019001,0.9989972912915405
0.5,uniform,0.5,0.19634954084936207,0.939762587150354,0.9299459077624829,0.9497147534272611,0.999989853326328,0.9999812562751441,0.9999964979190108,0.9983527912724268,0.9977040196155679,0.9989923149639723
0.5,uniform,0.5,0.20943951023931953,0.9394570407809097,0.9296320741559283,0.9494096447309422,0.9999894706469679,0.9999804795676199,0.9999964050478888,0.998345009767608,0.9976863143605916,0.9989866785895045
0.5,uniform,0.5,0.222529479629277,0.939139632457627,0.9293314344581362,0.9490942163874763,0.999989100998623,0.9999797328600256,0.999996303140047,0.9983339519896286,0.9976693937314983,0.9989817716708914
0.5,uniform,0.5,0.23561944901923448,0.9388048148277918,0.9290402843194663,0.9487286429903379,0.9999887250442082,0.9999790885394837,0.9999961921011418,0.9983232643463494,0.9976522397363651,0.998973506642017
0.5,uniform,0.5,0.24870941840919195,0.9385008739964645,0.9288530071921259,0.9484233023491403,0.9999883649819613,0.9999785216477272,0.9999960739480984,0.998306471244918,0.9976302183951103,0.9989664134442308
0.5,uniform,0.5,0.2617993877991494,0.9381851936449469,0.928617143897741,0.9481292803904077,0.999988086391657,0.9999779999428894,0.9999959460672485,0.9982925785643718,0.9976223351106593,0.9989594963450505
0.5,uniform,0.5,0.2748893571891069,0.9378024470110179,0.9282594261809078,0.9477404074967799,0.9999877682581685,0.9999775465532993,0.9999957954232562,0.9982808474844478,0.9976098150769944,0.9989490222244162
0.5,uniform,0.5,0.28797932657906433,0.9373049678356175,0.9276444509705641,0.9472269823951381,0.9999874511383555,0.9999771395139898,0.9999955728626508,0.998263514612418,0.9975910098153086,0.9989277747441988
0.5,uniform,0.5,0.3010692959690218,0.9367948434519512,0.9270587832686911,0.9466542259862151,0.999987134269638,0.9999767646316099,0.9999953648689226,0.998253279091616,0.9975869150748632,0.9989178026699069
0.5,uniform,0.5,0.3141592653589793,0.9362322127797728,0.9265379883060794,0.9460450109137742,0.9999868272207325,0.9999764048098415,0.9999951245582502,0.9982420240040867,0.9975781639808027,0.9989012186658287
0.5,uniform,0.5,0.32724923474893675,0.9356933162946116,0.9259273354482902,0.945508530618602,0.9999865281581357,0.9999761603026979,0.9999948441832949,0.9982268669251652,0.9975607955385349,0.9988847308334773
0.5,uniform,0.5,0.34033920413889424,0.9351777494987088,0.9253683061925579,0.9449491310971082,0.9999861999521507,0.9999758782813556,0.9999945078516954,0.9982113039081351,0.9975439843469307,0.9988774010988628
0.5,uniform,0.5,0.3534291735288517,0.9346542519251747,0.9247802782982582,0.9443525531932593,0.9999858596771527,0.9999755120816274,0.9999941200958189,0.9982015455212193,0.9975307473913699,0.9988655307601199
0.5,uniform,0.5,0.36651914291880916,0.9341958784975536,0.9243182242228932,0.9439810294016979,0.9999855108644486,0.9999749967346807,0.9999937393701563,0.9981849431204645,0.9974994081101035,0.9988505300610285
0.5,uniform,0.5,0.37960911230876665,0.933765841699629,0.9238654199725939,0.9435884063945608,0.9999851559594654,0.9999747120278341,0.9999933420216705,0.9981582826268953,0.9974641013156682,0.9988282115318351
0.5,uniform,0.5,0.39269908169872414,0.9332965065302495,0.9232133758145988,0.9431330724890146,0.999984802852238,0.9999743430939843,0.9999929286049802,0.9981257575314298,0.997421946285058,0.9988066825595723
0.5,uniform,0.5,0.4057890510886816,0.9328013140845496,0.9226379206483155,0.9425580961256224,0.9999844817356901,0.9999742482253559,0.9999926835610261,0.998092205932705,0.997373292180791,0.9987835275830653
0.5,uniform,0.5,0.41887902047863906,0.9322631678000812,0.9220589600337812,0.9419554096639218,0.999984087124442,0.9999739370779417,0.9999922992284788,0.998053956271954,0.9973267199812598,0.998756792180687
0.5,uniform,0.5,0.43196898986859655,0.9316327725355681,0.9214605223778143,0.9410980583354537,0.9999835492972022,0.9999734764499686,0.9999919520956783,0.9980141149095192,0.9972657311911615,0.9987357175582922
0.5,uniform,0.5,0.445058959258554,0.9310873812973318,0.9208341393305398,0.9405808315374563,0.9999829448123044,0.9999726057940519,0.9999914685859198,0.9979732042240138,0.9972073097639836,0.9986961902565245
0.5,uniform,0.5,0.4581489286485115,0.9305270117581849,0.9202638068250996,0.9400860656609364,0.9999822483811177,0.9999717958536257,0.9999909269424404,0.9979382153770833,0.997144214849035,0.9986674995016253
0.5,uniform,0.5,0.47123889803846897,0.9299572466474886,0.9196758407191399,0.9394785418675391,0.9999815182208586,0.9999710388266958,0.9999902533970083,0.9979008875094926,0.9970902526525509,0.9986500003980902
0.5,uniform,0.5,0.4843288674284264,0.9293977969340195,0.9190216871062181,0.9388530191499244,0.9999809454505925,0.999970558803601,0.9999896713807631,0.9978676555200824,0.9970347890497199,0.9986178413366915
0.5,uniform,0.5,0.4974188368183839,0.928691973510167,0.9181915375838138,0.9381960159755454,0.9999802655112336,0.9999700698925614,0.9999889207137017,0.9978283685639537,0.9969844026588063,0.9985951142214008
0.5,uniform,0.5,0.5105088062083414,0.9279708157947928,0.9173637505500021,0.9375418998415113,0.9999795476441263,0.9999692693011388,0.9999883485048254,0.9977869270224384,0.9969347047264173,0.998574951214472
0.5,uniform,0.5,0.5235987755982988,0.9271221771001289,0.9165400096647693,0.9365971512786067,0.9999788506314665,0.9999683790260927,0.9999877633939005,0.9977422975245767,0.9968695195646136,0.99853710674399
0.5,uniform,0.5,0.5366887449882562,0.9262659261903526,0.9156039271375992,0.9358387412457435,0.9999778764391637,0.9999672318826451,0.9999871783136599,0.9976974249580487,0.9967982229682771,0.9985122683495082
0.5,uniform,0.5,0.5497787143782138,0.925503261367671,0.9147629388330561,0.9351984101976827,0.9999770367569423,0.9999661097470154,0.9999865532288897,0.9976396836608182,0.9967104764548781,0.9984713588465057
0.5,uniform,0.5,0.5628686837681712,0.924798194937447,0.9139426840800124,0.934616593869418,0.9999760280038509,0.999964538360377,0.9999858239665516,0.9975807768997177,0.9966307931516337,0.9984384590417199
0.5,uniform,0.5,0.5759586531581287,0.9241375198581241,0.9132403824889642,0.9340950747895037,0.9999749049141345,0.999962683648133,0.9999850759559317,0.9975283482780192,0.996557049289797,0.9984134177327494
0.5,uniform,0.5,0.5890486225480862,0.923407975471806,0.9123459711657437,0.9335213418519204,0.9999734808622401,0.9999606408140198,0.9999841963535334,0.997470081798231,0.9964653085771343,0.9983838841776976
0.5,uniform,0.5,0.6021385919380436,0.9227652387567638,0.9116138253620081,0.9329522310775418,0.9999720781240904,0.9999579948155686,0.9999833746780713,0.9974008838415638,0.9963646627104602,0.998336926010285
0.5,uniform,0.5,0.6152285613280011,0.9221036376164146,0.9108067519935723,0.9324522241745931,0.9999706469406915,0.9999548278649979,0.9999826415466972,0.9973353027360349,0.9962718605246744,0.9982952139561422
0.5,uniform,0.5,0.6283185307179586,0.9215340060746858,0.9101248549598803,0.9320609486472707,0.9999689677050806,0.9999522092453363,0.9999815833856947,0.9972717779335775,0.9961878280138052,0.9982446066327547
0.5,uniform,0.5,0.6414085001079161,0.9208339364046991,0.909204451490434,0.9314028958784017,0.9999676519428929,0.9999501805192426,0.9999804837992935,0.9972039259311439,0.9960956178671829,0.9981970059987525
0.5,uniform,0.5,0.6544984694978735,0.920277432470746,0.9084322822442642,0.9308929546294196,0.9999655671253002,0.9999457076396775,0.9999794915194756,0.9971443414888164,0.9960353928998614,0.9981577713646482
0.5,uniform,0.5,0.667588438887831,0.919462206387773,0.9076662264802922,0.9301375481618148,0.9999635023067577,0.9999412576031224,0.9999785730779874,0.9970990218728173,0.9959723203170392,0.9981283552341846
0.5,uniform,0.5,0.6806784082777885,0.9183531312019536,0.9062246428162479,0.9292641997732063,0.9999616561439416,0.9999371170251591,0.9999777697034334,0.9970548759677867,0.9959103723755155,0.9981039061224104
0.5,uniform,0.5,0.6937683776677459,0.9172405094560282,0.9049664299315967,0.9283778568203432,0.999960230879311,0.9999339249467813,0.9999772364492148,0.9970154042137863,0.9958652360331699,0.9980936744365034
0.5,uniform,0.5,0.7068583470577035,0.916133199010579,0.9036814897191393,0.9273881977199978,0.9999582684356537,0.9999295204839562,0.9999765872044636,0.9969848752176725,0.9957979279848638,0.9980787713516083
0.5,uniform,0.5,0.7199483164476609,0.9149962410456047,0.9022279526338977,0.926553179116183,0.9999553392086519,0.9999236339000933,0.9999755312581349,0.9969430709857371,0.9957141505610496,0.9980652425222409
0.5,uniform,0.5,0.7330382858376183,0.913863980840843,0.9008131678644604,0.9254925649823775,0.9999528436736113,0.9999187080976326,0.999974454980477,0.9968939237889884,0.9956272681352522,0.9980354679801237
0.5,uniform,0.5,0.7461282552275759,0.9127035479322605,0.8993921947255737,0.9245304037063612,0.9999502583570813,0.9999138395046118,0.9999733064000068,0.9968325779074907,0.9955246059658653,0.9980055863827596
0.5,uniform,0.5,0.7592182246175333,0.9113897465895837,0.8978474224085351,0.9234723953005236,0.9999462984678035,0.99990680738083,0.9999713397668599,0.9967660084832333,0.9954358537846917,0.9979573565985616
0.5,uniform,0.5,0.7723081940074907,0.9102463600413829,0.8963340238969453,0.9227350970294931,0.9999418127075154,0.9998991783211958,0.9999692677181281,0.9967100107701556,0.9953679054532184,0.9979172232036756
0.5,uniform,0.5,0.7853981633974483,0.9090951355587161,0.8947763228601318,0.9218064951676873,0.9999378116516807,0.9998926709190907,0.9999673267158864,0.9966453394663809,0.9952963564301657,0.9978663459356248
0.5,uniform,0.5,0.7984881327874057,0.9078376961257543,0.8934943163473896,0.920703652055402,0.999931803247533,0.999880841763288,0.999965179760591,0.9965831274858511,0.9952264116302533,0.9978193404226529
0.5,uniform,0.5,0.8115781021773631,0.9065797779274586,0.8920126449313398,0.9196493059405065,0.9999260736373728,0.9998706664602491,0.9999627695129929,0.9965429408482268,0.9951749322674578,0.9977720657636346
0.5,uniform,0.5,0.8246680715673207,0.9053100600546161,0.8904931688326744,0.9185300674972088,0.9999210830674389,0.9998611823097991,0.9999603561625064,0.996494169050897,0.9951242368299774,0.9977136753097079
0.5,uniform,0.5,0.8377580409572781,0.9039641778301098,0.8889650592998725,0.917352320507236,0.9999149309883082,0.9998506639387924,0.9999573799021042,0.9964158783886935,0.9950351811684779,0.9976560668926833
0.5,uniform,0.5,0.8508480103472356,0.9026101610161507,0.8874108693391091,0.9162375643892117,0.9999103061991795,0.9998440521483182,0.9999549359354387,0.9963266515953562,0.9949053069432627,0.9975977369046284
0.5,uniform,0.5,0.8639379797371931,0.9010576346181556,0.8858115932212784,0.9150586249407852,0.9999075581176963,0.9998437977785795,0.9999525013822321,0.9962429411203462,0.9948241265620056,0.9975313949321734
0.5,uniform,0.5,0.8770279491271505,0.8994270578495555,0.8839354044669984,0.9137374791269361,0.9999025088694231,0.9998361747961599,0.9999498061967955,0.9961476158868067,0.9947177870675123,0.9974275179235174
0.5,uniform,0.5,0.890117918517108,0.8976036946857704,0.8818612625488702,0.9120449157099735,0.9998962610777614,0.9998223816049057,0.9999473124011031,0.9960570996600908,0.9946219320196515,0.9973399614785018
0.5,uniform,0.5,0.9032078879070655,0.8960886278859669,0.880320562511304,0.9107247274136364,0.9998871355573736,0.9998035786107109,0.9999445566075448,0.9959401682679903,0.9944858210279199,0.9972583732133733
0.5,uniform,0.5,0.916297857297023,0.8947870154035856,0.8788391534496316,0.909474011332226,0.9998774246854253,0.9997825936069682,0.9999414311302158,0.9957925345443873,0.9942677466997053,0.9971729490464727
0.5,uniform,0.5,0.9293878266869804,0.8935029787711714,0.8773344973603155,0.9082674283491967,0.9998679048444168,0.9997651312149922,0.9999367539832937,0.9956244941257296,0.9940069136095652,0.9970500948390797
0.5,uniform,0.5,0.9424777960769379,0.8917546036392051,0.875435320829319,0.9065305595753662,0.9998596558379421,0.9997512279383381,0.9999327721434279,0.9954514063346988,0.9937484026500647,0.9969341029268911
0.5,uniform,0.5,0.9555677654668954,0.8899031271463965,0.8734255157037102,0.9048663845115739,0.9998507883236513,0.9997337065017204,0.9999297186358832,0.9953055263552725,0.993577334060912,0.9968287402169707
0.5,uniform,0.5,0.9686577348568528,0.8883675956061463,0.871753666130598,0.9034435611546622,0.9998402978032516,0.9997144944166279,0.9999260095924971,0.9951250566676889,0.9932892006195031,0.996699334770985
0.5,uniform,0.5,0.9817477042468103,0.8867656737536503,0.8701614190726773,0.9018579122970231,0.9998283129595912,0.9996922039646423,0.999921148742335,0.9949519328074968,0.9930238375218952,0.9965821643458505
0.5,uniform,0.5,0.9948376736367678,0.8851073318418842,0.868242325865973,0.9002997135499099,0.9998153742343988,0.9996680647440883,0.9999161523085627,0.9947870274248252,0.9928061980825117,0.9964839539293538
0.5,uniform,0.5,1.0079276430267252,0.8834788340584966,0.8664032564466705,0.898763415314373,0.9998025693234117,0.999643491015434,0.9999119198193362,0.9945829751207272,0.9925136817538723,0.9963364852699818
0.5,uniform,0.5,1.0210176124166828,0.8818074042652971,0.8645763355960753,0.8970296453479615,0.9997889520184443,0.9996186164153363,0.9999081265532371,0.9943951845016369,0.9922320267251679,0.9962013225892884
0.5,uniform,0.5,1.03410758180664,0.8800500758024018,0.8627141380329333,0.8953800311095407,0.9997728305727698,0.9995890982748968,0.9999018088127363,0.9942039556150974,0.9919465176666316,0.9960881202372692
0.5,uniform,0.5,1.0471975511965976,0.8780996022326036,0.8606655976965086,0.8935686559999311,0.9997552789035898,0.9995568506102068,0.9998956499429473,0.9939906296993413,0.99163927205696,0.9959603774339002
0.5,uniform,0.5,1.0602875205865552,0.8761356729085343,0.8585616216383646,0.8918705826989735,0.9997354810824829,0.9995193770889838,0.9998892821810479,0.9937467755415469,0.9912157172654977,0.9958615971664448
0.5,uniform,0.5,1.0733774899765125,0.8740891222525266,0.8564014917008543,0.8898911933098981,0.9997121595963034,0.9994784601057636,0.999879195934527,0.9934840033131258,0.9907363649692036,0.9957511132191564
0.5,uniform,0.5,1.08646745936647,0.8721295844423289,0.8543493081677421,0.8880872931967707,0.9996846694233757,0.9994241987574335,0.9998710916718582,0.993218794093624,0.9902589132387236,0.995636684179162
0.5,uniform,0.5,1.0995574287564276,0.8699559118592219,0.8521699029854092,0.8859902609852297,0.9996543319176708,0.9993618891718822,0.9998619730347506,0.9929202548746231,0.9896976895101032,0.9955246645197151
0.5,uniform,0.5,1.112647398146385,0.8676165660601515,0.8498565769080464,0.883744093463108,0.9996221655782769,0.9992924841128232,0.9998532247169396,0.9926130942622869,0.9891217540363982,0.9953713177173952
0.5,uniform,0.5,1.1257373675363425,0.8653562970736116,0.8475464451518192,0.8816191398392461,0.9995938609554288,0.9992383386915077,0.9998454428285025,0.9922914406717288,0.9885830718687622,0.9951972084832608
0.5,uniform,0.5,1.1388273369263,0.863003544933563,0.8449312661321176,0.8795094742827197,0.9995624027842069,0.9991788971047163,0.9998324298741734,0.9919109254167632,0.9879123415968861,0.9950262955014713
0.5,uniform,0.5,1.1519173063162573,0.8607674191573497,0.8423136960539636,0.8775511121098518,0.9995270628041512,0.9991165881000467,0.9998185819530332,0.9915759905897265,0.9873209655004088,0.9948517695902808
0.5,uniform,0.5,1.1650072757062149,0.8584300407584976,0.839552127551704,0.8755638177110776,0.9994916114026977,0.9990548745482939,0.9998012173821448,0.9912608129949567,0.9867400044747715,0.9946963923267379
0.5,uniform,0.5,1.1780972450961724,0.8561089081325098,0.8367497724824602,0.8735214650855185,0.9994543827831027,0.9989872966539284,0.9997838534800039,0.9908855464925672,0.9860884803494641,0.9945373905421356
0.5,uniform,0.5,1.1911872144861297,0.8538284445561248,0.833982963021827,0.8718628347179487,0.9994166086597628,0.998918547808161,0.9997684538674743,0.9905228018651967,0.9854510863550359,0.994333030678496
0.5,uniform,0.5,1.2042771838760873,0.8514741391442096,0.8310521908294967,0.8698053706580795,0.9993752572553262,0.9988510194105683,0.9997505336399553,0.990084871558747,0.9847316435369797,0.9941104529359746
0.5,uniform,0.5,1.2173671532660448,0.8491089913587125,0.8281097507866468,0.8676388260487105,0.9993300494713472,0.9987684050271577,0.999733030297883,0.9895788508280526,0.983960153981865,0.9938377923775019
0.5,uniform,0.5,1.2304571226560022,0.8466337727445415,0.8255718878158766,0.8652966663528602,0.9992688144782363,0.9986461901414028,0.9997141623710251,0.9890396421298795,0.983118220094581,0.9935326165890609
0.5,uniform,0.5,1.2435470920459597,0.8441210126999591,0.8226613059183963,0.8627589239651678,0.9992238207683105,0.99856413421817,0.9996987048985179,0.988451545994531,0.9823254546089868,0.9931833420611075
0.5,uniform,0.5,1.2566370614359172,0.8416486505407925,0.8200450559037241,0.8603827372785301,0.9991827681145744,0.9984823247895727,0.9996833588334201,0.9878338663494727,0.9813549775653488,0.9927965230588687
0.5,uniform,0.5,1.2697270308258746,0.839071406930345,0.8171743761387056,0.8578180060969796,0.999141278990313,0.9983996921826965,0.9996687829145315,0.987229045030165,0.9803452160136672,0.9924638816728993
0.5,uniform,0.5,1.2828170002158321,0.8366055804486883,0.8142512512631179,0.8555932006211817,0.9990956411026136,0.9983110843126527,0.9996526907007183,0.9866185001960474,0.9793198107562078,0.9921145336902071
0.5,uniform,0.5,1.2959069696057897,0.8342654870513319,0.8114589884550334,0.8533309480236392,0.9990433229745744,0.9982156444017745,0.9996348604767198,0.9860487312517893,0.9783588479153521,0.9918379676010198
0.5,uniform,0.5,1.308996938995747,0.8321301788703935,0.809233380010015,0.8512974853362444,0.998982505227306,0.9981057195394912,0.9996168896826049,0.9853319087979764,0.9771764644274525,0.9914297210280689
0.5,uniform,0.5,1.3220869083857045,0.830152219808516,0.8075672212713138,0.8495646024119522,0.9989291344372133,0.99802341890578,0.99959227653267,0.9846115453747463,0.9760048837308044,0.9910238319821436
0.5,uniform,0.5,1.335176877775662,0.8279857198005969,0.8051537294887666,0.8477007613580871,0.9988751995746084,0.9979381226128745,0.999567191747882,0.9838972061012788,0.9748630515299956,0.9906601955599651
0.5,uniform,0.5,1.3482668471656194,0.8259343899862454,0.8025963174896329,0.845880480466455,0.9988310954819245,0.9978736169247528,0.9995452164039312,0.9832171712959902,0.9737472277485334,0.990381246792688
0.5,uniform,0.5,1.361356816555577,0.8240574743363763,0.8001682778926646,0.8443149243818721,0.9987823369256613,0.9977957280898041,0.9995241313453866,0.9825528452925544,0.9726304080230335,0.9900461904890713
0.5,uniform,0.5,1.3744467859455345,0.8222390721715809,0.7977153882835603,0.842864594811575,0.9987397137632583,0.9977218586130295,0.9995077439997462,0.9818697043538053,0.971511945791971,0.9896905316176736
0.5,uniform,0.5,1.3875367553354918,0.8203987850437574,0.795557674818859,0.8414331038709146,0.9986925488981019,0.9976276686089096,0.9994920749120502,0.9812358926289065,0.9705110332285074,0.9893526370096735
0.5,uniform,0.5,1.4006267247254494,0.818508482448619,0.793451745186087,0.8398274813303531,0.9986451440557351,0.9975202919446475,0.9994773843909962,0.9805841132445147,0.969427893569727,0.9891118923774599
0.5,uniform,0.5,1.413716694115407,0.8165881399156666,0.7912499328080296,0.8382141641597656,0.9985951469424776,0.9974232251427851,0.9994594313344973,0.9799465061467516,0.9683894688283443,0.9888095383270613
0.5,uniform,0.5,1.4268066635053642,0.8147185578167521,0.7891487032168992,0.8366357206179099,0.9985489500655387,0.9973404248879807,0.9994411952941588,0.9793011674679146,0.9672946311827257,0.9884064146896963
0.5,uniform,0.5,1.4398966328953218,0.8130356887852002,0.7872723813437137,0.8352106069928446,0.9985073946286622,0.9972678549807008,0.9994231592210788,0.9786723702020845,0.9663635028796279,0.9880946839034684
0.5,uniform,0.5,1.4529866022852793,0.8113975294800682,0.7855195849279705,0.8337503582696635,0.9984761449896856,0.9972072437905883,0.9994088099686802,0.9780669587873132,0.9654737334753432,0.987731070697711
0.5,uniform,0.5,1.4660765716752366,0.8098262475652019,0.7838450640821677,0.8324449120319415,0.9984467430440689,0.9971483041221771,0.9993951265881866,0.9775060679024095,0.964647582323147,0.9874568356968585
0.5,uniform,0.5,1.4791665410651942,0.8084114975602782,0.7821482321061152,0.8312278818791151,0.9984203923100959,0.9970995760009553,0.9993853054898201,0.9769942230494596,0.9638984503504299,0.9871548589990996
0.5,uniform,0.5,1.4922565104551517,0.8071830092164817,0.7806290091453147,0.8300566059459535,0.9983973082036521,0.9970577365308572,0.999375395217199,0.9765402253601748,0.9631180009977168,0.9869197833369139
0.5,uniform,0.5,1.505346479845109,0.8061771184342389,0.77941871789919,0.8292285723094613,0.9983723431543531,0.9970113468008492,0.9993667005952074,0.9761475686286923,0.9625363853277019,0.9866798119895203
0.5,uniform,0.5,1.5184364492350666,0.805359838544776,0.7784494339931569,0.8286474408914705,0.9983508403823139,0.9969712448414154,0.9993598056687873,0.9758198361173842,0.9620857113957214,0.9864684536254084
0.5,uniform,0.5,1.5315264186250241,0.8047178494058097,0.7776883088387598,0.8280727319563722,0.9983338064626949,0.9969397599541867,0.999355829208607,0.9755722208111127,0.9617360245111776,0.9863478145003819
0.5,uniform,0.5,1.5446163880149815,0.8042465070347308,0.7771306117398817,0.8276355737979539,0.9983214241900145,0.9969171218925509,0.9993529559195892,0.9754128399618985,0.9615042076487843,0.9862501250154255
0.5,uniform,0.5,1.557706357404939,0.8039605863237625,0.7767932693451871,0.8274042813940679,0.9983139402609189,0.9969034454555348,0.9993512194287527,0.9753175260981259,0.9613753706005205,0.9861986160555529
0.5,uniform,0.5,1.5707963267948966,0.8038646784552066,0.7766804976336872,0.827326568198456,0.9983114466227635,0.9968989006609936,0.9993506323672855,0.9752856263576999,0.9613322758383402,0.9861813623289972
0.5,uniform,2.0,0.0,0.6796244648976829,0.646938315158736,0.7120793715053405,0.9869738909320488,0.9810508138753594,0.9922106691164864,0.8241438417131461,0.7877038633390628,0.8589706417514367
0.5,uniform,2.0,0.01308996938995747,0.6810679499901119,0.6481999925460434,0.7131315022418248,0.9875052299429754,0.9818058413844397,0.992422922515146,0.8255565313631946,0.7901106025899641,0.8591678800522679
0.5,uniform,2.0,0.02617993877991494,0.6826525585195539,0.6500358543696262,0.7144540759622693,0.988063164627654,0.9825901202363244,0.9927113115102296,0.8278410816983621,0.7935479230500724,0.8600513261147723
0.5,uniform,2.0,0.039269908169872414,0.6847404803075464,0.6525927890164527,0.7169466521773157,0.9884941551255895,0.9832676745522555,0.9928640409369258,0.8303379902388784,0.7956316036103769,0.8620825236358484
0.5,uniform,2.0,0.05235987755982988,0.6852749078257836,0.6529332282219572,0.7176960021985136,0.9887492107491743,0.9837259707558903,0.9929549210363462,0.8318156831157535,0.7965964720955628,0.8632634031639989
0.5,uniform,2.0,0.06544984694978735,0.684203821018401,0.6519237810822538,0.7159364511986904,0.9890442970026583,0.9842206845590972,0.993103915637645,0.8326659120263185,0.7965483918672365,0.8642536304256138
0.5,uniform,2.0,0.07853981633974483,0.683357861685725,0.6515780283500041,0.7143108460144041,0.9890774905248185,0.9843681876100648,0.9930970090654315,0.8311302711953387,0.7932237038179903,0.8631968672308881
0.5,uniform,2.0,0.09162978572970229,0.6840827575451217,0.6527522198728053,0.7153581778640973,0.989169396559649,0.9845058771914055,0.9930931446851143,0.8288899969214315,0.7892846900689277,0.8626745952069892
0.5,uniform,2.0,0.10471975511965977,0.6849251827962481,0.6535010422149918,0.7160137831789096,0.9891181724514345,0.9845073157342634,0.9929826102784757,0.8248982746533723,0.7838467842038165,0.8589875470116685
0.5,uniform,2.0,0.11780972450961724,0.684871371622708,0.653690669377783,0.716153146210962,0.989128655278957,0.9845421129516795,0.993020444025683,0.8239104349621464,0.7832606360363223,0.8587091177310894
0.5,uniform,2.0,0.1308996938995747,0.6836595151360448,0.6526618120401018,0.7143446394922142,0.9889654464098716,0.9844361406914369,0.9928628752926906,0.8224962705308068,0.781631822269584,0.8574374239903148
0.5,uniform,2.0,0.14398966328953217,0.6826554995197359,0.6515629530685579,0.7130999378283154,0.988774034749779,0.9843244004252192,0.99260461263335,0.8202562237821623,0.7799698493954172,0.8564120875047401
0.5,uniform,2.0,0.15707963267948966,0.6814882316070142,0.6508285535167277,0.7117616992991275,0.9886221357980309,0.98429224727703,0.9924126517875359,0.8159555699972247,0.7752395005531365,0.8531375375415008
0.5,uniform,2.0,0.17016960206944712,0.6798733081990473,0.6498781112897541,0.7098362186309192,0.9885526473024165,0.9843816847500306,0.9923750831989376,0.8103959206070467,0.7705862971996975,0.8481399512286851
0.5,uniform,2.0,0.18325957145940458,0.6784145840153482,0.6489755794262592,0.7078797202760226,0.9886540135528926,0.9846714950876752,0.9923210714740739,0.8048391930859222,0.7647597025291044,0.8437746302802737
0.5,uniform,2.0,0.19634954084936207,0.6772711031398643,0.6485126109757555,0.7058772355543341,0.9888543312825143,0.9849699497391287,0.9923710117404316,0.7995897509369679,0.7582710493029938,0.8395544276903424
0.5,uniform,2.0,0.20943951023931953,0.6780706981878438,0.650563319270501,0.7057851026023965,0.9890033110213272,0.9853036911555995,0.992351290728261,0.7939597365772663,0.7513203473235416,0.8363247198084832
0.5,uniform,2.0,0.222529479629277,0.6793942178540281,0.6521910099953471,0.7066690217152772,0.9891474213408439,0.9856457600670315,0.9923930927235113,0.7881337077806739,0.7417592165843088,0.8336103906395677
0.5,uniform,2.0,0.23561944901923448,0.6805054735054958,0.6536750542252581,0.7078970110323819,0.9892345759824307,0.9858953994554108,0.9924347801801288,0.7838628501836379,0.7342614842565726,0.8312700384158107
0.5,uniform,2.0,0.24870941840919195,0.6812667833896464,0.6541575132999048,0.7086368870046776,0.9892311502625223,0.9858644247874725,0.9924389230696353,0.7802485896737189,0.7287120542218393,0.8298278305871083
0.5,uniform,2.0,0.2617993877991494,0.6811329198320953,0.6540664404108153,0.7084869274606442,0.9891931621538365,0.9857904521732953,0.9925012238590722,0.7791372547377132,0.7256721363436724,0.8297743465174341
0.5,uniform,2.0,0.2748893571891069,0.6808745511784537,0.6544183261351225,0.7074650731101577,0.9890894057109091,0.9855859693900473,0.9924896486972251,0.7791120643949698,0.7226816141854289,0.8310624386873727
0.5,uniform,2.0,0.28797932657906433,0.6814158926926254,0.655341810566935,0.707658564898003,0.9890041210269925,0.9853613404251416,0.9925517404518,0.7802947305818878,0.724332825260061,0.8315877031538845
0.5,uniform,2.0,0.3010692959690218,0.6831643412721684,0.657410292497059,0.7089178136044658,0.9890295828755264,0.9852416642717052,0.9925783016355888,0.7832109997594793,0.7273405315334418,0.8347506626694894
0.5,uniform,2.0,0.3141592653589793,0.6859970690826356,0.6610071688792211,0.7113114536058401,0.989095101823049,0.9852680353161818,0.9926653895658596,0.7849276331075479,0.7290849472461347,0.8365412672091207
0.5,uniform,2.0,0.32724923474893675,0.6893461376077649,0.6643489400400566,0.7144060305599497,0.989399897497888,0.9856443699579548,0.9928535329132021,0.7879282432306849,0.7322443427680762,0.8392509157697148
0.5,uniform,2.0,0.34033920413889424,0.6932019674105915,0.6687076251817935,0.7177209723902711,0.9898109488400909,0.9862463198232404,0.9930174034698269,0.7911180047404364,0.7357007967462676,0.8418124647508698
0.5,uniform,2.0,0.3534291735288517,0.6971495484392561,0.6725399478897552,0.7217207194647131,0.9901465033675532,0.9867656012131235,0.9932556523258013,0.7958841357335587,0.7419566944870173,0.8463594288356704
0.5,uniform,2.0,0.36651914291880916,0.701217747181642,0.6763783526931654,0.7256759620277362,0.9904182205426023,0.9871629830702358,0.9934183020790551,0.8018828858751261,0.7505154065469061,0.8506774471666864
0.5,uniform,2.0,0.37960911230876665,0.7052881729382094,0.6811657058869495,0.7289821828625602,0.9908205448790302,0.9878191206076766,0.9936483670983061,0.8078325032762673,0.7583294630254634,0.8553171775811903
0.5,uniform,2.0,0.39269908169872414,0.708940197433411,0.685593482360022,0.7322651487717886,0.9911798230534571,0.9883328742294312,0.9938486548991103,0.81528033216503,0.7682994376543398,0.8603282179777325
0.5,uniform,2.0,0.4057890510886816,0.7127147528054469,0.6903348953233378,0.735275557833226,0.9914495818058556,0.9887971253578735,0.993981419174706,0.8221663771444092,0.7782948637198722,0.8650875532613195
0.5,uniform,2.0,0.41887902047863906,0.7159973854811663,0.6947612592177191,0.7381053002788851,0.9916781504332115,0.9891234186827267,0.9941636082125798,0.8297206497650153,0.7879292864013226,0.8709461951009773
0.5,uniform,2.0,0.43196898986859655,0.7192807805254758,0.6985998464888515,0.741127959607684,0.9920140414495239,0.9895419534960056,0.9944109705522655,0.8390689545289614,0.7999225718407146,0.8775427656905116
0.5,uniform,2.0,0.445058959258554,0.7245622169474314,0.7045515279027467,0.7458827198347215,0.9924974610834543,0.9902165549636013,0.9946928628074072,0.849612822272309,0.8126176622922948,0.885649888440926
0.5,uniform,2.0,0.4581489286485115,0.73035239892689,0.7102626526779128,0.7511183999015238,0.9930206747880278,0.9909454301297952,0.9950169725160412,0.8591981202218392,0.8255216955061567,0.8924804158698032
0.5,uniform,2.0,0.47123889803846897,0.7363524664046085,0.7163830390466887,0.7568461287659652,0.9936741885967361,0.9917765216924941,0.9954404522139886,0.8697369761068545,0.8392521165542896,0.9001647507161721
0.5,uniform,2.0,0.4843288674284264,0.7414340301207282,0.7215207990311456,0.7615022377169643,0.9942343128380764,0.9925667056260856,0.995836664053254,0.8788966413416955,0.8511362479056171,0.9068246717403455
0.5,uniform,2.0,0.4974188368183839,0.747184477050611,0.7279043380673645,0.7665878895715483,0.994713645828138,0.9932486863639115,0.9961829922055633,0.8875647486095216,0.8619614921495701,0.9136224640595445
0.5,uniform,2.0,0.5105088062083414,0.7535779591698275,0.7349752506476057,0.7730991369158765,0.9951513300404882,0.9938191044269903,0.9964899878121158,0.8949347809225682,0.8706219665806917,0.9190967693613987
0.5,uniform,2.0,0.5235987755982988,0.760247871162993,0.7421254998715968,0.7791754784736707,0.9956840359092504,0.9945138957488457,0.9968812643042327,0.9029220264937377,0.8804200015207293,0.9251198565069362
0.5,uniform,2.0,0.5366887449882562,0.7668032661207453,0.7490438649184462,0.7848403870275803,0.9961702919076134,0.9951165455020604,0.9972327196791663,0.9121362477406212,0.8922157145912896,0.9318561908642862
0.5,uniform,2.0,0.5497787143782138,0.773261231351232,0.7563703843701639,0.7905744040446508,0.996530235569348,0.9955831461422106,0.9974773142344507,0.9193556390571452,0.9012551401090934,0.9374901765502531
0.5,uniform,2.0,0.5628686837681712,0.7795485911037575,0.7630897956374393,0.7960953491057872,0.9969366226544721,0.9960886707023023,0.9977973442766314,0.9265987235868991,0.910411566517867,0.9427876506137616
0.5,uniform,2.0,0.5759586531581287,0.785832511801158,0.7705933936753935,0.8013486250084472,0.9973024575715184,0.9965293067949924,0.9980856884431845,0.934021343318138,0.9194686253036094,0.9484501051081409
0.5,uniform,2.0,0.5890486225480862,0.7917399788552761,0.7773597265585356,0.8064540912596782,0.9976316634491553,0.9969483139155177,0.9983285785962548,0.9404056185788167,0.9272301427511166,0.9532483655413513
0.5,uniform,2.0,0.6021385919380436,0.7977789682462979,0.7839992759996074,0.8118683365978108,0.9979138489205637,0.9972983438938183,0.9985234740452299,0.946297216683648,0.9343617500570971,0.9577012732351845
0.5,uniform,2.0,0.6152285613280011,0.8034105265563501,0.7897875718160926,0.8171910760331889,0.9981551148823163,0.9975817172268451,0.9987063675331701,0.9522363364115964,0.9414985277887049,0.9623876100835235
0.5,uniform,2.0,0.6283185307179586,0.8086911918789843,0.7950911066812366,0.8226367835623891,0.9983571549547391,0.9978285338612037,0.9988570718782361,0.9571039274546059,0.9475159806597269,0.9663124723363918
0.5,uniform,2.0,0.6414085001079161,0.8137419787428621,0.800486197063747,0.8276056726124164,0.9985808721533292,0.9981418719479137,0.9989996204278946,0.9612813507581611,0.9526964278868766,0.9697415385182674
0.5,uniform,2.0,0.6544984694978735,0.8187407258951124,0.8056934715247486,0.8324426638320768,0.9987490005849217,0.9983218262646574,0.9991435111997597,0.9651098460445221,0.957224810882508,0.9728904880758638
0.5,uniform,2.0,0.667588438887831,0.8234376848952641,0.8100795527658899,0.8372426703887026,0.9988980384668085,0.9984878080691952,0.9992514230128131,0.9685913416247414,0.9612251629113275,0.975712787709064
0.5,uniform,2.0,0.6806784082777885,0.828464439911166,0.8152038354957023,0.8425630843307169,0.9990238704487616,0.9986329683608872,0.999350225006874,0.971473818690411,0.9644348498856535,0.978168746154256
0.5,uniform,2.0,0.6937683776677459,0.8324561305327318,0.8189896372076084,0.846817254583164,0.9991513664719771,0.9987982213748715,0.9994445658297842,0.9739646372072236,0.9672418118588683,0.9803627087372724
0.5,uniform,2.0,0.7068583470577035,0.8357460070908194,0.822242682900551,0.8503770483999114,0.9992591799797929,0.998922003739344,0.9995241099080402,0.9759920244629287,0.9695991570433561,0.9821575916787061
0.5,uniform,2.0,0.7199483164476609,0.8384933047814566,0.8247203765251518,0.853138171656469,0.9993372051601975,0.9990200606957012,0.9995836436978885,0.9777060367451558,0.9715375800021478,0.983720068037168
0.5,uniform,2.0,0.7330382858376183,0.8413663457459504,0.8273646100486285,0.8559970399388651,0.9994002373108305,0.9991050403044835,0.9996266340511138,0.9791556613463008,0.9730710458829225,0.9851489316393801
0.5,uniform,2.0,0.7461282552275759,0.8444658172668937,0.8303287010905587,0.8593308896981702,0.9994492683787786,0.9991671239318982,0.9996644291414157,0.980102864838705,0.9736907115436495,0.9862307870855397
0.5,uniform,2.0,0.7592182246175333,0.8463574636479607,0.831699665438948,0.8615167637750198,0.9994922995240292,0.9992422799926295,0.9996870597748974,0.9805321930246191,0.9736938223644664,0.9868821174539194
0.5,uniform,2.0,0.7723081940074907,0.8477159963587676,0.8323381907657038,0.8633333325021317,0.9995188979325674,0.9992987672603257,0.9997010524890005,0.9805467347767461,0.9728613843146462,0.9872378768416331
0.5,uniform,2.0,0.7853981633974483,0.8487786129865111,0.8324637076994856,0.8652447779033245,0.999534120297359,0.999350144760589,0.9996984162157605,0.9804022251231167,0.9717100472477668,0.9876673425080084
0.5,uniform,2.0,0.7984881327874057,0.8492274962472613,0.8324069769131714,0.8666535986149053,0.9995443135493449,0.9993605214713119,0.9997078628444626,0.98009403298889,0.970516274969324,0.9878200129674918
0.5,uniform,2.0,0.8115781021773631,0.8485165177486337,0.8308538786911209,0.866386984029594,0.9995356071717002,0.999336366330162,0.9997034432501629,0.9795540186239581,0.9692588467014487,0.9879889599814515
0.5,uniform,2.0,0.8246680715673207,0.8477929384085555,0.8296110775439097,0.8656850857698147,0.9995352893560016,0.9993249214361597,0.9997094732610965,0.9789728766317843,0.9681031231031622,0.9878572561952109
0.5,uniform,2.0,0.8377580409572781,0.8470133500425754,0.8279189589445436,0.8653680282776035,0.9995080361050874,0.9992600254943623,0.999702519427442,0.9781039409459265,0.9665469902808809,0.9877754586676816
0.5,uniform,2.0,0.8508480103472356,0.8462082451179804,0.8261167426621078,0.8649663679636024,0.9994811667811606,0.9991947443552188,0.9996985917706466,0.9769813443776857,0.9644936383423138,0.9874386670625513
0.5,uniform,2.0,0.8639379797371931,0.8454555843229187,0.8246611252558169,0.8647996568235136,0.9994633470640899,0.9991406951598394,0.9996991245683629,0.9749482834628177,0.9607904968579511,0.9868424148699719
0.5,uniform,2.0,0.8770279491271505,0.8439669952528664,0.8225984127552438,0.8634209274352869,0.9994473645026255,0.9990916653609353,0.9997029057781022,0.9723382297902378,0.9563216996344911,0.9859775262091823
0.5,uniform,2.0,0.890117918517108,0.8425265118460311,0.8207190483242314,0.8623849003946655,0.9994072426338624,0.9989953301906591,0.9996958869372807,0.9691810514701095,0.950946268089936,0.9848448951225502
0.5,uniform,2.0,0.9032078879070655,0.8406991094955597,0.8178975494845985,0.8610404760546146,0.9993670578462711,0.9988873364889189,0.9996932828025598,0.9661455445802027,0.945973211123102,0.9839187463220692
0.5,uniform,2.0,0.916297857297023,0.8396626937416377,0.8159689824614151,0.8603920661490472,0.9993201424031241,0.9987782181437855,0.9996798495896208,0.9626636042566293,0.9394641058784107,0.9829202910650867
0.5,uniform,2.0,0.9293878266869804,0.8384700705437952,0.8140088665697452,0.8595220234824735,0.9992662409936067,0.998676174838454,0.9996554626992524,0.9586230768037494,0.9315172522871232,0.9817614364285314
0.5,uniform,2.0,0.9424777960769379,0.8369736575504788,0.812141307131573,0.8581939825678953,0.9992118363451276,0.9985713961883848,0.9996361755058559,0.9554753144558147,0.9249782425995846,0.9811812102667298
0.5,uniform,2.0,0.9555677654668954,0.8363328349327852,0.811389501747175,0.8576230550451791,0.9991401216251571,0.9984424973282678,0.9996112832090099,0.9521007694696418,0.9182332249298228,0.9800308146312671
0.5,uniform,2.0,0.9686577348568528,0.8354882309952619,0.81057310879056,0.8565756893720899,0.9990731978001869,0.9983294430686183,0.9995943281622853,0.9490637143497821,0.9120192048789793,0.9790024226772647
0.5,uniform,2.0,0.9817477042468103,0.8336496347078971,0.80810620916041,0.8550126042937456,0.999024022595015,0.9982292038356781,0.9995858629225483,0.9464809664556538,0.9068132317003633,0.9781087203637572
0.5,uniform,2.0,0.9948376736367678,0.8314529152080041,0.80532299632451,0.8535446716472642,0.9989190901365029,0.9979630654192405,0.9995670644639467,0.9438992899458877,0.9025794817319707,0.9769307829739583
0.5,uniform,2.0,1.0079276430267252,0.8301941772053296,0.8041877277904989,0.852232995223408,0.998808620799735,0.9976691021785018,0.9995591234947522,0.9413248776495454,0.8983841818663257,0.9759898185119803
0.5,uniform,2.0,1.0210176124166828,0.828773108221336,0.8026311504598556,0.8510206657463953,0.9987016306564281,0.9973137962003873,0.9995661491399005,0.9390665322633768,0.8944218202366877,0.9751374500718197
0.5,uniform,2.0,1.03410758180664,0.8277431684306881,0.8013606209532318,0.850170578707948,0.9985785629126273,0.9969218108578634,0.9995695646187684,0.9371567564960679,0.8913453724932735,0.9743605239180412
0.5,uniform,2.0,1.0471975511965976,0.8270584749079019,0.8008205981128079,0.8494988809877163,0.9986131074283627,0.9970415666950381,0.9995664415925153,0.9347432399043686,0.8868801068090308,0.9735459795830117
0.5,uniform,2.0,1.0602875205865552,0.8261513420152934,0.7995137926817456,0.8489920424535251,0.9986224383058379,0.9971565710903022,0.9995557889919435,0.9331750590328317,0.8835787577016275,0.9733052777818735
0.5,uniform,2.0,1.0733774899765125,0.8248985545845366,0.7972492283387863,0.8478743219252088,0.9986243339502413,0.9972439737628378,0.9995411337230187,0.9319375362710584,0.8807127760906137,0.9731033225515683
0.5,uniform,2.0,1.08646745936647,0.8237361939261633,0.7953853727339211,0.8468128049785135,0.998612240272831,0.9973009060847496,0.9995187639957179,0.9316709890260094,0.8801219915754265,0.9729199448100515
0.5,uniform,2.0,1.0995574287564276,0.8235956834180143,0.7966456855729349,0.8463536988206233,0.9984743090005602,0.9969931716275501,0.9994978262801218,0.9309565922781479,0.8788536078023017,0.972920790005949
0.5,uniform,2.0,1.112647398146385,0.8231168594263369,0.7965372230094921,0.8454070360898148,0.9983432421190686,0.9966768504144581,0.9994934332938072,0.9308727946668519,0.8779767268041916,0.9734924781417246
0.5,uniform,2.0,1.1257373675363425,0.823155691639899,0.7968520370918627,0.8452740958318564,0.9983109193263942,0.996582164789663,0.9994843484648415,0.9306020745647089,0.8763311533544472,0.9731973392799637
0.5,uniform,2.0,1.1388273369263,0.8232150752141606,0.7973425187171007,0.8453199724629038,0.9983046696590447,0.9965224509302439,0.9994865036782733,0.9302834039352414,0.8754806203302695,0.9731082355236589
0.5,uniform,2.0,1.1519173063162573,0.8230176656164377,0.7966652571831186,0.8455238569344276,0.9984617199327488,0.996952080312416,0.9994807777439485,0.9302679024672275,0.8745574439198955,0.973097793055727
0.5,uniform,2.0,1.1650072757062149,0.8227333525766737,0.7965815528098199,0.8455133631577153,0.9986075608857469,0.9973296831675104,0.9994757737048403,0.9310893949982791,0.8761179727500799,0.9734684203099413
0.5,uniform,2.0,1.1780972450961724,0.8230911951544363,0.7973440105419168,0.8455031889066502,0.9986598372297362,0.9975011652745445,0.9994706410160566,0.9321509396986953,0.8779547785043904,0.9738023173634429
0.5,uniform,2.0,1.1911872144861297,0.8242301517423664,0.7998010010190096,0.8462021143972894,0.9986983290883944,0.9975845325545537,0.9994663521702841,0.9332178130199228,0.879731600940887,0.9743197194532209
0.5,uniform,2.0,1.2042771838760873,0.8252219204128188,0.8018661441348237,0.8467138692342596,0.9987444471641211,0.9977031416789147,0.99946290379727,0.9344995320037448,0.8825907669804997,0.9746052779864196
0.5,uniform,2.0,1.2173671532660448,0.8251201924739551,0.8019560559396954,0.8465277006716054,0.9987827268607788,0.9978371019764264,0.9994608648342469,0.9357494426778327,0.8847668337221413,0.9748414490102717
0.5,uniform,2.0,1.2304571226560022,0.824681425182253,0.8015027038119341,0.8458626770429648,0.9988098901301973,0.9978835787368799,0.9994564932053185,0.937471545473557,0.8879746056689474,0.9751750840684567
0.5,uniform,2.0,1.2435470920459597,0.8243044575455,0.8004482529316688,0.8455745324427786,0.9988227860700616,0.9978757713260444,0.9994533088573823,0.9387324812551423,0.8901759641129406,0.9756337397975517
0.5,uniform,2.0,1.2566370614359172,0.8243443896897148,0.8004302169891565,0.8454170880458386,0.9987763706953134,0.9977663163320131,0.9994426143039677,0.940738738138883,0.8948181617212805,0.9763105135529897
0.5,uniform,2.0,1.2697270308258746,0.8242775741846419,0.8013563596573813,0.8446062108118426,0.9987333842725589,0.9976810934678445,0.9994404415180488,0.9433210571510893,0.8994648981456279,0.977171705116931
0.5,uniform,2.0,1.2828170002158321,0.8244450217633433,0.8026188255228733,0.8440004383851683,0.9986847619077994,0.9975804183895117,0.9994294444431419,0.9460631769438005,0.9055521315182169,0.9775257566184046
0.5,uniform,2.0,1.2959069696057897,0.8247550355198655,0.8029189443483253,0.8438023546425909,0.9986452533067988,0.9975292878605414,0.9994029796137828,0.9484690316867895,0.9107464333192692,0.9776725757963474
0.5,uniform,2.0,1.308996938995747,0.8246872508348564,0.8034482022241367,0.843525667350459,0.9986442654284668,0.9975728157032104,0.9993889245246901,0.9509572954364133,0.9162393309804643,0.9778092865402628
0.5,uniform,2.0,1.3220869083857045,0.8240989421822548,0.8022102852292767,0.8434492241127598,0.9986423472986253,0.9976003586040978,0.9993858403826655,0.9532358644254467,0.9208829492523765,0.9784424030059979
0.5,uniform,2.0,1.335176877775662,0.822912967426496,0.8001319948881386,0.8428210229264997,0.9986636206622076,0.9976848691692785,0.9993849277162797,0.9554006036950332,0.9255546547813854,0.9788873085612085
0.5,uniform,2.0,1.3482668471656194,0.8213479291784708,0.7981508856597355,0.8418224996077722,0.99867039187854,0.9976920928550834,0.9993768963542163,0.9577530531815349,0.930541633079996,0.9797922060185146
0.5,uniform,2.0,1.361356816555577,0.819652564387911,0.7953901239995557,0.8408942108157695,0.9986501401823809,0.997689591325972,0.9993637845451327,0.9601002926617896,0.9349918928094076,0.9805727408613172
0.5,uniform,2.0,1.3744467859455345,0.8177649106856131,0.793064371378671,0.8388323483476491,0.9986051297410224,0.997601784041331,0.9993462264229804,0.9623400030252681,0.9392045130860519,0.9812799285176
0.5,uniform,2.0,1.3875367553354918,0.8166409878525415,0.7923177321392776,0.8376030194898034,0.9985686589135893,0.9975204718651991,0.9993330078697673,0.9646112199442044,0.9435013171567724,0.9819475226250652
0.5,uniform,2.0,1.4006267247254494,0.815317813871581,0.790978674922329,0.8364103163503915,0.998515602235973,0.9973673269160294,0.9993299904420031,0.9664419405026169,0.9467213239718696,0.9825319397053194
0.5,uniform,2.0,1.413716694115407,0.8134694846761342,0.7889019257371195,0.8342319510480031,0.998458135822854,0.9972123759266753,0.9993253861057152,0.9679495024935613,0.9494736933064064,0.9829825076999713
0.5,uniform,2.0,1.4268066635053642,0.8116680872626443,0.7860361928152559,0.833342066626098,0.9984029868080614,0.997068066864719,0.999323904596541,0.9696799682695656,0.9524417481219735,0.983578613986895
0.5,uniform,2.0,1.4398966328953218,0.810477728121198,0.783716672457373,0.8327689731359644,0.9983584191369034,0.9969582919464399,0.9993153759852589,0.9711138184772201,0.9545928929752205,0.9844482098088726
0.5,uniform,2.0,1.4529866022852793,0.809312285390726,0.7822150441024165,0.8318991726507349,0.9983373585422958,0.9969336992188675,0.9993188310237952,0.9721691966049653,0.9559224140753624,0.985210017902724
0.5,uniform,2.0,1.4660765716752366,0.8075083942372228,0.7801097817459696,0.8308967787395343,0.9983126967065648,0.996855880451799,0.9993266818650441,0.9731102690082473,0.9575916403981055,0.9857022904332068
0.5,uniform,2.0,1.4791665410651942,0.8066231730272091,0.7791368951400778,0.8304784027126255,0.9983342840551187,0.9968997096103227,0.9993438201241797,0.9741131736695218,0.9589980127959241,0.9863196646433295
0.5,uniform,2.0,1.4922565104551517,0.8059170702234247,0.778466162779699,0.8296839162723638,0.9983288888466806,0.9969008424859959,0.9993451313589745,0.9746370325211092,0.9595166655262217,0.9864516219009279
0.5,uniform,2.0,1.505346479845109,0.8053209458109235,0.7778924162618196,0.8288892506337675,0.998291211884494,0.996811694292481,0.9993385148054754,0.9749715614303961,0.9601748381623425,0.9865874552787638
0.5,uniform,2.0,1.5184364492350666,0.8045893228057884,0.7772125445550683,0.8281227674508036,0.9982595859423915,0.9967541061012446,0.9993379220623134,0.9751903642724361,0.9609810297154757,0.9865468575410142
0.5,uniform,2.0,1.5315264186250241,0.8042830276990722,0.7770252562247209,0.8277340652936886,0.9982751039407994,0.9967948785989166,0.9993429385537744,0.9754047422315401,0.9614925015343698,0.9864699515275183
0.5,uniform,2.0,1.5446163880149815,0.8040239970755393,0.776865593165224,0.8274954040923408,0.998295005494354,0.996851407364913,0.9993492460601592,0.9754029341674412,0.9614446031111785,0.9863506387789955
0.5,uniform,2.0,1.557706357404939,0.8039152052976334,0.7767502896181189,0.8273556742071643,0.9983086583431922,0.9968895323194386,0.9993513957257908,0.9753195016998362,0.9614158281879561,0.9862423678191075
0.5,uniform,2.0,1.5707963267948966,0.8038646784552066,0.7766804976336874,0.827326568198456,0.9983114466227635,0.9968989006609936,0.9993506323672855,0.9752856263576999,0.9613322758383402,0.9861813623289972
0.5,uniform,10.0,0.0,0.3593367516555254,0.3096685635185558,0.4059388452451912,0.8037162964094918,0.7442374337763379,0.8598833815064459,0.4204649766294448,0.3355847279434077,0.5003319179368315
0.5,uniform,10.0,0.01308996938995747,0.35721344515856024,0.30692761669428376,0.4052826799452967,0.7980263494935481,0.7348051005258625,0.8560164453405702,0.418650300703919,0.33434975647576365,0.4959312682484683
0.5,uniform,10.0,0.02617993877991494,0.35587325508156553,0.3053455219779104,0.40399257790568116,0.793975908647476,0.7272757256306603,0.8540939374750263,0.4209516815613707,0.3367180622387069,0.49760707891897277
0.5,uniform,10.0,0.039269908169872414,0.35567890430792864,0.303609255718323,0.4042875107603351,0.7929326456859668,0.7248246854034559,0.8538896958970515,0.426751040375301,0.3450767284571896,0.5055997953391017
0.5,uniform,10.0,0.05235987755982988,0.35689490557710624,0.30430030166791877,0.40654693085105537,0.7940229117089427,0.7252873502726525,0.8553918786080049,0.4316647783627053,0.34674350628031825,0.512154137679591
0.5,uniform,10.0,0.06544984694978735,0.3596862033613926,0.30734264794370875,0.40871617122691745,0.7992527893444814,0.7327824591094053,0.8581857305675008,0.43304028707746545,0.34490911665614515,0.5176874031529638
0.5,uniform,10.0,0.07853981633974483,0.3648092091344086,0.31376782075132226,0.41383832203556775,0.8074134073987577,0.7457326742048372,0.8635846472417052,0.43695722892107675,0.34779510035465055,0.5225765044559031
0.5,uniform,10.0,0.09162978572970229,0.3734338334317872,0.32452946891575024,0.42095215999877467,0.8197378065700587,0.763721398939034,0.8708483717219384,0.44174707634646776,0.35477232989791646,0.5263179968581149
0.5,uniform,10.0,0.10471975511965977,0.38615947595198,0.33945427762295516,0.431893630616103,0.8352311434904665,0.7857908986401292,0.8792866270697249,0.45995177404046167,0.3758592942422965,0.541769023551698
0.5,uniform,10.0,0.11780972450961724,0.4021223933432918,0.35962949187531923,0.4451511401606652,0.8525498308143797,0.8096760590709946,0.8914736824995684,0.49062684349762625,0.41058988575236466,0.5703517484028353
0.5,uniform,10.0,0.1308996938995747,0.42232653794270053,0.3828573440258112,0.4630859523410566,0.8712331929494229,0.834315941789633,0.9044772705721823,0.5229808215057522,0.44520466079525883,0.5994299293099927
0.5,uniform,10.0,0.14398966328953217,0.44701614126673106,0.4106968632567483,0.4861249205238182,0.8891974193742369,0.858895548154559,0.916561073928088,0.560220741058124,0.4901967624770772,0.6304047521898982
0.5,uniform,10.0,0.15707963267948966,0.47515421872577296,0.4408233363486068,0.5122667472978881,0.9086488513666181,0.8836771900382834,0.9319719256718281,0.6070252184270245,0.5424972912240998,0.6717517069913395
0.5,uniform,10.0,0.17016960206944712,0.5044908588271156,0.47088356735423414,0.5398743081355808,0.9258264618374582,0.9052591800503048,0.9449279282595773,0.6495931825597002,0.5912303827595297,0.7091276487145736
0.5,uniform,10.0,0.18325957145940458,0.5359089910446012,0.5028958400289799,0.5706822884325908,0.9416575118149416,0.9252413514137373,0.9571576473858014,0.6910788586463182,0.6375828902976257,0.7460622115750989
0.5,uniform,10.0,0.19634954084936207,0.5661741333160023,0.5334277465236442,0.5995213736258451,0.954294965972934,0.9411712976184413,0.9669147641704026,0.7318345543491295,0.6838384197557441,0.7794270282557983
0.5,uniform,10.0,0.20943951023931953,0.5960356463879898,0.5634048190443972,0.629396172764617,0.9648375541125592,0.9538052177167238,0.9751228905129475,0.7703915791180883,0.7272401222338758,0.8131168105655151
0.5,uniform,10.0,0.222529479629277,0.6258082221950475,0.5935453298912103,0.6592074497520288,0.9741190975452465,0.9657497449332558,0.9818940122481387,0.8036089937668857,0.7653855115915228,0.8424165925520253
0.5,uniform,10.0,0.23561944901923448,0.6559074406466678,0.6253984448259698,0.6884708138504235,0.9812992843865674,0.9749479785101917,0.9871275919172482,0.8332557173059637,0.7994766663973197,0.8674420463441761
0.5,uniform,10.0,0.24870941840919195,0.6854561846985812,0.6565911456876767,0.7168675022011995,0.9872417225190322,0.9830657270302616,0.9912518413731255,0.8604713106306464,0.8307816199190716,0.8905941053683067
0.5,uniform,10.0,0.2617993877991494,0.7122193073613512,0.6848272525920747,0.7411755606802486,0.9914716463261946,0.9886705366562495,0.9942055368185976,0.8851731859059564,0.8592340955758808,0.9111310885219105
0.5,uniform,10.0,0.2748893571891069,0.7367693973773779,0.7107802383546147,0.7639419063285059,0.9943123226466759,0.9923243949375589,0.9962570357414794,0.9046028208554097,0.882397420132835,0.9270779152785203
0.5,uniform,10.0,0.28797932657906433,0.7585788857841994,0.7344168775531267,0.7841690246338587,0.9961757862257374,0.9947358767248332,0.997568854577252,0.9215487176626923,0.9021525193051444,0.9410769316813558
0.5,uniform,10.0,0.3010692959690218,0.7774003799372871,0.7545756002111998,0.8015406542803291,0.9973878714745478,0.9963037371811158,0.9984132521008273,0.9367324282227188,0.9199986868235814,0.9533100756232142
0.5,uniform,10.0,0.3141592653589793,0.7922436690126746,0.7711525488131664,0.8142848518922249,0.9981489787236865,0.9973384553145147,0.998928723323524,0.9498820632139968,0.9352272967905022,0.9638819089165099
0.5,uniform,10.0,0.32724923474893675,0.8045302538292777,0.7843129717016153,0.8258113608546698,0.9986283467106244,0.9979992958501337,0.9992218316049413,0.960660965876608,0.9483809913934612,0.9725471022972128
0.5,uniform,10.0,0.34033920413889424,0.8133304943598377,0.7940880619776152,0.8338071062144389,0.9989127759511082,0.9984116562551699,0.9993771361323737,0.9690473496501993,0.958429640124092,0.9790374446081394
0.5,uniform,10.0,0.3534291735288517,0.8188708797300318,0.8000943303268351,0.838221605310439,0.9990728349546133,0.9986631145375743,0.9994561165329168,0.9755028904733253,0.966652920760475,0.9838265021890381
0.5,uniform,10.0,0.36651914291880916,0.820651976431029,0.8019828960517771,0.8396100173941686,0.9991635992885031,0.9988023863189669,0.9994992800339797,0.9806343216326675,0.9732679007611287,0.9874381841862843
0.5,uniform,10.0,0.37960911230876665,0.8232063526590921,0.8051773075705828,0.841500631808184,0.9991510024121887,0.9988050137222585,0.9994725802614132,0.9843452487597791,0.9783071294281567,0.9898711816501018
0.5,uniform,10.0,0.39269908169872414,0.8230405608612118,0.8052002998456218,0.8402915689082961,0.9991858502156291,0.9988332621790151,0.9995057702631691,0.9872658044618828,0.9823880309685279,0.9918084533629444
0.5,uniform,10.0,0.4057890510886816,0.8219344315825511,0.8035296826854741,0.8396653133482807,0.9991686853950248,0.9988112737267736,0.999487689318598,0.9890091022088124,0.9850486617120846,0.9927829176564626
0.5,uniform,10.0,0.41887902047863906,0.8199263544945116,0.801383899196714,0.8386581878462768,0.999157280384753,0.9988127804034526,0.9994744527868874,0.9899907191743093,0.9866489869144485,0.9930043497984924
0.5,uniform,10.0,0.43196898986859655,0.8185565516504689,0.7990932748031774,0.8377087619416735,0.9990830636397824,0.9986914887171031,0.9994435374581436,0.9907581680470686,0.9880490924725251,0.9932831344176134
0.5,uniform,10.0,0.445058959258554,0.8153951846089064,0.7952262823825437,0.834997923830791,0.9990656042348331,0.9986731526630287,0.9994186213257997,0.9913303845424304,0.988595188525624,0.9937452867569994
0.5,uniform,10.0,0.4581489286485115,0.8133591659179474,0.7934283105988003,0.83324875827377,0.999026152783619,0.9986235154187075,0.9993992620249973,0.9914852684267208,0.9886546478635105,0.9939407482599649
0.5,uniform,10.0,0.47123889803846897,0.812334488721899,0.7923639710945436,0.8317175099598803,0.9990083307706817,0.9986219754351364,0.999363860334123,0.9918660584524668,0.9891524903556993,0.9942595997387129
0.5,uniform,10.0,0.4843288674284264,0.8088509428918803,0.789107647970191,0.8283394441531131,0.9989423864814984,0.9985268763257956,0.9993120454075557,0.9919404112836382,0.9893897350073868,0.9942563302381507
0.5,uniform,10.0,0.4974188368183839,0.8062536996676318,0.7864160736830142,0.826155482175768,0.9988856832802965,0.9984618189760596,0.9992616838400159,0.9917423482646961,0.9890659209401069,0.9940732508079454
0.5,uniform,10.0,0.5105088062083414,0.8062083702331065,0.7869582910491876,0.8264557083777988,0.9988410650933776,0.9983912938420304,0.999234102860776,0.9914581386113803,0.9886784623399182,0.9939550431397423
0.5,uniform,10.0,0.5235987755982988,0.8054359929524196,0.7865203338028033,0.8253098579168509,0.9988202717876469,0.9983698548945131,0.9992188357333296,0.9906989458696375,0.987504935418722,0.9934305523351283
0.5,uniform,10.0,0.5366887449882562,0.8044862642441188,0.7854454395126325,0.8242727014503103,0.9987169125940286,0.9982156878732091,0.9991647355446546,0.9900574151379692,0.9860750276887406,0.9932621629898828
0.5,uniform,10.0,0.5497787143782138,0.8031297275227597,0.78347458594363,0.8233346355553399,0.998707894453072,0.9982084686049758,0.9991596241381147,0.9892572391624445,0.9841791446152525,0.9929687954162411
0.5,uniform,10.0,0.5628686837681712,0.8042181762001048,0.7844544828056847,0.8242673374001843,0.9986800464370207,0.9981447345631972,0.9991551035500391,0.9883447480747192,0.9822313987393042,0.9925436612933672
0.5,uniform,10.0,0.5759586531581287,0.804858899685423,0.7851479345569461,0.8252589049293224,0.9986835212959105,0.9981146265916085,0.999182801215478,0.987547940863402,0.9807946456644336,0.9920922280989839
0.5,uniform,10.0,0.5890486225480862,0.80715932877939,0.7872952804771411,0.8272114074486212,0.998684875684694,0.9980797648507,0.9992021907508288,0.9866190922115816,0.9791634322968018,0.991694290282778
0.5,uniform,10.0,0.6021385919380436,0.8092717497227121,0.7900237151941613,0.8292070501529517,0.9986938737158244,0.998083697320591,0.9992096673658928,0.9857997389012656,0.9780756270553739,0.9912024308851365
0.5,uniform,10.0,0.6152285613280011,0.8114777677259779,0.7920389694543868,0.8312478880292411,0.9987649639141001,0.9982093695506175,0.9992351989004108,0.9852332838024863,0.9774100722062244,0.9910061310840903
0.5,uniform,10.0,0.6283185307179586,0.8115854726939666,0.7926501187265742,0.8313754673501821,0.9987434356644025,0.9982172993536451,0.9991949490398556,0.9843005730665547,0.9755963401027665,0.990778680937376
0.5,uniform,10.0,0.6414085001079161,0.8111673414732478,0.7928763608201018,0.8303492601765441,0.9988060935202231,0.9983136063991959,0.9992343094884382,0.9837808521080943,0.9748644789986491,0.9905701870501928
0.5,uniform,10.0,0.6544984694978735,0.8112873079498084,0.7933514492598184,0.830390419108328,0.9987902408580364,0.9983151409765763,0.9992049789335268,0.9822527166669742,0.9716524834322194,0.9903438932868887
0.5,uniform,10.0,0.667588438887831,0.8112935102346533,0.7930893743379519,0.8304471594502665,0.9987896350087196,0.9983118990639581,0.999216425522071,0.9813960679634106,0.9696111968048229,0.9902337542354042
0.5,uniform,10.0,0.6806784082777885,0.8124972150335944,0.7947479895771375,0.8310954035840411,0.9987801035546274,0.9983026469009653,0.9991999800132553,0.9803703557588332,0.9670656997237734,0.9903154884280712
0.5,uniform,10.0,0.6937683776677459,0.8115857364834079,0.7933691617760854,0.830390115036448,0.9987581100622475,0.9982310409851934,0.9992019020130204,0.9793272523026048,0.9652195092063821,0.989943076896729
0.5,uniform,10.0,0.7068583470577035,0.8114112999688995,0.7934641591443413,0.8303874473897733,0.9986914975091903,0.9980865518777536,0.9991742769059022,0.9786473601076343,0.9638868873543555,0.9897455421881919
0.5,uniform,10.0,0.7199483164476609,0.8115364045861105,0.7928782537948634,0.8306878968907049,0.9986929816386271,0.9979531963754856,0.9992290174687906,0.9772058671021742,0.9612054576356847,0.9892894558323446
0.5,uniform,10.0,0.7330382858376183,0.8128119250830622,0.7941563177329897,0.8324425117376439,0.9986520209047347,0.9977573208059379,0.9992554985610456,0.9767273366919388,0.9605626090510843,0.9885950850726574
0.5,uniform,10.0,0.7461282552275759,0.81331930394537,0.7940948080454286,0.8334722425703913,0.998584280037096,0.9975446008398429,0.9992549996344869,0.9762142041230987,0.9601620196400401,0.9880559396308917
0.5,uniform,10.0,0.7592182246175333,0.8119369326560529,0.7919366795263341,0.8319011624610326,0.9985182866956728,0.9973128172567964,0.9992678010474025,0.9758948463277995,0.960268818357505,0.9876717767985573
0.5,uniform,10.0,0.7723081940074907,0.810955454415819,0.7903606173693118,0.8316036623981974,0.9984433074743787,0.9970697973146824,0.9993059970588094,0.9753164135874374,0.9599686956144947,0.9869865234958571
0.5,uniform,10.0,0.7853981633974483,0.8110121500228717,0.7893835666368636,0.8322210355104867,0.998360978041671,0.9968252994986809,0.9993433691295474,0.9747302799539989,0.9593009288017892,0.9866824603386001
0.5,uniform,10.0,0.7984881327874057,0.809570219042269,0.7868590906240739,0.8311652630860512,0.998232610474281,0.9965223917835174,0.9993467957850661,0.9738820926771958,0.9581944558775437,0.9863277440994435
0.5,uniform,10.0,0.8115781021773631,0.8099639060795094,0.7860961658591834,0.8331391884951028,0.9981299503832687,0.9962669010505969,0.9993722612635405,0.9736732127659445,0.9582844005850345,0.9863021977297955
0.5,uniform,10.0,0.8246680715673207,0.8082914894807615,0.7828812174418613,0.8321993976901012,0.9980148449599052,0.9960032007955981,0.9993862925575265,0.9738398314053857,0.958437103343675,0.9863495184756053
0.5,uniform,10.0,0.8377580409572781,0.8076438053210464,0.7800166091991357,0.8320680997617543,0.9980597100955726,0.9961014181170905,0.9993876310719244,0.973433175850968,0.9579211891077709,0.9861538496120196
0.5,uniform,10.0,0.8508480103472356,0.8061972555866838,0.7770436431732763,0.8316472123976028,0.9980236464807389,0.9960486058645605,0.9993838038992343,0.9733157896992483,0.9581274999627859,0.9858086872866109
0.5,uniform,10.0,0.8639379797371931,0.8051755863299958,0.7748335867977653,0.8312664872376037,0.9981061179234677,0.9961913405696107,0.9993897907835554,0.9739533021605916,0.9590148628297794,0.9862835353006276
0.5,uniform,10.0,0.8770279491271505,0.8053424782425243,0.7741444061949557,0.8318404712008036,0.9980469254240169,0.9961299351871805,0.9993825960802848,0.9737671449880919,0.9582880503211427,0.9862845219094656
0.5,uniform,10.0,0.890117918517108,0.8058107779898287,0.7737710271911502,0.8325250302648081,0.9980418697614745,0.9961428395479447,0.9993694302271648,0.9737049565728384,0.9584335297263011,0.9861577686549607
0.5,uniform,10.0,0.9032078879070655,0.8054953995747179,0.7729868815567157,0.8330727930430463,0.9980632505737416,0.9962460963773816,0.9993363324837469,0.9741557604552703,0.9593175910525449,0.9864372695481446
0.5,uniform,10.0,0.916297857297023,0.8048801597526879,0.7722703383432385,0.8330854623131955,0.9980441499991667,0.9962517685538723,0.9993287418505743,0.9744480617580765,0.959147192178774,0.9869873664199333
0.5,uniform,10.0,0.9293878266869804,0.8056132790525496,0.7726221773035878,0.8339661955569134,0.9980277793519065,0.9962049327874393,0.9993318835680907,0.9745219070857236,0.9592691730339316,0.9869552220208085
0.5,uniform,10.0,0.9424777960769379,0.8037315442082232,0.7703413085580735,0.8322944845139908,0.9980673628870361,0.9963033039647952,0.9993113729853561,0.9749708693099999,0.9601593803493187,0.9871691462617387
0.5,uniform,10.0,0.9555677654668954,0.8030768513699379,0.7706473746311391,0.8311739950821184,0.9980029111652281,0.9962310440719477,0.9993006634362629,0.9742348823347333,0.9590024187964583,0.9868018896014145
0.5,uniform,10.0,0.9686577348568528,0.8038629561143514,0.7713900998176251,0.8317989432162143,0.9979212462155296,0.9960511029288621,0.9992573338813953,0.9744830204640246,0.9594037814956846,0.9868651284468376
0.5,uniform,10.0,0.9817477042468103,0.802148712395363,0.7693931141163519,0.8308890507910872,0.9977724156122388,0.9957611762905992,0.9992159183356965,0.9742980546083566,0.9590833677984909,0.986816542139759
0.5,uniform,10.0,0.9948376736367678,0.8012079675595137,0.7678003998615405,0.8307399355285021,0.9976669818647758,0.9956373863920188,0.9991386410385347,0.9744658254359696,0.9596390524612803,0.9865697101330816
0.5,uniform,10.0,1.0079276430267252,0.8012024063838924,0.7685982624598835,0.8303016091487073,0.9978117284189887,0.996000170502875,0.9991417665100933,0.9740612925289273,0.9589597371110156,0.986535604384352
0.5,uniform,10.0,1.0210176124166828,0.8015852657358503,0.769547462220595,0.8305132596539873,0.9976938736120523,0.9957206613671298,0.9991253087733707,0.9742928284923198,0.9597689489089016,0.9865329627074754
0.5,uniform,10.0,1.03410758180664,0.8021112155415735,0.7696956106459545,0.8303060468636166,0.9976598240362183,0.9956367813629614,0.9991285886416356,0.9751306197337998,0.961306590180144,0.9864934231596003
0.5,uniform,10.0,1.0471975511965976,0.8009430934409792,0.7688848558856786,0.8291219020928505,0.9978181139130538,0.9960291543566785,0.9991162903594945,0.9753720690797838,0.9619143927274086,0.9866741565919313
0.5,uniform,10.0,1.0602875205865552,0.8000531643692557,0.7683191229345948,0.8276136316341468,0.9977043629309614,0.9958010773291167,0.9990786139914898,0.9750811013670697,0.9607400189873166,0.9867084261872564
0.5,uniform,10.0,1.0733774899765125,0.8006351953620588,0.7692468741763198,0.8283055942557069,0.9977095052150693,0.9958020546146893,0.9990931878070282,0.9762031186035117,0.9630454787251268,0.987051733416189
0.5,uniform,10.0,1.08646745936647,0.8011849504136056,0.7695407667191441,0.8286178014407043,0.9977666586570418,0.9958661136188407,0.9991367739105312,0.9765213558106435,0.963495853740969,0.9872808057722744
0.5,uniform,10.0,1.0995574287564276,0.800529543870662,0.7688934757819842,0.8275632999613737,0.997867241247011,0.9960719176796805,0.9991421336659501,0.9763115464688914,0.9627660921461707,0.9874451874215837
0.5,uniform,10.0,1.112647398146385,0.8002237517989191,0.7692870730079583,0.827086399961823,0.9979257279102675,0.9963241001476264,0.9991034262590256,0.9763804190849763,0.962192965203576,0.9876391078797216
0.5,uniform,10.0,1.1257373675363425,0.8010577708585472,0.7704566727017234,0.8276321956611791,0.9978744519508574,0.9961655221703608,0.9991113180203965,0.9777334128089813,0.9646920970262776,0.9883670768494621
0.5,uniform,10.0,1.1388273369263,0.8013390417642471,0.7716570258511071,0.8274491434161254,0.9978904212195238,0.9961485941023359,0.9991436480317024,0.9777884690041049,0.9645830771656292,0.9884424841547456
0.5,uniform,10.0,1.1519173063162573,0.8015800660660877,0.7718298555523547,0.8273132387683655,0.9979221284286134,0.9962599493201327,0.9991212731052524,0.9770545304916518,0.9634173454194276,0.9879536001563398
0.5,uniform,10.0,1.1650072757062149,0.8017463412189461,0.7718450703254941,0.8275004303087998,0.9979788727225297,0.996402371326473,0.9991263559874991,0.9767488593275586,0.9627547817197389,0.987807081477559
0.5,uniform,10.0,1.1780972450961724,0.8004258449558824,0.7700301247673748,0.8268918289926838,0.9980150973771047,0.9964064818858651,0.9991587805708046,0.9771205994590049,0.9635599371096373,0.9879437215034442
0.5,uniform,10.0,1.1911872144861297,0.8017485606166569,0.7712886959486632,0.8280219182240206,0.9979910687380324,0.9963308443083919,0.9991662191643631,0.9775632486424418,0.9642183494106108,0.9881195011196627
0.5,uniform,10.0,1.2042771838760873,0.8026482394601172,0.7725968837795021,0.8284566305931502,0.9980616994873593,0.9965064368028848,0.9991829869038599,0.9773618681713537,0.9643772401013095,0.9879098162855083
0.5,uniform,10.0,1.2173671532660448,0.8036409744163864,0.7745860888091376,0.8284624754940814,0.998039763979249,0.9964102602205763,0.999196097224266,0.9771638077907459,0.9635333852996895,0.987888419107501
0.5,uniform,10.0,1.2304571226560022,0.8038865848781048,0.7754036665349029,0.8285462384393266,0.9980894769012085,0.9965228106863068,0.9991971896807974,0.9770322629591495,0.9631343627891334,0.9878343011593971
0.5,uniform,10.0,1.2435470920459597,0.8029822644957268,0.7738465336854714,0.8279045902488882,0.9981846732211394,0.9967168760059794,0.9992395223061482,0.9772582020135024,0.9632757208958171,0.9882262366996468
0.5,uniform,10.0,1.2566370614359172,0.8027655911679671,0.7736497476155406,0.8276218483480854,0.998181040622474,0.996698998549452,0.99926460991719,0.9772641671802141,0.9633712988965856,0.9882716343032311
0.5,uniform,10.0,1.2697270308258746,0.8027364323311423,0.773520225437959,0.8275508690353296,0.9981821922709591,0.9966542392321828,0.9992672193515221,0.9768593639277262,0.9629230684704969,0.9878534812709893
0.5,uniform,10.0,1.2828170002158321,0.8017538715707024,0.7721449057946541,0.8269557147885552,0.9981532750678238,0.9966073395957517,0.9992358879562685,0.9764938776238452,0.9626452226783166,0.987451562755241
0.5,uniform,10.0,1.2959069696057897,0.8024481242667338,0.77385893541039,0.8267521459513761,0.9981260273716748,0.9965936166361502,0.9992312116769527,0.9763723953197302,0.9625608615606438,0.9872961308494888
0.5,uniform,10.0,1.308996938995747,0.803159695273599,0.7753681086782446,0.8268484389442697,0.9981304679859986,0.9966127801988418,0.9992458697941234,0.9765772452609175,0.9629454665293659,0.9873802208917215
0.5,uniform,10.0,1.3220869083857045,0.8033403739562953,0.7760899784980219,0.8265087579443815,0.9981893254318396,0.9967178840670234,0.9992660137462527,0.9767223231332207,0.9630033028656919,0.9875895723372332
0.5,uniform,10.0,1.335176877775662,0.8030341320073533,0.7759370704441138,0.8260603685984116,0.9982704654756734,0.9968685374525174,0.9992944208672094,0.9765711050470376,0.9624853605769913,0.9876086013935452
0.5,uniform,10.0,1.3482668471656194,0.8025499433348027,0.7752933599328756,0.8258248928209931,0.998313837468904,0.9969142201461934,0.999314097097554,0.9761328057956992,0.9619072630487899,0.987313878969054
0.5,uniform,10.0,1.361356816555577,0.8022988949462726,0.7744749620780326,0.825816196958872,0.9983086443745722,0.9968661597592658,0.9993259987164884,0.9758354278509107,0.9615302385301336,0.9871474704754273
0.5,uniform,10.0,1.3744467859455345,0.8025481541767426,0.774548327526049,0.8264521027211362,0.9982884706547895,0.9968166602662538,0.999326062944212,0.9755817528497223,0.961265859532616,0.9869896228767817
0.5,uniform,10.0,1.3875367553354918,0.803159775664569,0.7749067019437629,0.8271991758611874,0.9983198492690913,0.9969266514003232,0.9993241567846814,0.9753685401272937,0.9610799678516053,0.9867936144331153
0.5,uniform,10.0,1.4006267247254494,0.8031403395590774,0.7746320521902387,0.8271586865855638,0.9983346110173071,0.9969628502552911,0.9993224416939817,0.975132845451263,0.9607594839858375,0.9866320139052664
0.5,uniform,10.0,1.413716694115407,0.803285428862187,0.7747913704413609,0.8272175063680897,0.9983281382140013,0.9969212374183656,0.9993217214483864,0.9749643555306479,0.9605870659697032,0.9864864805553367
0.5,uniform,10.0,1.4268066635053642,0.8033430156112313,0.7747522473022792,0.8274710000635934,0.9983297983294968,0.996905088614667,0.9993281471043297,0.9747671813959263,0.9603105410250303,0.9862619641829992
0.5,uniform,10.0,1.4398966328953218,0.8037042218919838,0.7754625913521671,0.8276108577197178,0.998343318172195,0.9969219585830589,0.9993347009010998,0.974766648522697,0.9604730544234368,0.9861773793364053
0.5,uniform,10.0,1.4529866022852793,0.803837823222425,0.7759212954640081,0.8274271503007494,0.9983519199430856,0.9969552986948886,0.999341960276707,0.9748974128100674,0.9606341456735249,0.9863311403665115
0.5,uniform,10.0,1.4660765716752366,0.803931830630115,0.7759671940425509,0.8277340042615411,0.9983580296272762,0.9969796040179886,0.9993535308927869,0.9749490520840896,0.960649812867131,0.9862355808108555
0.5,uniform,10.0,1.4791665410651942,0.8038844799209391,0.7764869680370662,0.8276440312637895,0.9983578864009135,0.9969906880071746,0.9993540398596704,0.9751424331493227,0.960944592655438,0.9864153041752297
0.5,uniform,10.0,1.4922565104551517,0.8037911164535001,0.7765607968473819,0.8273925702108518,0.9983501432680376,0.9969778286365357,0.9993536500945825,0.9752530723590241,0.96107661269284,0.9863533449102986
0.5,uniform,10.0,1.505346479845109,0.8037458872062935,0.7766185658200437,0.8272507285384488,0.9983349444416346,0.9969464184591265,0.9993560702288115,0.9753179726593796,0.9612102406944055,0.9862886661161082
0.5,uniform,10.0,1.5184364492350666,0.8037413330990909,0.7766247688953113,0.8271816138858601,0.998320833619278,0.9969186712579022,0.9993522753259767,0.9753279810640899,0.9612603172985825,0.9862381578968756
0.5,uniform,10.0,1.5315264186250241,0.8037625405628122,0.7765983916073232,0.827205080679443,0.9983134774118957,0.9969107083725687,0.9993494590385079,0.9753120071517741,0.961308230795237,0.9862075777798027
0.5,uniform,10.0,1.5446163880149815,0.803811805529146,0.7765915666173375,0.827245447333567,0.9983123884987575,0.9969009521888419,0.9993495711564365,0.9752952637745075,0.9613181645516213,0.9861888087558647
0.5,uniform,10.0,1.557706357404939,0.8038536716642389,0.7766357807375074,0.8273150328840222,0.9983116813561536,0.9968994027545642,0.9993503438939385,0.9752881913679506,0.9613293080802164,0.9861827886138772
0.5,uniform,10.0,1.5707963267948966,0.8038646784552066,0.776680497633687,0.827326568198456,0.9983114466227634,0.9968989006609936,0.9993506323672855,0.9752856263576999,0.9613322758383404,0.9861813623289972
0.5,gaussian,0.5,0.0,0.6999275208605469,0.6634624059338816,0.734097868611887,0.9877446535840985,0.9801385499479086,0.9937989432838304,0.9213304299095904,0.878029277177898,0.9565398369459029
0.5,gaussian,0.5,0.01308996938995747,0.7001692774435728,0.6638869451310352,0.7342857615399939,0.9877306060219814,0.9800617850321891,0.9938094582794041,0.921808894734811,0.8784832679216427,0.9568079041293581
0.5,gaussian,0.5,0.02617993877991494,0.7004206596763347,0.6644104601225704,0.7345456384401988,0.9877128750158226,0.9800038540991688,0.9937776075555427,0.9223894312258252,0.8791213997892289,0.9573797570129415
0.5,gaussian,0.5,0.039269908169872414,0.7007475855212735,0.6646707011278783,0.7349167708891887,0.9876763165623569,0.9799727183544877,0.9937689834104384,0.9228704951048998,0.8798309936853772,0.9576656874208378
0.5,gaussian,0.5,0.05235987755982988,0.7012848742171617,0.6653202673134866,0.7352952002589506,0.9876540862847124,0.9799376031978081,0.9938161078176619,0.923352452644063,0.8806551875009039,0.9580050341819031
0.5,gaussian,0.5,0.06544984694978735,0.7018129700014462,0.6660003800510109,0.7358745714374385,0.9876935227263474,0.9799437870928762,0.9938689969642289,0.9238330622565439,0.8814640094032499,0.9579563033557837
0.5,gaussian,0.5,0.07853981633974483,0.7022049477096229,0.6665365672466342,0.7362970441352739,0.9877522851618337,0.9799555296218088,0.9939258361264134,0.9243217772444957,0.8823125175206161,0.9579963650534425
0.5,gaussian,0.5,0.09162978572970229,0.7025789032768498,0.6666326737764405,0.7368077721826359,0.9878152525023883,0.9799999173120431,0.9939749258429292,0.924893192251436,0.8831949463648139,0.9582230867115745
0.5,gaussian,0.5,0.10471975511965977,0.7029926070244409,0.6669419605534362,0.7373395733858223,0.98787579873544,0.9800559218108581,0.9939755842648273,0.9254664846991171,0.8839140823420745,0.9584321840146164
0.5,gaussian,0.5,0.11780972450961724,0.7033962177984613,0.6672450389737242,0.7378741628324682,0.9879117457869669,0.9801380161888271,0.9940072600653654,0.926176072697293,0.8849711887269022,0.9586871346328683
0.5,gaussian,0.5,0.1308996938995747,0.7038559369289211,0.6681547348425054,0.7383524052680258,0.987967192973163,0.9801923981773807,0.9940685055854305,0.926799692720406,0.8861038277964016,0.9586741312490396
0.5,gaussian,0.5,0.14398966328953217,0.7043145259520686,0.6689440092750513,0.7386699449245028,0.9880438427809173,0.9802941785402216,0.9940916691799068,0.9275464712892062,0.8875047645023646,0.9590991822469486
0.5,gaussian,0.5,0.15707963267948966,0.7050240733378107,0.6697071963933154,0.7394253871896869,0.9881451219090566,0.980393844992769,0.9941460336709699,0.9283791319070942,0.888895796787357,0.9595422729586293
0.5,gaussian,0.5,0.17016960206944712,0.7057758541047483,0.6703638680182069,0.7401353572676864,0.9882389306257574,0.980472678762175,0.9941879565480647,0.9291786026292362,0.8903289041574495,0.9598549609223538
0.5,gaussian,0.5,0.18325957145940458,0.7062579757953734,0.6706370451296148,0.7404170936104318,0.9883351390938091,0.9805983668860854,0.994227366903882,0.9297774744029487,0.8914594385609975,0.9602323476395409
0.5,gaussian,0.5,0.19634954084936207,0.7066276633264756,0.6706204526442805,0.740620174387117,0.9884338706906464,0.9807909650091796,0.9942773463987042,0.9305345695844321,0.8928837495848557,0.9606371640405517
0.5,gaussian,0.5,0.20943951023931953,0.7073112371339777,0.6717707554915148,0.7415724189022795,0.9885274520289681,0.9808940656087805,0.9942959061653465,0.9313414873378804,0.8941448246883539,0.9611067007860586
0.5,gaussian,0.5,0.222529479629277,0.708227136431547,0.6726283758128809,0.7423498907954699,0.9886403129219467,0.9810160555617445,0.9943332675970146,0.9321619641673111,0.8956352729831762,0.9614436425097745
0.5,gaussian,0.5,0.23561944901923448,0.709139862802784,0.6737017344330254,0.7431064701519913,0.9887540456534109,0.9812034997011149,0.9943381864795132,0.9329587603820036,0.8972343374443649,0.9617657697575249
0.5,gaussian,0.5,0.24870941840919195,0.7099801726349186,0.6746043227559707,0.7437153433683932,0.9888524273988569,0.9813906853524991,0.9943796052519932,0.9336080210532532,0.8984882676069619,0.9620371321997708
0.5,gaussian,0.5,0.2617993877991494,0.7108922437869071,0.6759376070837426,0.744559338439196,0.9889519065783676,0.9815875826301469,0.9943895234709558,0.9343695066714203,0.8999061306394407,0.9622380044728974
0.5,gaussian,0.5,0.2748893571891069,0.7119248274915299,0.6769143074348866,0.7456000780891558,0.9890638296874354,0.9818069507933957,0.9944706979346088,0.9352311330019969,0.9016984096183903,0.9624210370214515
0.5,gaussian,0.5,0.28797932657906433,0.7128951346050836,0.6777170713806313,0.7465624704062047,0.9892019391934289,0.9820765285834936,0.9945334532270873,0.9358816923790765,0.9030085831148803,0.9625557006360096
0.5,gaussian,0.5,0.3010692959690218,0.7139388098594394,0.6788520924077942,0.7475811417736331,0.9893299427810941,0.982401697487008,0.9946278438847698,0.9366479936942054,0.9043284809374852,0.9625859545825758
0.5,gaussian,0.5,0.3141592653589793,0.7150258389883253,0.6799975209683721,0.7485574195343883,0.9895192535431013,0.9827458764721093,0.9947056051422569,0.9377416612761641,0.9067428806230341,0.9629869969588004
0.5,gaussian,0.5,0.32724923474893675,0.7160734558464736,0.6807560437623555,0.749572291799474,0.9897496397047195,0.9831321106489996,0.9948279102200809,0.9388138208120317,0.9086830449925123,0.9633382892945466
0.5,gaussian,0.5,0.34033920413889424,0.7172921611586798,0.6821382105563829,0.7506975324468188,0.9899702591819959,0.9835318271756517,0.9949265688864644,0.9394167756591606,0.9100677341230439,0.9634145924107008
0.5,gaussian,0.5,0.3534291735288517,0.7185067223895163,0.6831932516835244,0.7519541045994282,0.990175868633679,0.9839456322764042,0.9950117929591991,0.9396636513102203,0.9105806576002352,0.9635327388805821
0.5,gaussian,0.5,0.36651914291880916,0.7199497828219643,0.6846053756028372,0.753091387638266,0.9903095947307491,0.9842060197772982,0.9951008853438545,0.9399307040527827,0.9111992061550652,0.9636965466439945
0.5,gaussian,0.5,0.37960911230876665,0.7215093133555562,0.6859514553801632,0.7546416764144065,0.9904438647556294,0.9844142005600784,0.9951361277595161,0.9402633114706319,0.9120223680136749,0.9639133456609943
0.5,gaussian,0.5,0.39269908169872414,0.7232196821059437,0.687498008582759,0.756129910374791,0.9905675240358018,0.984783728101389,0.9951648047271737,0.9407436251308045,0.9131175300920057,0.9641786062191992
0.5,gaussian,0.5,0.4057890510886816,0.7248253573779717,0.6889600218252637,0.7575392876322303,0.9907251086454498,0.9850978298907278,0.9952449494291405,0.9412619262618973,0.9135013982775052,0.9645538737876915
0.5,gaussian,0.5,0.41887902047863906,0.7263293096175957,0.6907555408601962,0.7588978471140645,0.9908994585315852,0.9853279721420545,0.9953330741096962,0.9419958068639659,0.9148977990676158,0.9650614887451078
0.5,gaussian,0.5,0.43196898986859655,0.7280166284021483,0.6924928680628748,0.7604720536452336,0.9910907689415952,0.9856410651485177,0.9954307190933137,0.9425533147475046,0.9158954538205774,0.9653557835932586
0.5,gaussian,0.5,0.445058959258554,0.7296106353357027,0.6936347547725875,0.7621504128452139,0.9913546174478465,0.9860922845591582,0.9955843279014696,0.9432432676502409,0.9171244100663009,0.9651936095843806
0.5,gaussian,0.5,0.4581489286485115,0.7313870945115449,0.6955287140723636,0.7639087878023526,0.9916044371978335,0.9864982821307877,0.9957026597128735,0.944017661515436,0.9183407115782121,0.965347765852159
0.5,gaussian,0.5,0.47123889803846897,0.7329373807830047,0.6968532989075282,0.7653272447331633,0.99185590717011,0.9868312103418977,0.9958132921540096,0.9448781767926814,0.9192117341702783,0.9655056266236123
0.5,gaussian,0.5,0.4843288674284264,0.7346184101855994,0.6989771832854772,0.7666836435408996,0.9920638248925594,0.9871611356090068,0.995915911581128,0.9456670797274817,0.9204921053738365,0.9660166855401717
0.5,gaussian,0.5,0.4974188368183839,0.7364335703420449,0.7012310930050312,0.7679920728518572,0.9922076244380938,0.9874804542915638,0.9959688430218557,0.9463540653812911,0.9216577721493255,0.9662893510990787
0.5,gaussian,0.5,0.5105088062083414,0.7381188914084637,0.7034301423024387,0.7692213361871985,0.9923550429936759,0.9877418768336182,0.9960140310705906,0.9470978368138868,0.9230745184379251,0.9665512203281598
0.5,gaussian,0.5,0.5235987755982988,0.740145932538853,0.7056931117650531,0.7709448254172987,0.9925193572768501,0.988052232587913,0.9961230849887663,0.9479853944177951,0.9247143169692562,0.9671230708848442
0.5,gaussian,0.5,0.5366887449882562,0.7421470026376692,0.7080678914806515,0.7728638822552877,0.9926946764160332,0.9882769890808445,0.9962168994449155,0.9487504135181903,0.9258456580558767,0.9675362208437002
0.5,gaussian,0.5,0.5497787143782138,0.7441473212559212,0.7104912489529711,0.774370045933682,0.9928680473135135,0.9884676153379823,0.9963180230016548,0.9493332094466608,0.9268273781235462,0.9679574447471345
0.5,gaussian,0.5,0.5628686837681712,0.7461511932807086,0.7130126878556702,0.7760558614675497,0.9930555494227183,0.9887125724897715,0.9964283742696306,0.9496161845088479,0.9274043183249491,0.9679617202653665
0.5,gaussian,0.5,0.5759586531581287,0.7482030983462616,0.7154541914862891,0.7778744713591571,0.9932985374568751,0.989092591362246,0.9965473830536912,0.9499363192953577,0.9281468482433788,0.9681849638569334
0.5,gaussian,0.5,0.5890486225480862,0.7504896325463034,0.7180294398338135,0.7797093516457156,0.9935402551088957,0.9894690776903982,0.9966566119712991,0.9502212814095587,0.9293079279386522,0.9680319392158159
0.5,gaussian,0.5,0.6021385919380436,0.7526363704217206,0.7207777162100188,0.7813560499657799,0.993776709352732,0.9897989479297734,0.9967587635089905,0.9505845795400134,0.9298957929108206,0.967938292422701
0.5,gaussian,0.5,0.6152285613280011,0.7545851534000255,0.7230607016935761,0.7830497832055782,0.9940125376966957,0.9901659607809179,0.9968942342941888,0.9509897751676403,0.9305613062856166,0.9680077417988868
0.5,gaussian,0.5,0.6283185307179586,0.7564007626230937,0.7253922720894667,0.7847040158476447,0.9941894851146347,0.9903486875428069,0.9969940109136135,0.9516591149432632,0.9315671508365863,0.9683780360148183
0.5,gaussian,0.5,0.6414085001079161,0.7582651536435129,0.7274672853651832,0.7861007912122469,0.9943323405032541,0.9905727435525898,0.997093122435136,0.9524508746043104,0.9331309311986586,0.9687586933414235
0.5,gaussian,0.5,0.6544984694978735,0.7605125500005,0.7300960719351179,0.7877330926126076,0.9944753340420958,0.9906736470767706,0.9971851733867418,0.9531912515808137,0.9341498747829579,0.9692410347991368
0.5,gaussian,0.5,0.667588438887831,0.7627548942925885,0.7325725221147406,0.7895780154531707,0.994616511197628,0.990793463512602,0.9972719838024031,0.9539287081629423,0.93540688240581,0.9696342988913034
0.5,gaussian,0.5,0.6806784082777885,0.7648525728886851,0.7350411780354063,0.7911879080917071,0.9947455043405057,0.9910191315722651,0.9973459304039259,0.9546105511320423,0.9362642275002806,0.9699873749931438
0.5,gaussian,0.5,0.6937683776677459,0.7670989188262264,0.7375990337389264,0.7930538788431482,0.994884949780273,0.9911246734072663,0.9974343016604654,0.9554521501424337,0.9373221637801188,0.9705596700322273
0.5,gaussian,0.5,0.7068583470577035,0.7690175527360615,0.739673962169373,0.794527292014664,0.9950873876357376,0.9913962337427855,0.9975480159203152,0.956567674699284,0.9388532079271664,0.9713625976404234
0.5,gaussian,0.5,0.7199483164476609,0.7707461829858736,0.741479640857699,0.796266342009946,0.9952860395722284,0.9916920237831262,0.997667195399945,0.9576092320708759,0.9403043910797227,0.9720423291712944
0.5,gaussian,0.5,0.7330382858376183,0.7725872546379985,0.7436700203324978,0.7978601311937389,0.995470699483286,0.9919733730423151,0.997763642449636,0.9585146167514019,0.9418011871682643,0.9728051486405793
0.5,gaussian,0.5,0.7461282552275759,0.7744092279769438,0.7459614150295876,0.7993820775614354,0.9956445410181436,0.9922834559598348,0.9978385957465015,0.9594630333612296,0.9433747068807956,0.9732945920793861
0.5,gaussian,0.5,0.7592182246175333,0.7763622772719181,0.7481566021717294,0.8009160996246922,0.9957923278599168,0.9925291938944609,0.9979065279629235,0.9601904694072726,0.9443640440125659,0.9738235009489088
0.5,gaussian,0.5,0.7723081940074907,0.778151048665567,0.7503467761057783,0.8023715446896017,0.9959246645622248,0.9927493388744641,0.9979757561220088,0.9609175049892492,0.9451838274859801,0.9743451136238536
0.5,gaussian,0.5,0.7853981633974483,0.779976911071976,0.7524223544314834,0.803709568087781,0.9960501881219487,0.9929557325105123,0.9980451256516856,0.9617244993196389,0.9463951294851054,0.9749013678082193
0.5,gaussian,0.5,0.7984881327874057,0.7817183001146474,0.7543288147200822,0.8049349762654422,0.9961688031487742,0.9930978589833234,0.998105633516953,0.9625593345288078,0.9475505457994552,0.975497588689583
0.5,gaussian,0.5,0.8115781021773631,0.7832382586687222,0.7561573276016748,0.8062159259836267,0.9962748273473516,0.993236701944252,0.9981684457406275,0.9634200732429811,0.9486034961450437,0.9761338836095191
0.5,gaussian,0.5,0.8246680715673207,0.7847412409314197,0.7579169181403493,0.8072541833885549,0.9963785500717184,0.9933856697339004,0.9982262210615912,0.9642321619496773,0.9493840526198384,0.9768663649557808
0.5,gaussian,0.5,0.8377580409572781,0.7861693658530019,0.7597669012287492,0.808524182460634,0.996483003844367,0.9935489803630807,0.9982852085638066,0.9650134573749664,0.9503072954374819,0.9774391697388551
0.5,gaussian,0.5,0.8508480103472356,0.7874400592364349,0.7614482416148509,0.8092377254000886,0.9965733499836169,0.9936966067272388,0.9983356235254389,0.9655822643967058,0.9509742139152364,0.9778471997893722
0.5,gaussian,0.5,0.8639379797371931,0.7887363528415118,0.7633357514426516,0.810234277464312,0.9966634538513226,0.9938251129785256,0.9983824512403447,0.9661408476090458,0.9513560089122473,0.9782919128506993
0.5,gaussian,0.5,0.8770279491271505,0.7899959615682174,0.7647587910119241,0.811296172195868,0.9967675219302311,0.9940304681446878,0.9984318000104008,0.9665875634508606,0.9516417300341349,0.9786799028441454
0.5,gaussian,0.5,0.890117918517108,0.7911124511164248,0.765929923867957,0.8123773340447865,0.9968680536869993,0.9942423994779687,0.9984793874672907,0.9670476591670143,0.9522440864824496,0.9789500455763518
0.5,gaussian,0.5,0.9032078879070655,0.7920758385374763,0.7671262128988051,0.8133259278141037,0.9969665929021564,0.9944293983053125,0.9985258198265223,0.9676884882307689,0.9526887703822545,0.9794160734738463
0.5,gaussian,0.5,0.916297857297023,0.7931294043216517,0.7685352656684616,0.8143641806547044,0.9970522804682985,0.9945979927422874,0.9985590565666395,0.9683675850479414,0.9531273542741426,0.9798651145410253
0.5,gaussian,0.5,0.9293878266869804,0.7941810053932676,0.7698116771472928,0.8154739694267338,0.997127628668578,0.9947485871790418,0.9986009864977364,0.9689010755648049,0.9537419513617594,0.9801946974561617
0.5,gaussian,0.5,0.9424777960769379,0.7951163750332059,0.7709179277404573,0.8162400434516489,0.9972062872135264,0.9949141560758448,0.9986304898288056,0.9695148221974202,0.9541119501102914,0.9804898218229482
0.5,gaussian,0.5,0.9555677654668954,0.7959993809685676,0.7716246061006765,0.8169996234196762,0.9972904566881012,0.9950706198304771,0.9986697936670861,0.9700976817371586,0.9548914969535897,0.9808866970054037
0.5,gaussian,0.5,0.9686577348568528,0.7969475586799765,0.7731768906236217,0.8179344356939808,0.9973681219936613,0.9952212447913156,0.9986942626366302,0.970588682133446,0.9555511288352166,0.9813771205902991
0.5,gaussian,0.5,0.9817477042468103,0.7978821199655117,0.7739640778725955,0.8188555972520658,0.997447772800116,0.9953787478512037,0.9987230306587678,0.9710026400494285,0.9561675228629818,0.9818259504219135
0.5,gaussian,0.5,0.9948376736367678,0.7987272748403228,0.7750705765094679,0.8194812079212198,0.9975224377415571,0.9955227720185429,0.9987541448048868,0.9714076526227284,0.9566539392912805,0.9822269022280697
0.5,gaussian,0.5,1.0079276430267252,0.7992421909370745,0.7756812814862812,0.8198850598116008,0.997586917440538,0.9956352771085594,0.9987722924844659,0.9716452567730088,0.9570123692909851,0.9823553700308182
0.5,gaussian,0.5,1.0210176124166828,0.7998916389450966,0.7763158347115737,0.8205014641554943,0.9976289238238696,0.9957192530476618,0.9987815138885637,0.9720102563750675,0.9575235754772469,0.9824978553608146
0.5,gaussian,0.5,1.03410758180664,0.8005253543146517,0.776811907027779,0.8210461549729275,0.9976536811373548,0.9957563477321445,0.9988095980049669,0.9724618566748756,0.9580237363760336,0.9827351570772128
0.5,gaussian,0.5,1.0471975511965976,0.8012544589138401,0.7774106660308326,0.8219158181794162,0.9976748529152252,0.9958120819915685,0.9988206448178822,0.9730940494971961,0.958763887216926,0.9831402729888727
0.5,gaussian,0.5,1.0602875205865552,0.801924641778896,0.7777806960268123,0.8225323911614489,0.9977025588825085,0.995873245785929,0.998847877549577,0.973659171645837,0.9593794365249394,0.9834825190470851
0.5,gaussian,0.5,1.0733774899765125,0.8025480548779914,0.7781563991308252,0.8230824827860926,0.9977322670122709,0.9959202464332165,0.9988615239756319,0.9742370287512422,0.9600771541590256,0.9837961374485308
0.5,gaussian,0.5,1.08646745936647,0.8032069348868682,0.7786611471603377,0.8237476802908366,0.9977816324216803,0.9960170591341441,0.9988733278252014,0.9746497683487436,0.9606578842498587,0.9839328308582221
0.5,gaussian,0.5,1.0995574287564276,0.8040526500824389,0.7797476239221512,0.8245946541890918,0.9978252459766597,0.9961210478854179,0.9988829526117042,0.9748543767449805,0.9609264226592271,0.9840637390441318
0.5,gaussian,0.5,1.112647398146385,0.8046632394801821,0.7803717261837411,0.8252989473500986,0.9978662545714606,0.9961901010438226,0.9988994295704317,0.9750036225649507,0.9612000979582567,0.9841550258215267
0.5,gaussian,0.5,1.1257373675363425,0.8050739746737285,0.780717440185653,0.8255615786793812,0.9979085220687794,0.9962574548598384,0.9989221749917686,0.9751020109147347,0.961235486351849,0.9843085792230418
0.5,gaussian,0.5,1.1388273369263,0.8053374356002276,0.7811256021478095,0.8259195287837567,0.9979359851339429,0.9963288848384189,0.9989331294649745,0.9752619400583334,0.9613915883349521,0.9844221164336423
0.5,gaussian,0.5,1.1519173063162573,0.8060314944994041,0.7819974573931302,0.8265014834554738,0.9979589447841871,0.996434171199694,0.9989372032220991,0.975484768186789,0.9615736183307579,0.9846154724947684
0.5,gaussian,0.5,1.1650072757062149,0.8065056693963525,0.7825679720117349,0.8269394210653597,0.9979892818563209,0.9965067200874252,0.9989488444625216,0.9757241521972558,0.9616606689693845,0.9848547682459009
0.5,gaussian,0.5,1.1780972450961724,0.8069157265359377,0.783036766425171,0.8271739096872225,0.9980093637380171,0.9965609204483524,0.998957967304365,0.9758779603181441,0.9617023778975197,0.9850810165276881
0.5,gaussian,0.5,1.1911872144861297,0.8069298956644544,0.7830536136636645,0.8271756635744402,0.9980332034454013,0.9966071217811933,0.9989662285593461,0.9759879433587441,0.961688594825993,0.9853413358500596
0.5,gaussian,0.5,1.2042771838760873,0.8069211516273466,0.7833953418126772,0.8270910026735786,0.9980712996102898,0.9966915978711534,0.9989939924196393,0.976193758060469,0.9619035250537582,0.9855885118472729
0.5,gaussian,0.5,1.2173671532660448,0.8070726251444237,0.7835797548033777,0.8271146133888698,0.9981030828492425,0.996752436575395,0.9990186854933976,0.9763742679314977,0.9621546270781293,0.9857047476013949
0.5,gaussian,0.5,1.2304571226560022,0.8070842082195478,0.7835535121532576,0.8269848509385518,0.9981289956926137,0.9968181661027317,0.9990340110572608,0.9766241998924062,0.9624987804678695,0.9859164303444757
0.5,gaussian,0.5,1.2435470920459597,0.8071098887588793,0.783824421195569,0.8270751095486321,0.9981390921588887,0.9967939850893045,0.99905780140482,0.9765969685638548,0.9625188685228391,0.9860285566725225
0.5,gaussian,0.5,1.2566370614359172,0.8072759542567672,0.7839900857456513,0.8273994641393125,0.9981589422243865,0.9968344405100354,0.9990747042369498,0.9765988575743956,0.9625435906725002,0.9860987405413898
0.5,gaussian,0.5,1.2697270308258746,0.8072538693010705,0.7839958538661073,0.8275795937226998,0.9981693896014937,0.9968740554436775,0.9990944801492289,0.9767177088318348,0.9626292939856989,0.9863261034628338
0.5,gaussian,0.5,1.2828170002158321,0.8070908813541902,0.7837758062816812,0.8274854941258504,0.9981762280300873,0.9968972350143318,0.9991065770377363,0.9767922679384076,0.9626205320718685,0.9864783615573102
0.5,gaussian,0.5,1.2959069696057897,0.8069440123188736,0.7832110482200166,0.8277095202851151,0.9981861400431614,0.9969132589239424,0.9991217994515351,0.9767267395840427,0.9625130732170152,0.9865308044622201
0.5,gaussian,0.5,1.308996938995747,0.8067525479714143,0.7828918985483082,0.8276329122704341,0.9982099038675601,0.9969443622941605,0.9991460789983428,0.976528569032562,0.9622944759670377,0.9865366406812492
0.5,gaussian,0.5,1.3220869083857045,0.8067327593774123,0.7826366021149063,0.8280430439499326,0.9982314912478936,0.9969746062899488,0.9991697603007778,0.976275271652714,0.9620069346087147,0.9864868082269657
0.5,gaussian,0.5,1.335176877775662,0.8068970854606486,0.7824925869290669,0.8284470117417156,0.9982534313754469,0.9970072598723422,0.9991970586492652,0.9760742319146919,0.9618890556665941,0.9863992377977969
0.5,gaussian,0.5,1.3482668471656194,0.8069325048958734,0.7819965402199782,0.8286035843804487,0.9982710510712608,0.9970122510187346,0.9992176485769488,0.9759158194856091,0.961623254767087,0.986243850552724
0.5,gaussian,0.5,1.361356816555577,0.8067164153728399,0.7815619012250782,0.8284574062805634,0.9982858984514106,0.997025624211408,0.9992362494718187,0.9758447189393746,0.9616317239727475,0.9861412455638924
0.5,gaussian,0.5,1.3744467859455345,0.8063943466316109,0.7809909040477399,0.8283505201177781,0.9982997546501783,0.9970133363262155,0.9992505223764407,0.9757680837703716,0.9614902889285929,0.986098512033487
0.5,gaussian,0.5,1.3875367553354918,0.8060627310845536,0.7804896857058412,0.8282211673492959,0.998307889098665,0.9970124451653547,0.9992645495581839,0.9756900646867833,0.9615396695154955,0.9860593895510217
0.5,gaussian,0.5,1.4006267247254494,0.8057373573205532,0.7802008211023086,0.8279267099368689,0.998308007548462,0.9969982160414509,0.9992795716067692,0.9756585442295438,0.9615438171666568,0.9861223283884963
0.5,gaussian,0.5,1.413716694115407,0.8055311995372597,0.779811883960831,0.8277625016757085,0.9983047263168016,0.9969948733900176,0.9992794534195784,0.9756431020403807,0.9615400795093827,0.9861654014114939
0.5,gaussian,0.5,1.4268066635053642,0.8053672865880744,0.7794820548073552,0.8276401460149514,0.9983012315687182,0.9969918958259496,0.9992857057873524,0.9756099893162662,0.9615703040654482,0.9861809717460723
0.5,gaussian,0.5,1.4398966328953218,0.8052513968027917,0.7792057764881052,0.8275945584005926,0.9983039323772576,0.9969874167518482,0.9992944773485738,0.9755892575594846,0.9616140326371039,0.9862889159607214
0.5,gaussian,0.5,1.4529866022852793,0.8050622387644252,0.7787026170408387,0.827550609814625,0.998306444269105,0.9969851066514953,0.9993007559844876,0.9755583028282008,0.9615539464687844,0.9863520226546121
0.5,gaussian,0.5,1.4660765716752366,0.8048653315241775,0.778229457663415,0.8274899607802932,0.9983115626006134,0.9969699081009373,0.9993116893948791,0.9755025943287787,0.9615822736867025,0.9863248055538301
0.5,gaussian,0.5,1.4791665410651942,0.8046515762169734,0.7779417349577011,0.8274899880845487,0.9983119669149755,0.9969533478209898,0.9993207670061179,0.9754437025366318,0.9615483794344248,0.9862904779845201
0.5,gaussian,0.5,1.4922565104551517,0.804455990485995,0.7776672999719784,0.8275131146349679,0.998312811726091,0.9969371854850614,0.9993291004695568,0.9754045390626076,0.9614377018704947,0.9862606456521992
0.5,gaussian,0.5,1.505346479845109,0.80428234027193,0.7774430527140702,0.8274172756491812,0.9983133612709052,0.9969340013198591,0.9993358493486174,0.9753618777618301,0.9613556764541661,0.9862334604793523
0.5,gaussian,0.5,1.5184364492350666,0.8041388728895509,0.7771996143971762,0.8273671502507705,0.9983137702091778,0.9969158067699562,0.9993421612039001,0.975322480682223,0.961337997930046,0.9862191616594095
0.5,gaussian,0.5,1.5315264186250241,0.8040291204575699,0.7769389984022032,0.82734495927559,0.9983130208865084,0.9969086083568302,0.9993456151955418,0.9753005601571747,0.9613586239428048,0.9861740715741553
0.5,gaussian,0.5,1.5446163880149815,0.8039408014036562,0.7767542470134027,0.8273310071096023,0.9983121516297128,0.9969032533929858,0.9993484031371412,0.9752922394924567,0.9613440440234967,0.9861713812584183
0.5,gaussian,0.5,1.557706357404939,0.8038840363719676,0.7766990400925656,0.8273312957910267,0.9983116239995685,0.9968999914372918,0.9993500757401086,0.9752872760176609,0.9613352267088827,0.9861788569385402
0.5,gaussian,0.5,1.5707963267948966,0.8038646784552066,0.7766804976336872,0.8273265681984561,0.9983114466227635,0.9968989006609936,0.9993506323672855,0.9752856263576999,0.9613322758383402,0.9861813623289972
0.5,gaussian,2.0,0.0,0.6744354812432909,0.630850918255867,0.7126396207120137,0.9840698501752391,0.9725325142268353,0.9918990081921532,0.8992967524529516,0.8571158282880798,0.9332904256899065
0.5,gaussian,2.0,0.01308996938995747,0.6736418931857558,0.6295502669532725,0.71211177322348,0.9837087107666999,0.9719941901690783,0.9916702450864076,0.8987713158425107,0.8565470687888009,0.9329079114971386
0.5,gaussian,2.0,0.02617993877991494,0.6717828920260004,0.627472013494323,0.710657886253105,0.9834216976787654,0.9715483744677732,0.9915043503184434,0.8980882591833365,0.8560772815777524,0.9322815812772868
0.5,gaussian,2.0,0.039269908169872414,0.6692082729579574,0.6249044937593794,0.7084070075051269,0.9830384721854899,0.9705610977679625,0.9913460329425768,0.8975366678103825,0.8560344916728055,0.9313293515523587
0.5,gaussian,2.0,0.05235987755982988,0.6666881798779505,0.6218655760798373,0.7065052873189555,0.9825000328515943,0.969551656203751,0.9911279854853361,0.897604060336774,0.8558345234420609,0.9311411373560707
0.5,gaussian,2.0,0.06544984694978735,0.6643852484584147,0.6191665138742478,0.7049416650372791,0.9820074839883595,0.9685767620947899,0.9908868270252544,0.8979844286946556,0.8557902746949756,0.9313893744458536
0.5,gaussian,2.0,0.07853981633974483,0.6627730987801564,0.6176193993703926,0.7038022670320405,0.9814883948430637,0.9677428525906524,0.9906151518945372,0.8974842474375208,0.8547841920665405,0.9314559326274916
0.5,gaussian,2.0,0.09162978572970229,0.6620095394295992,0.6166803058694927,0.7031753028253197,0.9810069239621965,0.9670027790129966,0.990297375370915,0.8950105306456083,0.8518513345799911,0.9292083545878689
0.5,gaussian,2.0,0.10471975511965977,0.6604993538843192,0.6150325515156537,0.7021736322533808,0.980455339018953,0.9662124219002257,0.9899210151926756,0.8920212648634954,0.8481258545194668,0.9268991328149697
0.5,gaussian,2.0,0.11780972450961724,0.6582123560995864,0.612323728303628,0.7004300887163057,0.9799060747382561,0.9656300181156906,0.9895501367810426,0.890256585861863,0.8467496751400534,0.9253955913706969
0.5,gaussian,2.0,0.1308996938995747,0.6572849804549895,0.6108332170518457,0.7004872374432363,0.9795408068968993,0.9651211762749988,0.989381404209223,0.8886404589589775,0.844922529204284,0.92408691850575
0.5,gaussian,2.0,0.14398966328953217,0.6562546430211668,0.6098153873051229,0.6988962501789219,0.9793627153779193,0.9649015147956483,0.9891366991802955,0.8876029861038409,0.8437277607999898,0.9227011256179105
0.5,gaussian,2.0,0.15707963267948966,0.6551807973663977,0.6087038021333742,0.6983506897227015,0.9791216167498682,0.964740364852012,0.9888323229496635,0.8866401517659166,0.8434582720548682,0.9225134501955584
0.5,gaussian,2.0,0.17016960206944712,0.6541451611223749,0.6078167065511627,0.6977556934878895,0.9790352269045987,0.9647433565406597,0.9887658328991968,0.8851295313159387,0.8421908753534347,0.9202090737361935
0.5,gaussian,2.0,0.18325957145940458,0.6533679988143605,0.6073797837671876,0.6968691805852454,0.9788323540196749,0.9646777660172701,0.9885732498650849,0.8834612235246849,0.8409932474339359,0.9188716225277004
0.5,gaussian,2.0,0.19634954084936207,0.6526927511567818,0.607341582046047,0.6961233595672914,0.9786264112522064,0.9646277123000321,0.9883281570090142,0.8807069497607967,0.8387876073321587,0.916287881718416
0.5,gaussian,2.0,0.20943951023931953,0.6522821584812141,0.6073015127708314,0.6948681215010599,0.9783959943625247,0.9644815602101223,0.9881821957364693,0.8776254671150913,0.8347522939766644,0.9140220204754579
0.5,gaussian,2.0,0.222529479629277,0.6525905315845184,0.6077307840907716,0.695201677299486,0.9782054685780698,0.9645014137224899,0.9879814423511402,0.8754791894474346,0.8322433010390864,0.912110625591937
0.5,gaussian,2.0,0.23561944901923448,0.6530007998593337,0.6085235944335946,0.6948592979526382,0.9780840384515628,0.9648977806729415,0.9877660600933629,0.874717878912378,0.8310915759191118,0.9117796641346547
0.5,gaussian,2.0,0.24870941840919195,0.6542169929914831,0.6100959712332619,0.695654341575482,0.9782105023112662,0.9656412184703823,0.9877107226780255,0.8748099155559163,0.8310382611563665,0.9114904756701461
0.5,gaussian,2.0,0.2617993877991494,0.6553708564443835,0.6121642095844053,0.6960074319596404,0.9784390422943526,0.9665079620566004,0.9876301181072216,0.8758735886205399,0.8321964116513766,0.9127695274205311
0.5,gaussian,2.0,0.2748893571891069,0.6571174565826053,0.614743635659961,0.6972070456178406,0.9787779335577476,0.9671396743054012,0.9877081369191881,0.8770631794802576,0.8330280341455232,0.9143192045447782
0.5,gaussian,2.0,0.28797932657906433,0.6593036174526974,0.6174840792259132,0.6988078375395679,0.9792397241986567,0.967904026644977,0.9880272599978468,0.8795491367265833,0.8353858585383089,0.9168003434221916
0.5,gaussian,2.0,0.3010692959690218,0.6618666936638756,0.6199022242983389,0.7006223004169448,0.9796230877479858,0.9685282418347386,0.9883824087094334,0.88259839549929,0.8389760770001623,0.9195815410552065
0.5,gaussian,2.0,0.3141592653589793,0.6645491174062865,0.6234311412994266,0.7024118169232862,0.9802455468575597,0.9694229258440195,0.9886335694716666,0.8855837224436547,0.8419660203006537,0.9230893255236232
0.5,gaussian,2.0,0.32724923474893675,0.6675121054889982,0.6267608061474311,0.7049666754618038,0.98114454386607,0.9708858253561375,0.9891418780018093,0.8882648464888235,0.8450668029465521,0.9263273853735234
0.5,gaussian,2.0,0.34033920413889424,0.672131059930988,0.6322313087652233,0.7087267728579586,0.9822772555420954,0.9727003682022367,0.9897843300008142,0.8917758755590866,0.8494618972979069,0.9290068516409468
0.5,gaussian,2.0,0.3534291735288517,0.6769283461201323,0.6376265775244638,0.7127017266535215,0.9831543291702644,0.974022802576295,0.9903602978470605,0.8952596743852137,0.8541264309935214,0.9315042938743692
0.5,gaussian,2.0,0.36651914291880916,0.6813845665101231,0.6428810924368658,0.716051505289941,0.9837935294162654,0.974943711956461,0.9908676768081697,0.8993085737360383,0.8593062367861355,0.9336705266246371
0.5,gaussian,2.0,0.37960911230876665,0.6859987136907463,0.6477914543197559,0.7201704226354229,0.9845091208156771,0.9759971784388198,0.991330197454953,0.9035448229684081,0.8650697278663649,0.93757510406143
0.5,gaussian,2.0,0.39269908169872414,0.6908617625397157,0.6534011177892886,0.724331010166804,0.9855780825111986,0.9777258206838936,0.9919572845819675,0.9076707111982043,0.8708027542433601,0.9406898896795892
0.5,gaussian,2.0,0.4057890510886816,0.6956353715470905,0.6590015543456035,0.7289178197142774,0.9864155925998622,0.9787961901214011,0.9925475048419699,0.9108926829417717,0.8751872750141437,0.943263870136702
0.5,gaussian,2.0,0.41887902047863906,0.7002747173956853,0.6639484590371081,0.7338840447783608,0.9872275193757841,0.9799727282288846,0.9931500750044285,0.9149958101573151,0.8804425628061632,0.9460900721388288
0.5,gaussian,2.0,0.43196898986859655,0.7050049505149046,0.6691381396788652,0.738580110147512,0.9881086483018513,0.9812117404591101,0.9937109241927193,0.9189997305622679,0.8858096651710595,0.9488024493619844
0.5,gaussian,2.0,0.445058959258554,0.7104369513972574,0.6755578851246465,0.7434184406928621,0.9890752824446231,0.9825193919872999,0.9942349103116672,0.92257423500775,0.8906011354236032,0.951228710364385
0.5,gaussian,2.0,0.4581489286485115,0.7163143424989956,0.6820372215796958,0.7483280535147169,0.9900818435978819,0.9841153585302642,0.9947881432872262,0.9269562742861792,0.8964330109772544,0.9539171658345901
0.5,gaussian,2.0,0.47123889803846897,0.7222795630627332,0.688552303101565,0.7539290568173603,0.9909281698669045,0.9854134706827793,0.9953214478977581,0.9310192099883746,0.9014503018498307,0.9565731158946892
0.5,gaussian,2.0,0.4843288674284264,0.7284391217452725,0.6955807856020357,0.7596753741246666,0.9916782846269033,0.9864941973034842,0.9957465791739553,0.9346748308144172,0.9058031458964745,0.9595550246486396
0.5,gaussian,2.0,0.4974188368183839,0.7346385011617005,0.7018787930968617,0.7657189734837,0.9923547720511405,0.9874195632300998,0.9961613803464459,0.9383152657488362,0.9100483107373384,0.9621905527544252
0.5,gaussian,2.0,0.5105088062083414,0.7406548584383607,0.7085763241889182,0.7710696785383254,0.9930035621634539,0.9884010483124445,0.9965510837449189,0.9418824841456246,0.9149755368408972,0.9644883970090067
0.5,gaussian,2.0,0.5235987755982988,0.7466787560222771,0.7146755321442338,0.7765839307359909,0.9935592865088947,0.9892051267598171,0.9969078825732444,0.9459251063837639,0.9210319450774864,0.9671481500028876
0.5,gaussian,2.0,0.5366887449882562,0.752570317536989,0.720662000729998,0.78196324911852,0.994052914500371,0.9898819804491837,0.9972398289587107,0.9497304440762088,0.9262375567116472,0.9695339998863849
0.5,gaussian,2.0,0.5497787143782138,0.7580793471344737,0.726176823094359,0.7869898820966683,0.9944888834901199,0.9904199342193579,0.9975020717030856,0.9528258555528234,0.9303331666421657,0.971679153937997
0.5,gaussian,2.0,0.5628686837681712,0.7630281972402609,0.7313151692339378,0.7910146212252567,0.9949520976151353,0.9910260536521834,0.9978005649473322,0.9558193032142367,0.9344742524593478,0.9738043476901458
0.5,gaussian,2.0,0.5759586531581287,0.7679638352188619,0.7366574510347627,0.795682186771787,0.9953542462075647,0.9916426070619866,0.9980237877183625,0.9586433071807664,0.9379056427488076,0.975579950477399
0.5,gaussian,2.0,0.5890486225480862,0.7727923413316135,0.7416118377488968,0.8003673408705743,0.9956775497715974,0.9921375784111018,0.9982141195363512,0.9612891240879285,0.9414453291579564,0.9773336806599429
0.5,gaussian,2.0,0.6021385919380436,0.7776327848824006,0.7467564662132193,0.8044321852432813,0.995991774281908,0.9926373717959427,0.9983859809645002,0.9637708494824312,0.9445305783226541,0.9791025373533669
0.5,gaussian,2.0,0.6152285613280011,0.7814295125298284,0.7511378737280032,0.8078099266841922,0.9962512164541607,0.9929911975929013,0.9985672998170424,0.9659473392220339,0.9476146821642122,0.9805470137169988
0.5,gaussian,2.0,0.6283185307179586,0.7847443311915874,0.7548516378364714,0.8105107670815993,0.9964452332543529,0.9932250561975051,0.9986977373518624,0.9674237743841286,0.9497088670426915,0.9813622795231307
0.5,gaussian,2.0,0.6414085001079161,0.787067823150546,0.756936494632698,0.8124961289337136,0.9965739506527059,0.9933667661980111,0.9987728826289792,0.9690258324662753,0.9521181533799402,0.9821438539999119
0.5,gaussian,2.0,0.6544984694978735,0.7889728174153152,0.759069893931442,0.8138674170437381,0.9966826427830268,0.9935142688081765,0.9988029712181167,0.9706750036563679,0.9547180992856992,0.9830136474647938
0.5,gaussian,2.0,0.667588438887831,0.7922077930710705,0.7630069334728047,0.8166675873378516,0.9967564541249595,0.9935939547020981,0.9988233579065204,0.9720027254357485,0.956695391887073,0.9836997129226552
0.5,gaussian,2.0,0.6806784082777885,0.7944708985622028,0.765347343879203,0.8187628804203063,0.9968850964528561,0.9937458375469463,0.9988998789428638,0.9733180708012279,0.9589222971991672,0.9843358154978735
0.5,gaussian,2.0,0.6937683776677459,0.7967993130257608,0.7682564671816499,0.8205346764480117,0.9969650839315712,0.9937792019737374,0.9989694710780936,0.9743657204393669,0.9606438497861843,0.9847566630488134
0.5,gaussian,2.0,0.7068583470577035,0.7985760687381623,0.7708585250694405,0.8219322085830287,0.9970670200971387,0.9938990587469365,0.9990256848413488,0.9752625035987416,0.9621312880278552,0.9852885382820576
0.5,gaussian,2.0,0.7199483164476609,0.7996989659371154,0.7725788610450808,0.8227146396981386,0.9970776918529531,0.9938879527472446,0.9990195639756734,0.9759346128716978,0.9629733624180518,0.9854171650151231
0.5,gaussian,2.0,0.7330382858376183,0.8017706050500094,0.7752959690040641,0.8240806170667015,0.997052072391445,0.9938167578355444,0.9990179623940488,0.9767558911958697,0.9643549494660053,0.985863522915605
0.5,gaussian,2.0,0.7461282552275759,0.8041064594565369,0.778243745295234,0.8260825191092653,0.9970858726129194,0.9939453555039695,0.9989943763181341,0.9773466648419683,0.9653910301009688,0.9860802287763482
0.5,gaussian,2.0,0.7592182246175333,0.8043974268041426,0.7789163696478615,0.8264574759708698,0.9970748685021369,0.9938612743084537,0.9989821619328083,0.9777839615340146,0.9662215960291054,0.9863589627685707
0.5,gaussian,2.0,0.7723081940074907,0.8045064121743737,0.7792127638423683,0.8266966136532305,0.9971201092455027,0.9939479405113326,0.9989951217814645,0.9781985397099913,0.9668816624313654,0.9866433469992558
0.5,gaussian,2.0,0.7853981633974483,0.8051881926083791,0.7805651589701251,0.8271214493342781,0.9971852417571655,0.9940830975246605,0.9990026699825797,0.9781339708773378,0.9664593379368763,0.9865907608876779
0.5,gaussian,2.0,0.7984881327874057,0.8064277390586696,0.78203490525834,0.8281771890019817,0.9972451025422772,0.9941443985354071,0.9990229114425061,0.9778874504038578,0.9659564499499492,0.9865398153444375
0.5,gaussian,2.0,0.8115781021773631,0.8066975445098875,0.7823039076056107,0.8282998087341907,0.9973119780460548,0.9944166094211218,0.9989985112588359,0.9776792913623679,0.9652868952382417,0.9864046185984445
0.5,gaussian,2.0,0.8246680715673207,0.8068592925120135,0.7827232051794194,0.8283304079978667,0.9973109436291465,0.9944525341838365,0.9989793645354361,0.9776772601120163,0.9648322682499736,0.9862504681232044
0.5,gaussian,2.0,0.8377580409572781,0.807406751588164,0.7829745063514154,0.8291929518684165,0.9973356380791566,0.9945430716611707,0.998956750831339,0.9777658868889274,0.964843290719654,0.986363710811236
0.5,gaussian,2.0,0.8508480103472356,0.8077144002749898,0.7834449312499514,0.8291435096831173,0.9974311906136939,0.9947625343796719,0.9989732732756451,0.9773430868245215,0.9641517926879349,0.9862217627627403
0.5,gaussian,2.0,0.8639379797371931,0.8077605426320669,0.7829131080236225,0.8292574379241636,0.997492128020474,0.9948771967202266,0.9989848132266179,0.977143811147874,0.9638072663409808,0.9861502940663345
0.5,gaussian,2.0,0.8770279491271505,0.8082536238554446,0.7833490242237985,0.8294184713140679,0.997520165951328,0.9950110422729163,0.9989697752226374,0.976957077911761,0.963229587575718,0.9861687099203809
0.5,gaussian,2.0,0.890117918517108,0.8085320295864645,0.783637833967797,0.829751152180489,0.99757102692429,0.9951281427655424,0.9989811673490164,0.9766032537836226,0.9625617850554471,0.9862930799512789
0.5,gaussian,2.0,0.9032078879070655,0.8083938206522275,0.7833821132552515,0.829776303345224,0.9976413109927914,0.995310358555984,0.9990057280335963,0.9762461365840659,0.961905105841385,0.9861186269062262
0.5,gaussian,2.0,0.916297857297023,0.8090473094590771,0.7842290374471822,0.8302602628650189,0.9976864227449301,0.9954692002818372,0.9990089683360435,0.9756608252686494,0.9608185377011933,0.9858539165108015
0.5,gaussian,2.0,0.9293878266869804,0.8092753918737435,0.7841543316814789,0.830400527843089,0.9977612746266066,0.9956244404773358,0.9990349703508917,0.9751388873976826,0.9599906610112073,0.9856725883277292
0.5,gaussian,2.0,0.9424777960769379,0.8096065657006033,0.7844653187862757,0.8310335608585566,0.9978074509845342,0.9957406794157287,0.9990462757413423,0.9747208378885256,0.9592460762836884,0.9854576485390723
0.5,gaussian,2.0,0.9555677654668954,0.8097505199495063,0.7839539085844373,0.8314043261424859,0.9978473450348524,0.995824464546694,0.9990502533132782,0.9739750094849945,0.9581770896611196,0.9851117431583469
0.5,gaussian,2.0,0.9686577348568528,0.8103363754353162,0.7843995097031592,0.8322368859775057,0.9978745067511388,0.9959145857797305,0.9990477702264065,0.9734670166366884,0.9574027921075844,0.9850316417778006
0.5,gaussian,2.0,0.9817477042468103,0.810491431914807,0.7841584619494882,0.8325354186771203,0.997951795964542,0.9960869412967426,0.9990785223519293,0.9732845919058227,0.9572657619204785,0.9848057334314
0.5,gaussian,2.0,0.9948376736367678,0.811410804415174,0.7851901033364671,0.8332687512948951,0.9980211709494955,0.9962428236025924,0.9990960294094462,0.9730165006679701,0.9572282007308386,0.9845932650221878
0.5,gaussian,2.0,1.0079276430267252,0.811982277511547,0.7855810688451924,0.834018025763018,0.9980582918876443,0.9963595288700033,0.9990882707108815,0.9722117980736426,0.9558067270877236,0.9842264323340181
0.5,gaussian,2.0,1.0210176124166828,0.8119321209320635,0.7856395722334192,0.8342288338185122,0.9981090390445391,0.996484868060872,0.9990831730475929,0.9714510322123743,0.95463324363626,0.9839127954751423
0.5,gaussian,2.0,1.03410758180664,0.8111729066997988,0.784857112740159,0.833423262573004,0.9981308934296568,0.996591339650577,0.9990782143283762,0.9709027994580878,0.9536478100234614,0.9834411672472774
0.5,gaussian,2.0,1.0471975511965976,0.8109658949147551,0.7846568823433552,0.832793118754815,0.9981620024777514,0.9966811096142605,0.9990916718849301,0.970486484688838,0.9533728540283115,0.9830863515744911
0.5,gaussian,2.0,1.0602875205865552,0.8108511876503753,0.784507534188235,0.8330720096086267,0.9981965878966003,0.9967573395090106,0.9990965605484298,0.9703872547836202,0.953761089971887,0.982844914385296
0.5,gaussian,2.0,1.0733774899765125,0.8109905481165023,0.7847628268107384,0.8335636675107724,0.9982273893764936,0.9968391988724423,0.999110682762118,0.97007556521809,0.9535987267862308,0.9827425603775799
0.5,gaussian,2.0,1.08646745936647,0.8106543237857351,0.7844156209991799,0.8335504581059205,0.998249163831222,0.9969066476288831,0.9991353030954865,0.9694160913188211,0.9527380768607222,0.9822783236981142
0.5,gaussian,2.0,1.0995574287564276,0.810504128269602,0.7841964030005204,0.8333804240142938,0.9982673694109242,0.996974366621437,0.9991488399060698,0.9689984202539148,0.9520367050914593,0.9819971037591242
0.5,gaussian,2.0,1.112647398146385,0.8106643682036628,0.7841234946388942,0.8336310616429421,0.998287666169278,0.9970304652145013,0.9991558550684744,0.9685537131103056,0.9512591512496988,0.9817929794710731
0.5,gaussian,2.0,1.1257373675363425,0.8107558607745732,0.7842674753127105,0.8337900429595909,0.998301686059142,0.9970808016802588,0.9991729945226386,0.9675298303901768,0.9495439480947762,0.9813251268350567
0.5,gaussian,2.0,1.1388273369263,0.8104745117760971,0.7839386533097569,0.8334883264300937,0.9982744891293613,0.997064606156361,0.9991628994807056,0.9668712049883404,0.9482986916823519,0.9808429824771162
0.5,gaussian,2.0,1.1519173063162573,0.809749496980809,0.7830477271875536,0.8326265888377351,0.9982217616895109,0.9969844937388891,0.9991357679474746,0.9666844852890731,0.9483208183803069,0.9805612587278235
0.5,gaussian,2.0,1.1650072757062149,0.8090418578229671,0.7825657711323687,0.832052399785897,0.9982025765149903,0.9969615829750703,0.9991355452600773,0.9669416218005354,0.9489587150317097,0.9808412252987762
0.5,gaussian,2.0,1.1780972450961724,0.8081512557839111,0.7815490022394156,0.8312560472101315,0.9981890925494504,0.9969587413018585,0.9991306220089039,0.9673478148982909,0.9497278398303239,0.9810318837533685
0.5,gaussian,2.0,1.1911872144861297,0.8063774445097834,0.7794177148226956,0.8297740951754022,0.9981707222280932,0.9969574475342292,0.9991240292070289,0.967619206099461,0.9506400226832099,0.9808336682388343
0.5,gaussian,2.0,1.2042771838760873,0.8054810492885719,0.7781007413782463,0.8291315360281626,0.9981633613632156,0.9969514584264666,0.9991193568492048,0.9678202469175549,0.9513203711118038,0.9808441329182293
0.5,gaussian,2.0,1.2173671532660448,0.8052252935730327,0.7776529212244528,0.8291140408015497,0.9981594847759961,0.9969498442881153,0.9991218457294299,0.9680204401300304,0.9521534672279548,0.9808112134596584
0.5,gaussian,2.0,1.2304571226560022,0.8049141684412833,0.7771980870545735,0.8287747540915037,0.9981799456716884,0.9969966455279963,0.9991288878222786,0.9685764674356853,0.9524835247359236,0.981260458916417
0.5,gaussian,2.0,1.2435470920459597,0.8051398725099729,0.7783613231308664,0.8290410717005957,0.9982179883375387,0.9970633010716429,0.9991365687810513,0.9695209435617995,0.9535072323863842,0.9819089188917584
0.5,gaussian,2.0,1.2566370614359172,0.8043318340821299,0.7773601475933232,0.8281219000006552,0.9982263006524165,0.9970933284678257,0.999131351994821,0.9698922808993039,0.9538665518536487,0.9821608159130959
0.5,gaussian,2.0,1.2697270308258746,0.8044839233340807,0.7777174129472024,0.8281520200379219,0.9982441582483842,0.9971095050390782,0.9991355092298432,0.9701170571496992,0.9540809127477341,0.982334833954171
0.5,gaussian,2.0,1.2828170002158321,0.805211208710015,0.7786004591692951,0.8287770724379085,0.9982680245353382,0.9971160342618212,0.9991535172333237,0.9706057132624367,0.9547481317754117,0.9827171520930799
0.5,gaussian,2.0,1.2959069696057897,0.8054889480007957,0.7786209520391143,0.8288455502170247,0.9982606858403797,0.9970613910869547,0.9991632381422507,0.9709005576909338,0.955253973457872,0.9830406818357003
0.5,gaussian,2.0,1.308996938995747,0.8049818697066305,0.7776468011489901,0.828366465145032,0.9982437085892863,0.997016846260052,0.999172264063459,0.971211504508476,0.9554482609917486,0.9830780454879154
0.5,gaussian,2.0,1.3220869083857045,0.804649060753189,0.7772371872941107,0.8281615090848442,0.9982687967746043,0.9970367734930798,0.9991933331637067,0.9716956353817507,0.9560660947711233,0.9834676071380113
0.5,gaussian,2.0,1.335176877775662,0.8045453400542452,0.7770887381224686,0.8283290626911198,0.9982678473806907,0.9970156661624276,0.9992046783651092,0.9719919281929313,0.9564957479917657,0.9839610360090786
0.5,gaussian,2.0,1.3482668471656194,0.8040529034287353,0.7767212424989609,0.8279757316613342,0.998243312783404,0.9969636553218192,0.9992004876486702,0.9720485205477517,0.9566566459854985,0.9840945987788081
0.5,gaussian,2.0,1.361356816555577,0.8044494131529129,0.7770743018641028,0.8281174118300031,0.9981738276706822,0.9968370735177409,0.9991873931253914,0.9722487921077808,0.9569203495422312,0.9840894368669387
0.5,gaussian,2.0,1.3744467859455345,0.8049404086119857,0.777580399507251,0.8286716831822146,0.9981460318283482,0.9967396588574347,0.9992040223351265,0.972763263279293,0.9577227944946424,0.9844046769264914
0.5,gaussian,2.0,1.3875367553354918,0.8051184968695403,0.7771739698305168,0.8291333614628922,0.9981282097391232,0.9966212782967565,0.9992186944743915,0.9737108366085976,0.9589409981450907,0.9848705725291963
0.5,gaussian,2.0,1.4006267247254494,0.8052006152878083,0.7769590303760515,0.8289638479024953,0.9981214079883926,0.9966477475539275,0.9992194831143246,0.9743056990689508,0.959596644712114,0.9852589347718075
0.5,gaussian,2.0,1.413716694115407,0.8054103210247394,0.7769541564362455,0.8292249014995328,0.9981340086854487,0.9966596845063398,0.9992348462680065,0.9746340149839342,0.9600503298245077,0.9854263727903448
0.5,gaussian,2.0,1.4268066635053642,0.8055552523904422,0.776774002232448,0.8296167168046268,0.9981464799066312,0.996679145985563,0.9992444009711723,0.9747242116161402,0.960382513618247,0.9854014848150936
0.5,gaussian,2.0,1.4398966328953218,0.8054302201010386,0.7764406479053869,0.8296599074664857,0.9981794718970621,0.996731714098396,0.9992651634305088,0.9747801128520548,0.9606709346749495,0.9854419405728565
0.5,gaussian,2.0,1.4529866022852793,0.8052990220136743,0.776549746453757,0.829481562008602,0.9982031795974874,0.9967505488047165,0.9992888779780034,0.9744882733318326,0.9604754950982498,0.9852660580960125
0.5,gaussian,2.0,1.4660765716752366,0.8055935940490663,0.7771350857261743,0.8297815142731061,0.9982343467496658,0.9967869592586118,0.9993144758066691,0.9742179613852038,0.9600323298708969,0.985154317947208
0.5,gaussian,2.0,1.4791665410651942,0.8055989756492802,0.7772752416021983,0.8297626348273327,0.9982462643858926,0.9968046399500993,0.9993211914578417,0.9743964903027651,0.9600985883759631,0.9852926484187232
0.5,gaussian,2.0,1.4922565104551517,0.8056011902347219,0.7775092559026769,0.8295766402019634,0.9982397492643741,0.9967540371575232,0.999330821822365,0.9746563465878881,0.9606767904352385,0.9856436453930009
0.5,gaussian,2.0,1.505346479845109,0.8054285698557505,0.7775661874964959,0.8291405216953013,0.9982715734414352,0.996825302986567,0.9993362194500105,0.9753082469016002,0.9611147123570558,0.9861682457719709
0.5,gaussian,2.0,1.5184364492350666,0.8050075342048219,0.7773088646259255,0.8285603837010257,0.9982853161207577,0.9968524870328648,0.9993394297819239,0.9754390397487024,0.9613031203710123,0.9862376153855111
0.5,gaussian,2.0,1.5315264186250241,0.8044579739376712,0.7769522987410803,0.8280408348460389,0.998295527639906,0.996869047106306,0.9993449392945131,0.975435269248868,0.9612851280147989,0.9863334026419847
0.5,gaussian,2.0,1.5446163880149815,0.8041005936838247,0.7767526336569555,0.8275713911300399,0.9983041114181478,0.9968853124019851,0.9993480569638706,0.9753610352324893,0.9612110854516566,0.9862289316742305
0.5,gaussian,2.0,1.557706357404939,0.8039117539493836,0.7766852967896823,0.8273279608291823,0.9983094892039063,0.9968954723500154,0.9993497739657127,0.9753066601005597,0.9613094687083632,0.9862102616410398
0.5,gaussian,2.0,1.5707963267948966,0.8038646784552066,0.7766804976336872,0.827326568198456,0.9983114466227635,0.9968989006609936,0.9993506323672855,0.9752856263576999,0.9613322758383402,0.9861813623289972
0.5,gaussian,10.0,0.0,0.46451363565670145,0.4171795549011028,0.5112499730543764,0.8994015210373015,0.8610209608727999,0.9340201867171003,0.614722177368,0.5367069808809737,0.6918395918405846
0.5,gaussian,10.0,0.01308996938995747,0.46067477609425606,0.41392039097615485,0.5079355067872092,0.8981693574674324,0.8608291049195512,0.9326677741805866,0.6092202662131712,0.5320566458206851,0.6850189096072415
0.5,gaussian,10.0,0.02617993877991494,0.4586091515607442,0.41165896517881106,0.5063040006542031,0.8980676191374307,0.8617720656899087,0.9320949476072805,0.6123256761983416,0.5370735496808023,0.6853128643610829
0.5,gaussian,10.0,0.039269908169872414,0.4585445173538026,0.4124300654098613,0.505690209683322,0.9008074439127162,0.8664215905995019,0.9342090466511901,0.6161335284734936,0.5389903517452073,0.690581344896985
0.5,gaussian,10.0,0.05235987755982988,0.46049173656936054,0.41489943128790047,0.5069948841183852,0.9054543008230748,0.8730277543576173,0.9364682239175998,0.6213442721512349,0.5409925715574138,0.6979899960713752
0.5,gaussian,10.0,0.06544984694978735,0.4649817327812942,0.4207936345060927,0.510239185783138,0.9108241418292776,0.880541818962891,0.9385223920261787,0.6284638046798078,0.5473362762471126,0.7058623110032427
0.5,gaussian,10.0,0.07853981633974483,0.47091371881350924,0.42789923613387904,0.5150919526328547,0.9169884284194003,0.8896837874560908,0.942274810415769,0.636558926361277,0.5563337620608331,0.7127612936838001
0.5,gaussian,10.0,0.09162978572970229,0.48024477442002156,0.43845817786543845,0.5231251183627597,0.9230574903058125,0.8979130069046437,0.9460255063898162,0.6501413106470325,0.573772058402665,0.7235264878452259
0.5,gaussian,10.0,0.10471975511965977,0.4917245350889003,0.45103412961158845,0.5332995487724711,0.9302070800242288,0.9076050304923257,0.9503990715790371,0.6650963870489172,0.5898137205589474,0.7361097897335588
0.5,gaussian,10.0,0.11780972450961724,0.5062105346663676,0.46752670758347137,0.5453719924018091,0.9379311087927945,0.9180332858945117,0.9559534111138447,0.6805061058575741,0.6076798341178266,0.7494629119075803
0.5,gaussian,10.0,0.1308996938995747,0.5220649433408105,0.48509575459827275,0.5582506356362247,0.94494262949999,0.9272444450090607,0.9607245261031482,0.6967817359842204,0.6267617874295489,0.7628961986000733
0.5,gaussian,10.0,0.14398966328953217,0.5370155018765258,0.5017680983115773,0.5710877053866283,0.9512445928584855,0.9356685698153326,0.9648941144409527,0.7146246665632962,0.6469171072697814,0.7767453963286469
0.5,gaussian,10.0,0.15707963267948966,0.5530567313851943,0.5197471427418863,0.5844535672242169,0.9577586319053087,0.9449120297636702,0.9689831875103101,0.735728411987924,0.6707448181020202,0.7948258643678792
0.5,gaussian,10.0,0.17016960206944712,0.5696452061694051,0.5386509531712285,0.5988129681253264,0.9635778982382677,0.9526199534848931,0.9733704338865078,0.7560501339698101,0.6955810647615247,0.8111996344924932
0.5,gaussian,10.0,0.18325957145940458,0.5871365404492147,0.558523898513022,0.6148239924576444,0.9689434801378788,0.9596293553183177,0.9771661608868624,0.7748448751708096,0.7205314164066648,0.8244111182990763
0.5,gaussian,10.0,0.19634954084936207,0.6039871061527847,0.5767556600113618,0.6298673226900267,0.9737570528148415,0.9661082790899851,0.98048997760125,0.7922444722889607,0.7442807012911926,0.8365158925722584
0.5,gaussian,10.0,0.20943951023931953,0.6216932656840342,0.5961311087939042,0.6462670964943891,0.9781514593020505,0.9719393685818992,0.9836844392771216,0.812773425200524,0.7698664584004589,0.8523301165478888
0.5,gaussian,10.0,0.222529479629277,0.6387828712320852,0.6144232481729983,0.6629990423299912,0.9818208685613153,0.9767185084889326,0.986239406285974,0.8315753378219037,0.7933500069126904,0.8681734258401471
0.5,gaussian,10.0,0.23561944901923448,0.6558370118507845,0.6318295054409977,0.6809062257956008,0.9849614937274311,0.9808757796517701,0.9886392049131925,0.8496046114385075,0.8141428120441865,0.8836001671129685
0.5,gaussian,10.0,0.24870941840919195,0.6728414091118685,0.6484959884446634,0.698545792399959,0.9876299852286391,0.9843134540515889,0.9908037059931017,0.866811388382572,0.8348173385240897,0.8985256985599628
0.5,gaussian,10.0,0.2617993877991494,0.6889154597439516,0.6644926926278157,0.7150720196551946,0.9897779405438977,0.9870422289073292,0.9925840592573415,0.8828789732311352,0.8535455173940774,0.9119477221199285
0.5,gaussian,10.0,0.2748893571891069,0.7040513340595488,0.6788650970960816,0.7312021624461985,0.9915263010345358,0.9891061674837694,0.9939998667081282,0.8966086939487558,0.8706579660371341,0.9220162061355103
0.5,gaussian,10.0,0.28797932657906433,0.7175781773548934,0.6922195596267244,0.7457046058550256,0.992962963740398,0.9908140899275385,0.9951473796333044,0.9089885336984179,0.8860949398357542,0.9316009645280052
0.5,gaussian,10.0,0.3010692959690218,0.7293748691878074,0.7036839341924521,0.7571829926991206,0.9940497019905433,0.9920603296164502,0.9960696077376759,0.9202570552277133,0.9001985361040341,0.9401991465237506
0.5,gaussian,10.0,0.3141592653589793,0.7413370004888643,0.7158601056200993,0.7691121055060574,0.9949263460005092,0.9929904334138695,0.9968406875600484,0.9307956726315268,0.913360860048448,0.9484257631004137
0.5,gaussian,10.0,0.32724923474893675,0.7500497733127572,0.7235871761040659,0.7769863291258607,0.9955836287656045,0.9936320274333126,0.9973817484044545,0.9398150110927568,0.9236168731197244,0.9559370043096741
0.5,gaussian,10.0,0.34033920413889424,0.7593779248136198,0.7321467000188893,0.786395586621495,0.996056621684871,0.9940115858354761,0.9977822838066606,0.9481152488546933,0.9333076559616567,0.9629354217626297
0.5,gaussian,10.0,0.3534291735288517,0.766886905705637,0.740244361159764,0.793084291860542,0.9964235163442288,0.994325451269895,0.9981121849392823,0.9546304690330496,0.9411406714999534,0.9682385782974322
0.5,gaussian,10.0,0.36651914291880916,0.7753003123863659,0.7488731629449819,0.8012255108833155,0.9966641033516171,0.9945552789655755,0.9982975980248722,0.9596669309226775,0.946562483627887,0.9723683787376445
0.5,gaussian,10.0,0.37960911230876665,0.7825301749003666,0.756243439801632,0.807509228669012,0.997027803942177,0.9951657502193967,0.9985111139491957,0.9642155491412702,0.9513501603202519,0.9764620113164554
0.5,gaussian,10.0,0.39269908169872414,0.7872053881633493,0.7614376863769283,0.8112170591600439,0.9972287240928667,0.9954804357725583,0.9986396867204976,0.9680672272714231,0.955747574963801,0.9797074923597292
0.5,gaussian,10.0,0.4057890510886816,0.7904055643738732,0.7657780757209858,0.8140283042596632,0.9974780838321508,0.9959430647929265,0.9987412754480579,0.9713502995865556,0.9596147427595292,0.9822731705222576
0.5,gaussian,10.0,0.41887902047863906,0.7928994448175232,0.7687310584416803,0.8162438544265532,0.9976222118796921,0.9961855733674754,0.9988057679355873,0.9744689870049323,0.9630588914570619,0.9846447544424265
0.5,gaussian,10.0,0.43196898986859655,0.7953084859619272,0.7716711916801047,0.8186329413914586,0.9977748956957195,0.9964626499102123,0.9988803820336933,0.9769204402810406,0.9662518657484952,0.9864082839529128
0.5,gaussian,10.0,0.445058959258554,0.7973750067972484,0.7740821470143604,0.8205581959867948,0.9979179115094862,0.9966777155370624,0.998965173868722,0.9784330066175184,0.968081471196732,0.9873961387565414
0.5,gaussian,10.0,0.4581489286485115,0.7988962091810302,0.7754019867427213,0.8228404244825254,0.9980434070312887,0.9968987097032904,0.9990357487051275,0.9794495223244165,0.9692501789073618,0.9883571519768035
0.5,gaussian,10.0,0.47123889803846897,0.8002066724771577,0.7771563513053216,0.823455706925316,0.9981437042031392,0.997069714274002,0.9990759806162864,0.9803229706058513,0.9706003993385414,0.9888242408693256
0.5,gaussian,10.0,0.4843288674284264,0.8018296565147396,0.7789880165793398,0.8241201068700377,0.998223909769023,0.997190522177274,0.9991228605911245,0.981333321200295,0.9719662409577108,0.9892534952925656
0.5,gaussian,10.0,0.4974188368183839,0.8027558922440617,0.7804389634790385,0.8246963605564812,0.9982733641736851,0.9972696741669126,0.999137642899089,0.9828802062946177,0.9745286035043137,0.9899253472955091
0.5,gaussian,10.0,0.5105088062083414,0.803664113245921,0.7817517199746488,0.8252650259476038,0.9983295496003953,0.9973937714778264,0.9991380612150693,0.9831733272809703,0.9749348558426021,0.9901368022691666
0.5,gaussian,10.0,0.5235987755982988,0.8044804575572316,0.7836931486160771,0.8257799350029829,0.9983720959392727,0.9974899609124915,0.9991589573015703,0.9834647613838036,0.9756248350660187,0.9903136913774931
0.5,gaussian,10.0,0.5366887449882562,0.8067351217313322,0.7853823570815777,0.8282798838466381,0.998405082467608,0.9975214757717692,0.9991813207513559,0.9830095041286406,0.9751386171990815,0.9898976678414859
0.5,gaussian,10.0,0.5497787143782138,0.807827611934152,0.7868288543607835,0.8290342888148813,0.9984469505907486,0.9976097815112631,0.9991997499224092,0.9831054204273005,0.9756174298646383,0.9896994521382283
0.5,gaussian,10.0,0.5628686837681712,0.808875302664431,0.7876122548593776,0.8303522633113724,0.9984741916090218,0.9976426028736302,0.9992116445844497,0.982544596370941,0.97461831237128,0.9892566850235947
0.5,gaussian,10.0,0.5759586531581287,0.808887897708988,0.7881019918745084,0.830205805050702,0.9984894172191486,0.9976919061547113,0.9991960878905837,0.9822433396622606,0.9741565983789046,0.9890200819670012
0.5,gaussian,10.0,0.5890486225480862,0.8087334274960503,0.7881613881986054,0.8300578373480033,0.9985039306653478,0.9977204275819298,0.9991884972528366,0.9822958316403141,0.973965414092837,0.9890176788929291
0.5,gaussian,10.0,0.6021385919380436,0.808546696587168,0.7879558571370955,0.8299799337717483,0.9985158752846582,0.9977573394784455,0.999164749925889,0.9827873321769224,0.9750829562945167,0.9889276573562961
0.5,gaussian,10.0,0.6152285613280011,0.807421775487316,0.7864396277328407,0.8292015606875847,0.9985168592145555,0.9977615990562737,0.9991633169507742,0.9828972652632143,0.9751466283814557,0.9890341370643468
0.5,gaussian,10.0,0.6283185307179586,0.8080406493673858,0.7871237777159323,0.8297611596016352,0.9984489287949744,0.9976483534399735,0.9991244870949199,0.9825358582218205,0.9742901671268602,0.98900987445403
0.5,gaussian,10.0,0.6414085001079161,0.8083689983015753,0.787519304983282,0.8295435191359946,0.9984036850173285,0.997559138397332,0.9991020697361607,0.9831125388807621,0.9754410050574728,0.989231322177718
0.5,gaussian,10.0,0.6544984694978735,0.8080358625532367,0.786454242613953,0.8295629446646707,0.998302198401063,0.9974105513397088,0.9990625858341883,0.9829895557817266,0.9751933692547405,0.9891290686897651
0.5,gaussian,10.0,0.667588438887831,0.8077500982588527,0.7853418607629075,0.829535241845887,0.9982587895824757,0.9973016197711222,0.9990553512017767,0.9826311502883587,0.9747674829238657,0.9888640883001222
0.5,gaussian,10.0,0.6806784082777885,0.8079542415814954,0.7850887314059296,0.8300450224922263,0.998212131234538,0.9971471837198597,0.9990516218049753,0.9819467743213571,0.9735759592099882,0.9885835281879332
0.5,gaussian,10.0,0.6937683776677459,0.8063437271521047,0.7824794503696608,0.8288290983101049,0.9981317186281743,0.9969369574698761,0.9990265136693937,0.9810268407486077,0.9726248664716923,0.9881160588591584
0.5,gaussian,10.0,0.7068583470577035,0.8049504263009633,0.7807399294122958,0.8276518687038545,0.9980469968818758,0.9966721627095432,0.9990509714305124,0.9808455645180373,0.9719655446459324,0.988087440276994
0.5,gaussian,10.0,0.7199483164476609,0.8056851372606814,0.7806084374576321,0.829000032616038,0.9980883740112111,0.9967720002067741,0.9990509116193648,0.98126903097073,0.9725475998951743,0.9882622903728828
0.5,gaussian,10.0,0.7330382858376183,0.8055542720995489,0.7810437334797568,0.82843582613877,0.9981042013579432,0.996814819457809,0.9990601817375586,0.9816149701175466,0.9729022553465396,0.9884783648368958
0.5,gaussian,10.0,0.7461282552275759,0.8058344941174042,0.7815258050883577,0.8289394497888112,0.9981451480991068,0.9969056621022996,0.9990824262777457,0.9818953144615885,0.9741612277023444,0.9883826622470602
0.5,gaussian,10.0,0.7592182246175333,0.8063705578946032,0.7818292007248712,0.8299191023097608,0.9981787936086407,0.9969914880146372,0.9990857610296192,0.9808336884968596,0.9726273935812243,0.9876373572282297
0.5,gaussian,10.0,0.7723081940074907,0.8068844831377825,0.7821263117998661,0.8310160183648077,0.9981686425041044,0.9969061661981458,0.9991456309741107,0.9804887073842564,0.9724511175298931,0.9873103310428251
0.5,gaussian,10.0,0.7853981633974483,0.808334208544302,0.7830425163358323,0.8329048219677745,0.9982414896263186,0.9969937834464188,0.9991951483493927,0.9801105775881761,0.9717192110412264,0.9869762319576852
0.5,gaussian,10.0,0.7984881327874057,0.8082664823808329,0.7829827577925456,0.8328001180675194,0.9982186393544216,0.9969754993283122,0.9991766645611381,0.9796763668009811,0.9707075265350504,0.987161170715051
0.5,gaussian,10.0,0.8115781021773631,0.8077087633658526,0.7821922101097927,0.8318310213693847,0.9982579560463268,0.997031538213698,0.9991975106632024,0.979292726056102,0.9701509424220008,0.9869726165836473
0.5,gaussian,10.0,0.8246680715673207,0.8077688791317598,0.7813574720478754,0.8322001486434553,0.9982637906126265,0.9970247683218204,0.9992037984718358,0.9784516594685178,0.9682972713711078,0.9868312650294417
0.5,gaussian,10.0,0.8377580409572781,0.8071692367912365,0.7807999133278972,0.831540613339695,0.9982634735997383,0.9969808264256635,0.9992207199766296,0.9776653498035074,0.9672359675930564,0.9864375265293086
0.5,gaussian,10.0,0.8508480103472356,0.8069175461167936,0.7805305637730038,0.831343172230117,0.9982264084141196,0.9969103087950943,0.9992076350112513,0.9769511906930108,0.9666358879149123,0.9857675571878219
0.5,gaussian,10.0,0.8639379797371931,0.8069864050564536,0.7802825129496316,0.8312605437612455,0.9982054622320734,0.9968527953655256,0.999202089293926,0.9752484780100416,0.9638267796124103,0.984997420999885
0.5,gaussian,10.0,0.8770279491271505,0.807421001295049,0.7806288216865027,0.8316754960746785,0.9981906761045859,0.9968541968069385,0.9992042069532622,0.9750196230502451,0.9635073843154948,0.9846402826662554
0.5,gaussian,10.0,0.890117918517108,0.8078584017441123,0.7809323150021852,0.8323841754033545,0.9981856446258083,0.9968339402184087,0.9991971464003897,0.9743431112592917,0.9626094223990856,0.9844176853335846
0.5,gaussian,10.0,0.9032078879070655,0.8079076217448572,0.7805150052823494,0.8324770986470013,0.9981899576685245,0.9968394545910576,0.999224056442002,0.9734623661188507,0.9612069142764988,0.983701452954629
0.5,gaussian,10.0,0.916297857297023,0.8076053276384957,0.7798600092737968,0.8324039486689108,0.9981872261648935,0.9967991818891815,0.9992244377909045,0.971741622456591,0.9589699321848562,0.9823460423151855
0.5,gaussian,10.0,0.9293878266869804,0.8068104716301318,0.7787674331853275,0.8318287397969601,0.9981186439292381,0.9966819848782276,0.9991847878664831,0.9709048939015922,0.9582276457012049,0.9816439710186222
0.5,gaussian,10.0,0.9424777960769379,0.8063899187835447,0.7783733561610849,0.8310732762320611,0.9981701199640359,0.9968000338255276,0.9991927910850839,0.9700801212547066,0.9570571691592786,0.9813460237198008
0.5,gaussian,10.0,0.9555677654668954,0.8058709666403315,0.7782276557859901,0.8305290514057166,0.9981813349366361,0.996773352173344,0.9992094810704825,0.9697301089006455,0.9562323747655054,0.9811752112266423
0.5,gaussian,10.0,0.9686577348568528,0.8055714249557946,0.7776805866862522,0.8299092387313479,0.9981164587787275,0.9966640238550414,0.9991761768652462,0.9681733816614709,0.9541749519363799,0.9802273810927661
0.5,gaussian,10.0,0.9817477042468103,0.8052681567990838,0.7775262659071354,0.8294552721232414,0.9981132538208173,0.9967019393297287,0.9991637600427139,0.9683770810620486,0.954082030069663,0.9803290221812494
0.5,gaussian,10.0,0.9948376736367678,0.8040892570949816,0.776458469174575,0.8284187367679573,0.998116007608218,0.9966430111999749,0.9991903073261496,0.9687035690077436,0.9545516468344342,0.9804093169122226
0.5,gaussian,10.0,1.0079276430267252,0.8035358987045416,0.7763202969985586,0.8275566872612952,0.9980117457640202,0.9964378476243054,0.9991469435987697,0.9685448450590676,0.9541164969562583,0.9806303395735145
0.5,gaussian,10.0,1.0210176124166828,0.8027463869158526,0.7749661484040706,0.8267780338536012,0.998077351650095,0.9966154699299701,0.9991426350416398,0.9688537199169552,0.9542955372120803,0.9807604828978899
0.5,gaussian,10.0,1.03410758180664,0.8030812930016727,0.7749534108098453,0.8274078835028266,0.9981021965767862,0.9966459053001206,0.9991567722008717,0.9694787946702811,0.9550077124266044,0.9812051607638148
0.5,gaussian,10.0,1.0471975511965976,0.8034846006273421,0.7755741604681047,0.8276342082652053,0.9981216303044812,0.9967356938742113,0.9991323154713075,0.9694616113792968,0.9549999693882792,0.9813314535701803
0.5,gaussian,10.0,1.0602875205865552,0.8034785148326625,0.7755160189079432,0.8272900460168033,0.9981081579982681,0.9966642397532872,0.9991535814438566,0.9700074829035127,0.9559077790516586,0.9815260565082162
0.5,gaussian,10.0,1.0733774899765125,0.8037409897180398,0.7760238776271101,0.8271672552881831,0.9981115456091345,0.9966477190789771,0.9991727509046129,0.9707856661715489,0.9570325116702959,0.9818696985494395
0.5,gaussian,10.0,1.08646745936647,0.8032199966444974,0.77516734001781,0.8269029183282935,0.9980990126398234,0.9965952198748711,0.9991833186520762,0.9712915464302219,0.9575987840990885,0.9824123696317089
0.5,gaussian,10.0,1.0995574287564276,0.803886646647292,0.7762009884752368,0.8277677807214081,0.9981864106634313,0.9967577866319037,0.9992087916503952,0.9712597458023128,0.9570327562824074,0.9825124088904852
0.5,gaussian,10.0,1.112647398146385,0.8037915706856219,0.7764796251036507,0.8276875891099397,0.9981818519178235,0.9967220953951544,0.999218434920967,0.9720969700537113,0.9576308699379532,0.9831678695852684
0.5,gaussian,10.0,1.1257373675363425,0.8039556628517839,0.7767092191654376,0.8277135180627153,0.9981086911882732,0.9965693295784112,0.9991940577985065,0.9716796270859304,0.9568600701947045,0.9833602412318068
0.5,gaussian,10.0,1.1388273369263,0.8051922742649089,0.7781143311861034,0.828519130541176,0.9981121378993536,0.9966290229659158,0.9991638212683572,0.9711125212081894,0.9556413034999686,0.9832098834471219
0.5,gaussian,10.0,1.1519173063162573,0.8049742586055322,0.7772769593273022,0.8277772645670742,0.9981573976902901,0.996726382129469,0.9991694415149761,0.9706348682457876,0.9542155288958323,0.9835381444322054
0.5,gaussian,10.0,1.1650072757062149,0.8045107574046532,0.77652256880282,0.8278970929946936,0.9981492699397609,0.9967165922233316,0.99916460670199,0.9706281988874403,0.9536866729310073,0.9840304219075047
0.5,gaussian,10.0,1.1780972450961724,0.8050387936814491,0.7768633815432822,0.8282531486776888,0.9981425268201644,0.9967272623712642,0.9991398164980565,0.9709721027786992,0.953783239790848,0.9845627859815561
0.5,gaussian,10.0,1.1911872144861297,0.8058846651653822,0.7780440087296696,0.8293812490985334,0.9981279070205124,0.9966725947842692,0.9991231989016356,0.9714519452455775,0.95397602536505,0.9852012506374378
0.5,gaussian,10.0,1.2042771838760873,0.8051781345997785,0.777430667353186,0.8287751804985851,0.9981014740815132,0.996589123411262,0.9991118654096138,0.9707152185108429,0.9518833044127533,0.9853826773412783
0.5,gaussian,10.0,1.2173671532660448,0.8052497488031326,0.7778767096278018,0.8285608948776585,0.9981105854164708,0.9966216290619814,0.999119867299047,0.9700647547999065,0.9506402133524314,0.9853531683631693
0.5,gaussian,10.0,1.2304571226560022,0.8057255559673863,0.7792245010949232,0.828284238579519,0.9981225820820576,0.9966972690056094,0.9991077810398273,0.9700122970120448,0.9501209527491934,0.9855708514835687
0.5,gaussian,10.0,1.2435470920459597,0.8053449544515217,0.7788490754302226,0.8278256518337963,0.9981598401955515,0.996761033456482,0.9991347162677506,0.9699553143422549,0.950125725668638,0.9855290223827441
0.5,gaussian,10.0,1.2566370614359172,0.8048140779362871,0.7781833865959361,0.8276059170558474,0.9982055761079892,0.9968542443622667,0.9991588237102553,0.9701286446315661,0.9501277558945295,0.9855062258954737
0.5,gaussian,10.0,1.2697270308258746,0.8050514656980883,0.7783347304906648,0.8284005328789246,0.9982265885276761,0.9968997633445771,0.9991634440828135,0.9706053189981291,0.9515234384796256,0.9853701888920994
0.5,gaussian,10.0,1.2828170002158321,0.8058249493556199,0.7785767570120642,0.8292279560477973,0.9982677751289097,0.9969621576603549,0.9991955685451799,0.9705378219686355,0.9514903011017748,0.985195445894467
0.5,gaussian,10.0,1.2959069696057897,0.8065594933544599,0.7791783785816151,0.8298467951972017,0.9982912698148455,0.9969598236398867,0.9992252605339015,0.9703628270434361,0.9514221972244101,0.9849550182327431
0.5,gaussian,10.0,1.308996938995747,0.8070337182775672,0.7800381623006332,0.8303125409379833,0.9983009450285746,0.9969202220700297,0.9992480828800054,0.9704474694990569,0.9519067798097615,0.9847874575293534
0.5,gaussian,10.0,1.3220869083857045,0.8071934634819318,0.7800497881268513,0.8301097954871558,0.9982918884609312,0.9968859167925629,0.99925026983722,0.9704606828803369,0.9521359838781627,0.98470549536992
0.5,gaussian,10.0,1.335176877775662,0.8067459034184413,0.7789267685308215,0.8300596595630151,0.9982651195782969,0.9968277682671689,0.9992503980643459,0.9705127897802958,0.9523385844071117,0.9846245010661075
0.5,gaussian,10.0,1.3482668471656194,0.8065700239129506,0.7794360456469295,0.8298972984956203,0.9982380807260095,0.9967767290818855,0.9992431721040046,0.9706896787911073,0.9528082883923924,0.9846858200219211
0.5,gaussian,10.0,1.361356816555577,0.8060496143091398,0.7790647559371245,0.8294868450395847,0.9982741033712705,0.9968561436861817,0.9992585070509603,0.9706471714660972,0.9526622022360881,0.9845063605982842
0.5,gaussian,10.0,1.3744467859455345,0.8062707578668058,0.7789671718258601,0.8300132212193878,0.9983008374325008,0.9968857890306846,0.9992839200824424,0.9707286586201191,0.9530763644558344,0.9846971686864314
0.5,gaussian,10.0,1.3875367553354918,0.8064273020373208,0.778762843030643,0.830446395087433,0.9983182694148253,0.9968770152857317,0.9993065785504822,0.9709343766580426,0.9535394992692984,0.984556013933156
0.5,gaussian,10.0,1.4006267247254494,0.8066184287029207,0.7787402301554036,0.830468584948872,0.998337712541482,0.9968977850514013,0.9993250356576981,0.9714094228641835,0.9545444649714443,0.9845905881024936
0.5,gaussian,10.0,1.413716694115407,0.8060241248300608,0.7781162153321523,0.8293744176721409,0.9983495071912055,0.9969300532301194,0.9993342562978281,0.9718408139207556,0.9554074731354911,0.9848105769749812
0.5,gaussian,10.0,1.4268066635053642,0.805617889766598,0.7779473283403675,0.8291154115106658,0.9983464837820389,0.9969538490686808,0.9993288962510959,0.9721369564343263,0.9559156294830208,0.9849566715870316
0.5,gaussian,10.0,1.4398966328953218,0.8054044795813827,0.7776018437197502,0.8289608793372036,0.9983516501718088,0.9969612151799299,0.999333583366144,0.9726553925268774,0.9567846062313937,0.9853030796672347
0.5,gaussian,10.0,1.4529866022852793,0.8055264253364233,0.7778129568481796,0.8289486496426756,0.9983536462448289,0.9969742219785589,0.9993425240634751,0.9730263567460101,0.9575224745649238,0.9853820972135032
0.5,gaussian,10.0,1.4660765716752366,0.8054727840384824,0.7779903540339544,0.8288119436854884,0.9983561679798747,0.9969810380932993,0.9993470723216843,0.9734229085746592,0.9581997710689059,0.985520128315927
0.5,gaussian,10.0,1.4791665410651942,0.8052399304881912,0.7779031581129305,0.8287535792625776,0.9983434602286047,0.9969588993326323,0.9993461226329128,0.9739189730209662,0.959203901235743,0.9857350901054837
0.5,gaussian,10.0,1.4922565104551517,0.8048928262352905,0.7777413535032843,0.8283513841913076,0.9983260515629001,0.9969295550213189,0.999340025766161,0.9743466868282059,0.959699519998687,0.9858045718706645
0.5,gaussian,10.0,1.505346479845109,0.8048127213149802,0.7774714924718499,0.8282360510803753,0.9983094061590596,0.996907932393228,0.9993308080996249,0.9750080847444367,0.9607309507690805,0.9862880742013137
0.5,gaussian,10.0,1.5184364492350666,0.8043061031819906,0.776975387738409,0.8278027165214008,0.9983058565376804,0.9969008034361729,0.9993339006557632,0.9753713746146578,0.9612119224817696,0.9863193240278859
0.5,gaussian,10.0,1.5315264186250241,0.8040961563796093,0.7769357725359625,0.8276132623016722,0.9983083099175575,0.9968995084350385,0.9993386851910344,0.9753360155360845,0.96124085869615,0.9862571972063199
0.5,gaussian,10.0,1.5446163880149815,0.8039697979468424,0.776831665853574,0.8274353632726239,0.9983111453419661,0.9969001383267644,0.9993468119705878,0.9753071833235123,0.9612910803934941,0.9862372499981782
0.5,gaussian,10.0,1.557706357404939,0.8038995971252105,0.776688185812954,0.8273789033406431,0.998311916316058,0.9968997626868665,0.9993502587982971,0.9752920155112247,0.9613240878200556,0.9862083541378421
0.5,gaussian,10.0,1.5707963267948966,0.8038646784552066,0.776680497633687,0.827326568198456,0.9983114466227635,0.9968989006609936,0.9993506323672855,0.9752856263576999,0.9613322758383402,0.9861813623289972
