theta,h,p_mix,t,eta,Q,fidelity2,separation,chi_z,coherence,local_decoherence,system_coherence,fidelity_error,holevo_error,distance_z,distance_free,basis_gain,axis_abs_z,weight,chi_sbs_basis,validation,validation_gap_z,validation_gap_free,successful_starts_z,successful_starts_free,z_w,z_theta_s,z_phi_s,z_theta_e,z_phi_e,free_w,free_theta_s,free_phi_s,free_theta_e,free_phi_e,additional_audit,additional_gap_z,additional_gap_free
0.0,0.0,0.0,1.0,1.0,1.0,6.162975822039155e-32,1.0,1.0,6.162975822039155e-32,2.482534153247273e-16,1.5299797963849392e-47,6.162975822039155e-32,0.0,4.37896096804635e-16,4.37896096804635e-16,0.0,1.0,0.5,1.0,1.0,0.0,0.0,5.0,3.0,0.0,0.0,0.0,3.141592653589793,0.0,0.0,0.0,0.0,3.141592653589793,0.0,0,0.0,0.0
0.0,0.15,0.0,1.0,1.0,0.9909128974780058,0.009087102521994305,0.9909128974780057,0.9934350772686149,0.009087102521994307,0.0953262950187109,0.0008662398158769011,1.214306433183765e-16,1.1102230246251565e-16,0.09576224911615867,0.09575839950352513,3.849612633541333e-06,0.9999996184955748,0.5000006646431477,0.9934305831915093,1.0,4.163336342344337e-17,3.414948879232327e-11,8.0,9.0,8.024394542116113e-05,0.0,0.0,3.139892463478895,3.2166228513373687,1.3292862954816798e-06,0.0008735038058163003,6.05967264333678,3.141590090861066,3.2174661752903972,0,0.0,0.0
0.0,0.3,0.0,1.0,1.0,0.9640305327556117,0.035969467244388424,0.9640305327556116,0.9738956850226097,0.03596946724438842,0.1896561816666897,0.006821831814155774,1.0408340855860843e-16,0.0,0.1931456232994172,0.19303246277716352,0.00011316052225368578,0.9999749988541022,0.5000361060758854,0.973681635950486,1.0,0.0,1.557087792036782e-14,6.0,9.0,0.0011655622581980614,0.0,0.0,3.1288664967336057,3.29183688331698,7.221215177082927e-05,0.007071244596915475,5.833879903902973,3.1415917784759357,6.283185307179586,0,0.0,0.0
0.0,0.44999999999999996,0.0,1.0,1.0,0.9204696402055796,0.07953035979442037,0.9204696402055796,0.9418452667471191,0.07953035979442036,0.2820112760058015,0.02242845824682498,1.3877787807814457e-17,0.0,0.29370056345434864,0.2929357822573832,0.0007647811969654361,0.9997005146308083,0.49972084082147,0.9398899490394513,1.0,1.8318679906315083e-15,4.606544162788495e-08,8.0,9.0,0.005072916665656808,0.0,0.0,3.1028736126437058,3.3674161547592227,-0.0005583183570600436,3.1171181640561296,2.469062842392953,0.0010169622819262013,3.3674160234959944,0,0.0,0.0
0.0,0.6,0.0,1.0,1.0,0.8620256629621468,0.13797433703785336,0.8620256629621467,0.8980473137001747,0.13797433703785336,0.37144896962820256,0.051250425327844976,1.3877787807814457e-16,2.220446049250313e-16,0.39856415622646085,0.39569149226930733,0.0028726639571535206,0.9981758162010254,0.5016229158314828,0.8889607135194836,1.0,9.43689570931383e-16,2.060163923400804e-06,8.0,10.0,-0.013295436323248292,0.0,0.0,2.4611140711686317,3.443551368460912,0.0032458316629654406,0.06041090425869805,5.391235736090915,3.1370591766776874,0.3019451712440738,0,0.0,0.0
0.0,0.75,0.0,1.0,1.0,0.7910782036595796,0.20892179634041966,0.7910782036595804,0.8435521090204381,0.2089217963404196,0.45707963894754666,0.09549389923955187,7.494005416219807e-16,6.661338147750939e-16,0.5080357003849696,0.49987384316044803,0.008161857224521563,0.9919387071244121,0.506874324727924,0.8136976632136264,1.0,4.440892098500626e-16,1.3175388113850772e-08,7.0,9.0,0.026413690980037152,0.0,0.0,3.0051914708826266,3.520435898162359,0.013748649455848083,0.12706019800996793,5.16969488578399,3.126138048481576,0.37884331718890607,0,0.0,0.0
0.0,0.8999999999999999,0.0,1.0,1.0,0.710466627386082,0.28953337261391826,0.7104666273860818,0.7796783993487625,0.2895333726139182,0.5380830536394156,0.15579300126661583,2.7755575615628914e-16,1.1102230246251565e-16,0.6213889195852093,0.6005255285155316,0.020863391069677606,0.9684906337622626,0.5253446687473744,0.6975191746613625,1.0,1.1102230246251565e-16,4.86498619167719e-11,6.0,10.0,-0.0443739266589891,0.0,0.0,2.2077464870751484,3.5982711711360342,0.050689337494748764,2.88989345125126,4.953220834030766,1.1839244676401954,0.4566785200051805,0,0.0,0.0
0.0,1.05,0.0,1.0,1.0,0.6233431727400067,0.3766568272599933,0.6233431727400067,0.7079902208243755,0.37665682725999317,0.6137237385501665,0.23116323617644724,0.0,0.0,0.736980265302102,0.6809215785872927,0.05605868671480929,0.8684470361207152,0.5996541790522858,0.492634852256689,1.0,0.0,2.140615462664641e-09,10.0,10.0,0.06711565483892923,0.0,0.0,2.866805918480781,3.6772680863679095,0.1993083581045715,0.5187350048625983,4.7402110261627834,2.987070713505173,0.535675442053639,0,0.0,0.0
0.0,1.2,0.0,1.0,1.0,0.5330121952129268,0.46698780478707347,0.5330121952129265,0.630269171886515,0.4669878047870734,0.6833650596767978,0.3191231490866553,2.220446049250313e-16,0.0,0.8525248094850174,0.7114667706247897,0.14105803886022772,0.7423632976328549,0.7012456021555816,0.3423185893950327,1.0,0.0,2.809033690098772e-07,10.0,10.0,-0.09537300298149934,0.0,0.0,1.985015368803111,3.757649008977549,0.4024912043111633,0.7342055045904387,4.531354444565117,2.8959523124561066,0.6160563753011383,1,0.0,7.213762920343925e-11
0.0,1.3499999999999999,0.0,1.0,1.0,0.4427648886427103,0.5572351113572898,0.44276488864271024,0.5484825030261711,0.5572351113572898,0.7464818225230202,0.41596588149980784,0.0,2.220446049250313e-16,0.9653958286640836,0.7084404292396804,0.25695539942440315,0.6661857171674601,0.24850306572211672,0.2760277544359952,1.0,0.0,3.456231600917903e-08,10.0,9.0,-0.13203360408552656,0.0,0.0,1.8708904439530247,3.8396495212706165,-0.5029938685557666,2.299878907608281,1.185763210354887,0.2687784967810629,3.8396495040944845,0,0.0,0.0
0.0,1.5,0.0,1.0,1.0,0.3557189637307703,0.6442810362692293,0.3557189637307707,0.4647475063909634,0.6442810362692294,0.8026711881394705,0.5171458248779515,4.440892098500626e-16,8.326672684688674e-16,1.0728231774389692,0.6682020096927144,0.4046211677462548,1.0411553990602078e-07,0.8299542515837806,0.12203350420324527,1.0,6.661338147750939e-16,3.3306690738754696e-16,10.0,10.0,0.18510986686077494,0.0,0.0,2.679912362150732,3.9235198029064264,0.659908503167561,1.5707964309104365,4.128966794811339,2.502556765932249,0.7819271700068318,0,0.0,0.0
0.0,1.65,0.0,1.0,1.0,0.27467230523066444,0.7253276947693357,0.2746723052306643,0.38129288714659737,0.7253276947693358,0.8516617255514866,0.6177338361175343,1.1102230246251565e-16,8.326672684688674e-16,1.1717820051438914,0.5894512755888541,0.5823307295550373,9.824154761747041e-09,0.13265110389961,0.12661607785874512,1.0,4.440892098500626e-16,0.0,10.0,10.0,0.2751331990029147,0.0,0.0,2.676986913827826,4.009526359185523,-0.73469779220078,1.5707963366190514,0.7953937569913813,0.5516484735203366,4.009526340495042,0,0.0,0.0
0.0,1.7999999999999998,0.0,1.0,1.0,0.20197861794740835,0.7980213820525914,0.20197861794740857,0.3004181995454868,0.7980213820525914,0.893320425184934,0.7128888003218896,2.220446049250313e-16,2.7755575615628914e-16,1.257854180573729,0.5050229753355189,0.7528312052382102,2.6139425130137434e-08,0.9015523030391126,0.1213515864946415,1.0,1.5543122344752192e-15,0.0,10.0,10.0,-0.45883228542897875,0.0,0.0,1.304529547112284,4.097952278255284,0.8031046060782253,1.5707963006554715,3.752264184666197,2.6754763437223534,0.956359636692296,0,0.0,0.0
0.0,1.95,0.0,1.0,1.0,0.13945157879953032,0.8605484212004697,0.1394515787995303,0.22445330903718919,0.8605484212004696,0.9276574913191127,0.7982941895694508,0.0,1.1102230246251565e-16,1.3192765379789322,0.4171200981000884,0.9021564398788438,1.9598801968521275e-09,0.06851208144420495,0.10679390681499626,1.0,0.0,0.0,10.0,10.0,-0.9745423212974778,0.0,0.0,0.7825271374881076,4.189097466473583,-0.8629758371115901,1.5707963287547768,0.43410708107797563,0.3827060882845776,4.189097473201552,0,0.0,0.0
0.0,2.1,0.0,1.0,1.0,0.08830214137563606,0.9116978586243638,0.08830214137563619,0.15572191028978305,0.9116978586243638,0.9548287064308256,0.870515287006055,1.1102230246251565e-16,4.718447854656915e-16,1.3532157941068559,0.3281880437621336,1.0250277503447223,1.874179539510733e-09,0.043664003304437427,0.08497828044819675,1.0,0.0,2.220446049250313e-16,10.0,10.0,1.0,0.0,0.0,3.141592653589793,5.960546041687814,-0.9126719933911251,1.570796324920717,0.2666457123088739,0.30171351284249853,4.283277018295215,0,0.0,0.0
0.0,2.25,0.0,1.0,1.0,0.04911151763104715,0.950888482368953,0.04911151763104704,0.09651848760911137,0.9508884823689531,0.9751351098022023,0.9272447446644987,1.1102230246251565e-16,6.522560269672795e-16,1.3799235145115578,0.24072511369676716,1.1391984008147906,2.723527342370703e-09,0.975594965284375,0.059122721058216546,1.0,2.220446049250313e-16,0.0,10.0,10.0,1.0,0.0,0.0,3.141592653589793,0.25654153864552487,0.95118993056875,1.570796329518424,3.2508612316303034,2.918126222148861,1.2392253072076964,0,0.0,0.0
0.0,2.4,0.0,1.0,1.0,0.021840130185973715,0.9781598698140264,0.02184013018597364,0.04912421375612043,0.9781598698140263,0.9890196508735436,0.9674193329419789,1.1102230246251565e-16,3.0531133177191805e-16,1.3988555075184115,0.15709031954779157,1.24176518797062,3.079818905630459e-09,0.9891097442892104,0.0332387971882246,1.0,0.0,1.3877787807814457e-16,10.0,10.0,1.0,0.0,0.0,3.141592653589793,0.0,0.9782194885784208,1.5707963237150777,3.1045674677794555,2.9932652956701102,1.340460720510291,0,0.0,0.0
0.0,2.55,0.0,1.0,1.0,0.005870634497974177,0.9941293655020257,0.005870634497974314,0.0159501524283762,0.9941293655020258,0.9970603620152723,0.9912069850574627,1.1102230246251565e-16,5.447031714567174e-16,1.4100685073263142,0.07933047894437864,1.3307380283819354,4.0010011398062965e-10,0.9970668367686164,0.011829766158732758,1.0,2.220446049250313e-16,0.0,10.0,10.0,1.0,0.0,0.0,3.141592653589793,0.2226750207208246,0.9941336735372327,1.5707963271949967,2.9703459995414736,3.064897420885028,1.4457202307961874,0,0.0,0.0
0.0,2.6999999999999997,0.0,1.0,1.0,8.109422750500567e-05,0.9999189057724951,8.109422750490758e-05,0.0003453202595012088,0.999918905772495,0.9999594520641799,0.9998783611248784,1.1102230246251565e-16,3.853254521013483e-16,1.4141562212574899,0.009045415317374314,1.4051108059401156,1.3362361789635978e-10,0.999959453123537,0.00028944402791812596,1.0,0.0,2.949029909160572e-17,10.0,10.0,1.0,0.0,0.0,3.141592653589793,4.289128855614535,0.9999189062470739,1.570796326661273,2.849133982240015,3.1325872982476146,1.5553162216313798,0,0.0,0.0
0.0,2.85,0.0,1.0,1.0,0.00294268200081245,0.9970573179991876,0.00294268200081238,0.008723937096192532,0.9970573179991877,0.9985275749818767,0.9955892258596626,1.1102230246251565e-16,2.740863092043355e-16,1.4121343050063375,0.05563801889284344,1.3564962861134942,1.5420160165778706e-10,0.0014708011117532949,0.006675714423142562,1.0,0.0,2.0816681711721685e-17,10.0,10.0,1.0,0.0,0.0,3.141592653589793,3.0204579613754174,-0.9970583977764934,1.570796326640695,5.883352312307967,0.054273133309590264,1.6695247847947683,0,0.0,0.0
0.0,3.0,0.0,1.0,1.0,0.01263497514448374,0.9873650248555162,0.012634975144483751,0.030871131454966717,0.9873650248555161,0.9936624300312034,0.9811075299257517,0.0,1.0512424264419451e-15,1.4053076859919087,0.11801277313811946,1.2872949128537892,4.0958386110158266e-10,0.9936924899908424,0.021855606835013183,1.0,0.0,0.0,10.0,10.0,1.0,0.0,0.0,3.141592653589793,2.9722687186501343e-06,0.9873849799816847,1.5707963272044805,2.6488686090685682,3.028949185783229,4.930153757151258,0,0.0,0.0
0.0,0.0,0.1,1.0,0.8,1.0,0.36,0.64,0.5310044064107188,5.226203497089203e-32,2.286089127109703e-16,1.1947566990758333e-47,1.1102230246251565e-16,1.1102230246251565e-16,0.20000000000000012,0.20000000000000007,5.551115123125783e-17,1.0,0.5020529649379876,0.5310044064107188,1.0,2.7755575615628914e-17,5.551115123125783e-17,10.0,10.0,0.003908178475084179,0.0,0.0,3.141592653589793,0.6616764505324869,0.004105929875975025,0.0,1.0298478940755194,3.141592653589793,1.777932930982239,0,0.0,0.0
0.0,0.15,0.1,1.0,0.8,0.9909128974780058,0.36581574561407637,0.6341842543859236,0.5268051568995419,0.005834097676036996,0.07638126521626228,0.0004456157618909613,2.220446049250313e-16,2.220446049250313e-16,0.21746372922784923,0.21746372922784923,0.0,1.0,0.5000000319131589,0.5268051568995419,1.0,2.0511370379949767e-14,0.0,5.0,10.0,6.382631772004409e-08,0.0,0.0,3.046121367485941,3.2166230093741537,6.382631772004409e-08,0.0,0.0,3.046121367485941,3.2166230093741537,0,0.0,0.0
0.0,0.3,0.1,1.0,0.8,0.9640305327556117,0.3830204590364087,0.6169795409635913,0.5143343493511944,0.023308702680474868,0.15267187914110075,0.0035585834385693112,3.3306690738754696e-16,3.3306690738754696e-16,0.263102593974725,0.263102593974725,0.0,1.0,0.5000000078756117,0.5143343493511946,1.0,0.0,0.0,8.0,9.0,1.57512233847099e-08,0.0,0.0,2.950780679040473,3.291835999925588,1.57512233847099e-08,0.0,0.0,2.950780679040473,3.291835999925588,0,0.0,0.0
0.0,0.44999999999999996,0.1,1.0,0.8,0.9204696402055796,0.4108994302684291,0.5891005697315709,0.493970236414088,0.05231433991333859,0.22872328240329753,0.011965507541740644,2.220446049250313e-16,1.1102230246251565e-16,0.32605600020267345,0.32605600020267345,0.0,1.0,0.5000000067715973,0.493970236414088,1.0,0.0,0.0,8.0,8.0,1.354319459216779e-08,0.0,0.0,2.855702802460474,3.367416022000397,1.354319459216779e-08,0.0,0.0,2.855702802460474,3.367416022000397,0,0.0,0.0
0.0,0.6,0.1,1.0,0.8,0.8620256629621468,0.4483035757042262,0.5516964242957738,0.46633461703236834,0.09258665503997626,0.3042805531741657,0.028172318612109636,2.220446049250313e-16,0.0,0.399545804802069,0.399545804802069,0.0,1.0,0.49999999628889913,0.46633461703236834,1.0,1.1102230246251565e-16,0.0,9.0,8.0,-7.422201771699771e-09,0.0,0.0,2.7610234939505367,3.4435513739881203,-7.422201771699771e-09,0.0,0.0,2.7610234939505367,3.4435513739881203,0,0.0,0.0
0.0,0.75,0.1,1.0,0.8,0.7910782036595796,0.49370994965786863,0.5062900503421314,0.4322797001822444,0.1436038180994289,0.3789509441859578,0.05441880245748713,3.3306690738754696e-16,0.0,0.480240341398393,0.480240341398393,0.0,1.0,0.5000000054464605,0.4322797001822444,1.0,1.1102230246251565e-16,0.0,9.0,9.0,1.0892921069704546e-08,0.0,0.0,2.6668836515969563,3.520435909551969,1.0892921069704546e-08,0.0,0.0,2.6668836515969563,3.520435909551969,0,0.0,0.0
0.0,0.8999999999999999,0.1,1.0,0.8,0.710466627386082,0.5453013584729077,0.4546986415270923,0.3928692632602162,0.20447915595283125,0.4521937150744482,0.09246418918559825,3.3306690738754696e-16,1.1102230246251565e-16,0.5664386704926511,0.5664386704926511,0.0,1.0,0.5000000017202754,0.3928692632602161,1.0,0.0,0.0,6.0,8.0,3.4405507848461156e-09,0.0,0.0,2.5734314436253998,3.5982711775349556,3.4405507848461156e-09,0.0,0.0,2.5734314436253998,3.5982711775349556,0,0.0,0.0
0.0,1.05,0.1,1.0,0.8,0.6233431727400067,0.6010603694463958,0.39893963055360415,0.34935355235439824,0.2738763067960911,0.5233319279349303,0.14332821565129683,2.220446049250313e-16,1.1102230246251565e-16,0.65700933355681,0.6518660205916221,0.005143312965187885,0.9667304425120283,0.49999998747957186,0.32679962714112143,1.0,2.220446049250313e-16,4.107825191113079e-15,10.0,9.0,-7.273637851928834e-09,0.0,0.0,2.480824200943414,3.677268108454439,-2.5040856241658552e-08,2.8829203160558072,4.597388513087782,1.1854168436649493,0.5275100317870668,0,0.0,0.0
0.0,1.2,0.1,1.0,0.8,0.5330121952129268,0.6588721950637271,0.3411278049362729,0.3031370805016167,0.34997126014574237,0.5915836882012065,0.2070372888414422,2.220446049250313e-16,4.440892098500626e-16,0.7508441841588663,0.6915056793382943,0.05933850482057201,0.5641349892593325,0.3548647180351664,0.12811999608378688,1.0,2.220446049250313e-16,0.004368671885051079,10.0,9.0,-8.56632269670712e-09,0.0,0.0,2.3892306920216817,3.7576490124041975,-0.29027056392966716,2.17018157388307,1.2467222296898486,0.36792817458784244,3.7302439086004164,1,0.0,1.5755396987060521e-10
0.0,1.3499999999999999,0.1,1.0,0.8,0.4427648886427103,0.7166304712686655,0.2833695287313345,0.2557381303947105,0.43047783975623494,0.6561081006634768,0.28243999782017987,2.220446049250313e-16,3.3306690738754696e-16,0.846584121920637,0.6691758924260143,0.17740822949462276,0.49665747129264187,0.7006655087261024,0.11401457540583348,1.0,9.992007221626409e-16,2.063966242582538e-06,10.0,8.0,-6.43441764471992e-08,0.0,0.0,2.2988334874524976,3.839649473721841,0.4013310174522049,1.0510528896887616,4.242288217557041,2.775083015494333,0.7274966402619154,0,0.0,0.0
0.0,1.5,0.1,1.0,0.8,0.3557189637307703,0.7723398632123067,0.22766013678769326,0.20873843877840792,0.5127420780960787,0.7160601078792749,0.36715414775572175,2.220446049250313e-16,2.220446049250313e-16,0.9425172035559723,0.6320627609045095,0.3104544426514628,3.453191567977326e-05,0.2539578591871414,0.0855998726255317,1.0,1.887379141862766e-14,4.370548894327975e-05,8.0,9.0,1.5461321969881765e-07,0.0,0.0,2.209832725082766,3.923519861221487,-0.4920842816257171,1.5708308587105833,0.9699782225524491,0.6551266506772812,4.180957624135538,0,0.0,0.0
0.0,1.65,0.1,1.0,0.8,0.27467230523066444,0.824209724652375,0.17579027534762504,0.16372143710625853,0.5938987070010084,0.7706482381742065,0.45768699220426645,2.220446049250313e-16,6.661338147750939e-16,1.036380997018728,0.5746533069203421,0.461727690098386,8.106749464440086e-07,0.2205186086812707,0.08976794119163556,1.0,0.0,7.447992556031124e-08,10.0,9.0,0.0831886041470605,0.0,0.0,2.3582349066949186,4.045247355378899,-0.5589627826374586,1.570797137469843,0.7274416605504037,0.5687486407356418,4.283379795663761,0,0.0,0.0
0.0,1.7999999999999998,0.1,1.0,0.8,0.20197861794740835,0.8707336845136586,0.12926631548634138,0.12219795563996494,0.6710719900428417,0.8191898376095994,0.5497353545475463,0.0,2.220446049250313e-16,1.1247680315257478,0.512582722156312,0.6121853093694358,5.12134711297372e-06,0.18787030197355015,0.08634262220751399,1.0,6.661338147750939e-16,7.564669779469568e-09,10.0,8.0,0.19588864203183434,0.0,0.0,2.4761789996489907,4.176147443090025,-0.6242593960528997,1.5708014481420096,0.5032025214189328,0.4834486367044797,4.387938596708345,0,0.0,0.0
0.0,1.95,0.1,1.0,0.8,0.13945157879953032,0.9107509895683006,0.08924901043169942,0.08552009581502873,0.7415953642923148,0.8611593141180758,0.6386317552671142,0.0,4.440892098500626e-16,1.2025224259561462,0.44688105605604833,0.7556413699000979,2.6423712483096644e-06,0.15731423775627307,0.0769775223496767,1.0,1.5543122344752192e-15,3.4947561192710808e-06,10.0,8.0,0.3918460699427023,0.0,0.0,2.665074187041912,4.337426320592077,-0.6853715244874539,1.5707936844236483,0.29803322358406464,0.3989043392136585,4.489966365307348,0,0.0,0.0
0.0,2.1,0.1,1.0,0.8,0.08830214137563606,0.9434866295195928,0.056513370480407166,0.054787681946433575,0.8032211468488645,0.8962260578943598,0.7198677220577444,1.1102230246251565e-16,1.1102230246251565e-16,1.2627112580335074,0.37927046210278625,0.8834407959307211,6.150999520224819e-07,0.8700009414147072,0.06420952553204506,1.0,4.218847493575595e-15,1.6590699236651574e-07,10.0,8.0,0.6205545794528893,0.0,0.0,2.8843642100270555,4.549905132722759,0.7400018828294143,1.5707969418948486,3.2525891526393487,2.827374551725866,1.4337712606241189,0,0.0,0.0
0.0,2.25,0.1,1.0,0.8,0.04911151763104715,0.96856862871613,0.03143137128386997,0.030757330275000383,0.8542932657578506,0.9242798633302851,0.789606062918649,2.220446049250313e-16,4.440892098500626e-16,1.306229090624178,0.31294161212477145,0.9932874784994066,4.7289260723374465e-07,0.10739779119226889,0.050590683845298245,1.0,4.440892098500626e-16,1.531266733967307e-07,10.0,4.0,-0.7302933923664733,0.0,0.0,0.5782058687927384,4.286933116723718,-0.7852044176154622,1.5707967996875039,6.223955368972067,0.22844647804834883,4.593569605532169,0,0.0,0.0
0.0,2.4,0.1,1.0,0.8,0.021840130185973715,0.9860223166809768,0.01397768331902316,0.013770105807422994,0.8938620170856911,0.9454427624587811,0.8450953746904741,0.0,6.661338147750939e-16,1.3377487593271453,0.26046853362067146,1.077280225706474,1.9036693838129435e-08,0.10635674114071592,0.03813632069297618,1.0,6.661338147750939e-16,5.7667942985228926e-05,10.0,6.0,-0.7749359006018727,0.0,0.0,0.36643306711793017,4.389030928736455,-0.7872865177185682,1.5707963077582028,6.06912011656385,0.14995375866593885,4.333662344129983,0,0.0,0.0
0.0,2.55,0.1,1.0,0.8,0.005870634497974177,0.9962427939212966,0.0037572060787034456,0.0037163293728277313,0.9217288817146371,0.9600671235463889,0.8849215961574014,0.0,5.551115123125783e-17,1.3591191670214033,0.23986587086994937,1.119253296151454,1.11443609283577e-08,0.873352408232613,0.029725498973562914,1.0,8.881784197001252e-16,3.5721252235054735e-06,10.0,7.0,-0.7940214492711668,0.0,0.0,0.18464299968559722,4.497379146911734,0.7467048164652259,1.5707963379392575,2.805027423783985,3.064064750745403,1.2987867154995294,0,0.0,0.0
0.0,2.6999999999999997,0.1,1.0,0.8,8.109422750500567e-05,0.999948099694397,5.190030560298098e-05,5.141145787523893e-05,0.9384196640297883,0.9687206326025003,0.9090664905855623,2.220446049250313e-16,3.3306690738754696e-16,1.3713495417834585,0.2299074847651918,1.1414420570182666,9.113155287656534e-10,0.12761540042583025,0.02403213169260282,1.0,2.220446049250313e-16,0.00022415748462084606,10.0,3.0,-0.7999220721165151,0.0,0.0,0.02138320368046665,4.611008327865153,-0.7447691991483395,1.570796325883581,5.83689067168188,0.009090269458017284,4.560290732207444,0,0.0,0.0
0.0,2.85,0.1,1.0,0.8,0.00294268200081245,0.9981166835194802,0.0018833164805197589,0.001864215309415329,0.9450937929076376,0.9721593454303865,0.9187817630834102,2.220446049250313e-16,3.3306690738754696e-16,1.3755183609923467,0.22801721306641903,1.1475011479259276,2.4122168094629205e-09,0.879792075352882,0.021100037380814618,1.0,2.220446049250313e-16,2.344379061991475e-07,10.0,6.0,0.7972095368002414,0.0,0.0,3.1197250915415284,2.1653978475820583,0.7595841507057639,1.5707963292071134,2.5981123755487694,3.0868414495851964,4.678807923912433,0,0.0,0.0
0.0,3.0,0.1,1.0,0.8,0.01263497514448374,0.9919136159075306,0.008086384092469423,0.007984723425968565,0.9434050184903697,0.9712903883444794,0.916320226775642,2.220446049250313e-16,2.220446049250313e-16,1.372952309767133,0.23288766651337778,1.1400646432537553,5.338010095227373e-09,0.10124392338133459,0.020530967928541866,1.0,0.0,1.8330679204259237e-06,10.0,8.0,-0.7877397631460459,0.0,0.0,0.26655563691417894,1.711671101618896,-0.7975121532373308,1.5707963214568865,5.655484011038903,0.1136626472462477,1.6540104233592818,0,0.0,0.0
0.0,0.0,0.25,1.0,0.5,1.0,0.7499999999999998,0.2500000000000002,0.18872187554086717,4.0059342843254506e-32,2.0014830212433605e-16,8.017809454294061e-48,2.220446049250313e-16,0.0,0.5,0.5,0.0,1.0,0.4879173478297711,0.18872187554086728,1.0,1.1102230246251565e-16,0.0,10.0,10.0,-0.016750818828863513,0.0,0.0,3.141592653589793,3.1342148063443305,-0.02416530434045784,6.160539365560455e-09,4.171105748674008,3.1415926469668283,1.3385295275651194,0,0.0,0.0
0.0,0.15,0.25,1.0,0.5,0.9909128974780058,0.7522717756304986,0.24772822436950137,0.18708251478345594,0.0023100090929165803,0.0480625539574894,0.00011102493667059428,1.1102230246251565e-16,2.220446049250313e-16,0.5045334169117376,0.5045334169117376,0.0,1.0,0.49999995307580913,0.18708251478345583,1.0,1.1102230246251565e-16,0.0,3.0,3.0,-9.38483817695169e-08,0.0,0.0,3.0461214117234596,3.2166230747672055,-9.38483817695169e-08,0.0,0.0,3.0461214117234596,3.2166230747672055,0,0.0,0.0
0.0,0.3,0.25,1.0,0.5,0.9640305327556117,0.7589923668110972,0.24100763318890284,0.1822254972210019,0.009592874402901833,0.09794322030085509,0.0009395570109618479,1.1102230246251565e-16,0.0,0.5178346521775229,0.5178346521775229,0.0,1.0,0.5000000222505171,0.1822254972210019,1.0,2.220446049250313e-16,0.0,5.0,6.0,4.4501034218658406e-08,0.0,0.0,2.9507806731546613,3.2918359654021887,4.4501034218658406e-08,0.0,0.0,2.9507806731546613,3.2918359654021887,0,0.0,0.0
0.0,0.44999999999999996,0.25,1.0,0.5,0.9204696402055796,0.7698825899486051,0.23011741005139486,0.17433170965298184,0.02283031837550001,0.15109704952612413,0.0034495937462801062,1.1102230246251565e-16,0.0,0.5391009943106397,0.5391009943106397,0.0,1.0,0.5000000150694067,0.17433170965298195,1.0,1.1102230246251565e-16,0.0,8.0,8.0,3.013881351795927e-08,0.0,0.0,2.855702803633882,3.3674160288564727,3.013881351795927e-08,0.0,0.0,2.855702803633882,3.3674160288564727,0,0.0,0.0
0.0,0.6,0.25,1.0,0.5,0.8620256629621468,0.7844935842594636,0.21550641574053642,0.16369495905307108,0.04341666620894271,0.20836666290206482,0.009046585852290236,2.220446049250313e-16,0.0,0.5672756211398132,0.5672756211398132,0.0,1.0,0.49999997088323006,0.16369495905307108,1.0,3.3306690738754696e-16,0.0,6.0,7.0,-5.8233539924036725e-08,0.0,0.0,2.7610235008273176,3.4435513637853434,-5.8233539924036725e-08,0.0,0.0,2.7610235008273176,3.4435513637853434,0,0.0,0.0
0.0,0.75,0.25,1.0,0.5,0.7910782036595796,0.802230449085105,0.197769550914895,0.15071054524561267,0.0728426750050223,0.2698938217244372,0.019659787941736607,1.1102230246251565e-16,1.1102230246251565e-16,0.6013746012086197,0.6013746012086196,1.1102230246251565e-16,0.9999999999999999,0.4999999981114875,0.15071054524561256,1.0,1.1102230246251565e-16,0.0,7.0,8.0,-3.777024994534744e-09,0.0,0.0,2.6668836637161317,3.5204359360023965,-3.777024994534744e-09,1.512778455860116e-08,3.883233709479947,2.666883658386731,3.5204359170511395,0,0.0,0.0
0.0,0.8999999999999999,0.25,1.0,0.5,0.710466627386082,0.8223833431534797,0.17761665684652028,0.13585945357156326,0.1123370879033203,0.3351672536261863,0.03765171323291935,2.220446049250313e-16,2.220446049250313e-16,0.6408014912577921,0.640801491257792,1.1102230246251565e-16,1.0,0.49999999057315203,0.13585945357156315,1.0,0.0,0.0,6.0,8.0,-1.686387374176587e-08,0.0,0.0,2.5734314562046268,3.598271130263485,-1.8853695913016605e-08,5.819425036319956e-09,5.787216235729003,2.5734314541430803,3.598271150437781,0,0.0,0.0
0.0,1.05,0.25,1.0,0.5,0.6233431727400067,0.8441642068149985,0.15583579318500151,0.11968843462833734,0.16253074296019715,0.40315101756066196,0.06552443440929388,1.1102230246251565e-16,3.3306690738754696e-16,0.6855486241084445,0.6855486241084444,1.1102230246251565e-16,0.9999999999999999,0.5000000043557247,0.11968843462833723,1.0,2.220446049250313e-16,1.1102230246251565e-16,6.0,7.0,-3.6702133173743904e-09,0.0,0.0,2.480824206119053,3.6772680966513036,8.711449286849147e-09,1.3627533581857125e-08,4.2333719937414,2.4808242181401026,3.6772680610944772,0,0.0,0.0
0.0,1.2,0.25,1.0,0.5,0.5330121952129268,0.8667469511967685,0.13325304880323152,0.10278642211527822,0.22320333678430038,0.4724440038610929,0.10545107810553084,2.220446049250313e-16,0.0,0.7361648239478547,0.7361648239478547,0.0,1.0,0.5000000039143792,0.10278642211527822,1.0,2.220446049250313e-16,0.0,10.0,10.0,7.828758270426954e-09,0.0,0.0,2.3892307049316024,3.757649015948091,7.828758270426954e-09,0.0,0.0,2.3892307049316024,3.757649015948091,1,2.220446049250313e-16,0.0
0.0,1.3499999999999999,0.25,1.0,0.5,0.4427648886427103,0.8893087778393225,0.1106912221606775,0.0857579968303771,0.29315746218842514,0.5414401741544722,0.15872722738198403,1.1102230246251565e-16,1.1102230246251565e-16,0.7933925575944154,0.7540455563038346,0.039347001290580774,2.1325438354663687e-07,0.5000000474427997,0.03876358767997268,1.0,2.220446049250313e-16,9.992007221626409e-16,10.0,10.0,3.683182715785436e-09,0.0,0.0,2.2988336389977753,3.8396494950420634,9.488559932179612e-08,1.570796113540513,3.8968478106854256,2.406302995672454,0.868459288236184,0,0.0,0.0
0.0,1.5,0.25,1.0,0.5,0.3557189637307703,0.9110702590673072,0.08892974093269279,0.06919493224381523,0.3702415400751656,0.6084747653561038,0.22528263422231887,2.220446049250313e-16,1.1102230246251565e-16,0.8575206266574248,0.7065217982195074,0.15099882843791734,3.3088020559565335e-06,0.5095588685398531,0.05083101359851672,1.0,1.1102230246251565e-16,5.170836758772168e-09,10.0,9.0,1.8451309231695348e-08,0.0,0.0,2.2098321533344456,3.9235198265477655,0.019117737079706286,1.5707930179928407,3.6711039575326883,2.496773770781942,0.9369575368245187,0,0.0,0.0
0.0,1.65,0.25,1.0,0.5,0.27467230523066444,0.9313319236923341,0.06866807630766592,0.05364722907866948,0.4515173035853207,0.6719503728589789,0.30339722049643697,2.220446049250313e-16,2.220446049250313e-16,0.9277396571998937,0.6637632678220193,0.2639763893778744,9.491836775917216e-06,0.5459975292899408,0.059756649292968644,1.0,2.220446049250313e-16,1.4982256907325464e-06,10.0,6.0,1.8192754288880107e-08,0.0,0.0,2.122444835899438,4.00952635392831,0.09199505857988176,1.5708058186316727,3.4612806141902186,2.585238007192241,1.0125545830109515,0,0.0,0.0
0.0,1.7999999999999998,0.25,1.0,0.5,0.20197861794740835,0.9495053455131479,0.050494654486852086,0.039595406183410065,0.5335434820322796,0.7304406081484515,0.38972182548930073,0.0,0.0,1.001895963771709,0.6270366931424859,0.3748592706292232,2.6225043178641928e-06,0.4184932187624092,0.06327848150001658,1.0,6.661338147750939e-16,1.972736055622093e-06,10.0,8.0,3.001648089540539e-08,0.0,0.0,2.036912680635152,4.0979522777206006,-0.16301356247518167,1.5707989492992145,0.12063975914725801,0.46944631424200084,4.226500742402462,0,0.0,0.0
0.0,1.95,0.25,1.0,0.5,0.13945157879953032,0.9651371053001174,0.034862894699882574,0.027426074635746756,0.6127295526418136,0.7827704341898802,0.47962657796240354,0.0,0.0,1.0768053529854398,0.5961767119838779,0.4806286410015619,2.40708607996022e-07,0.6137281744687988,0.06159083311227853,1.0,0.0,7.987564475397946e-06,10.0,9.0,-3.8512873508386526e-08,0.0,0.0,1.9535023921513175,4.189097459630855,0.22745634893759747,1.5707960860862886,3.080038031845073,2.7568225017116035,1.156463256089982,0,0.0,0.0
0.0,2.1,0.25,1.0,0.5,0.08830214137563606,0.977924464656091,0.022075535343909047,0.017412876496837648,0.6857047090920734,0.8280728887556176,0.5678134792912036,0.0,2.220446049250313e-16,1.1489166312533197,0.5706267573235927,0.578289873929727,6.618897956927802e-08,0.6409152112415213,0.05634280213942888,1.0,1.1324274851176597e-14,2.2037373189620624e-06,10.0,8.0,6.774374323535972e-08,0.0,0.0,1.8725099806711305,4.283277064127934,0.2818304224830425,1.5707963929838762,2.918117893748322,2.838756520586436,1.2304920332391114,0,0.0,0.0
0.0,2.25,0.25,1.0,0.5,0.04911151763104715,0.9877221205922384,0.012277879407761594,0.009704628548044547,0.7496484477624898,0.8658224112151924,0.6490624266054451,2.220446049250313e-16,0.0,1.2149853347708457,0.5501018560202693,0.6648834787505764,1.3402959025393284e-07,0.6625975649121469,0.049379754822179156,1.0,2.220446049250313e-15,1.801249787769521e-06,10.0,8.0,4.330824726368216e-07,0.0,0.0,1.794263672166248,4.380818314392572,0.325195129824294,1.5707964608244869,2.7765426380208442,2.9175896471036187,1.3095230766743073,0,0.0,0.0
0.0,2.4,0.25,1.0,0.5,0.021840130185973715,0.9945399674535067,0.005460032546493299,0.0043219401992947715,0.8025393432966619,0.895845602376136,0.7189513414261467,1.1102230246251565e-16,1.1102230246251565e-16,1.2691398076297866,0.534602464588841,0.7345373430409456,8.453874184594434e-08,0.6793210522686548,0.04211457797250495,1.0,4.218847493575595e-15,2.3525733590101794e-06,10.0,9.0,0.3561788032241631,0.0,0.0,2.5652223263282914,4.8466626128842325,0.35864210453730955,1.5707962422561548,2.653507480871247,2.993045403512153,1.39557938629093,0,0.0,0.0
0.0,2.55,0.25,1.0,0.5,0.005870634497974177,0.9985323413755065,0.0014676586244934953,0.0011627275132249926,0.8432950242782997,0.9183109627344649,0.7744070656141894,0.0,2.220446049250313e-16,1.305081584974223,0.5241427045295903,0.7809388804446327,6.266344915756634e-08,0.30796788146108045,0.03546597476235569,1.0,2.220446049250313e-16,5.071458808458829e-10,9.0,10.0,0.4714120024810451,0.0,0.0,2.9058735949521854,5.09477924332351,-0.38406423707783915,1.5707962641314475,5.688411875035369,0.07677279044312378,4.630864289836641,0,0.0,0.0
0.0,2.6999999999999997,0.25,1.0,0.5,8.109422750500567e-05,0.9999797264431236,2.0273556876393428e-05,1.6066344111664854e-05,0.8717954854751891,0.9336998904761579,0.813995349305793,1.1102230246251565e-16,1.1102230246251565e-16,1.3266226718943686,0.5185356304901321,0.8080870414042365,2.5925467900610307e-10,0.29836684561160803,0.029963679244639274,1.0,0.0,3.970046513757097e-11,10.0,6.0,-0.4996729155748905,0.0,0.0,0.04055046512261021,4.379392533296938,-0.40326630877678393,1.570796326535642,5.596257048754963,0.009008980915509193,4.7325059753205245,0,0.0,0.0
0.0,2.85,0.25,1.0,0.5,0.00294268200081245,0.9992643294997969,0.0007356705002030672,0.0005829134778109202,0.8887999740584581,0.9427618861931458,0.837926739991771,0.0,1.1102230246251565e-16,1.3366303648730833,0.5173185956770064,0.8193117691960768,2.723756392080868e-08,0.29116524048352277,0.0258231510329745,1.0,0.0,1.751792488846604e-09,10.0,6.0,-0.4895140470032013,0.0,0.0,0.23248555977056984,1.3685573644002738,-0.4176695190329545,1.5707963540324605,5.517381640943919,0.05429089235523666,1.6990073074946797,0,0.0,0.0
0.0,3.0,0.25,1.0,0.5,0.01263497514448374,0.9968412562138792,0.003158743786120799,0.002501558646410107,0.8957816782614606,0.9464574360537619,0.8478192304712779,1.1102230246251565e-16,0.0,1.3373654951291452,0.5197774080016233,0.8175880871275218,6.422283266877343e-08,0.28583838299159275,0.022983753008106733,1.0,0.0,7.1872881178824954e-06,10.0,8.0,0.45847561937199827,0.0,0.0,2.8822392489375797,2.2828768052253596,-0.4283232340168145,1.570796262572064,5.450941819392766,0.11268806358013712,1.8146878935041801,0,0.0,0.0
0.0,0.0,0.4,1.0,0.19999999999999996,1.0,0.9599999999999999,0.04000000000000015,0.02904940554533142,3.0075322011551074e-32,1.7342238036525468e-16,5.215733933494727e-48,1.1102230246251565e-16,0.0,0.8,0.7999999999999998,2.220446049250313e-16,1.0,0.36958854863934865,0.02904940554533142,1.0,0.0,1.1102230246251565e-16,10.0,10.0,0.0,0.0,0.0,3.141592653589793,0.0,-0.2608229027213027,0.0,0.03871971553372421,3.141592653589793,5.015843307090576,0,0.0,0.0
0.0,0.15,0.4,1.0,0.19999999999999996,0.9909128974780058,0.9603634841008799,0.039636515899120095,0.028787191303975446,0.0004124229327748188,0.0203081986590347,8.375566850332735e-06,1.1102230246251565e-16,0.0,0.8011376712225058,0.8011376712225058,0.0,1.0,0.5000000041975925,0.028787191303975446,1.0,3.3306690738754696e-16,0.0,9.0,7.0,8.395184959568364e-09,0.0,0.0,3.046121367231428,3.2166231415656585,8.395184959568364e-09,0.0,0.0,3.046121367231428,3.2166231415656585,0,0.0,0.0
0.0,0.3,0.4,1.0,0.19999999999999996,0.9640305327556117,0.9614387786897757,0.038561221310224325,0.02801129708664485,0.0022074284072855807,0.04698327795381651,0.0001037122224226489,1.1102230246251565e-16,0.0,0.8045245741817699,0.8045245741817699,0.0,1.0,0.5000000846285158,0.028011297086644737,1.0,2.886579864025407e-15,0.0,5.0,7.0,1.6925703158971355e-07,0.0,0.0,2.9507806754067274,3.2918360560611726,1.6925703158971355e-07,0.0,0.0,2.9507806754067274,3.2918360560611726,0,0.0,0.0
0.0,0.44999999999999996,0.4,1.0,0.19999999999999996,0.9204696402055796,0.9631812143917768,0.03681878560822316,0.026753426193112606,0.006954306778202308,0.08339248634141033,0.0005799369330152133,0.0,0.0,0.8100839934277276,0.8100839934277275,1.1102230246251565e-16,0.9999999999999997,0.5000000965529801,0.026753426193112495,1.0,4.440892098500626e-16,0.0,7.0,8.0,1.9310596007890548e-07,0.0,0.0,2.855702780768647,3.3674160260565014,1.9310596007890548e-07,2.690081958622128e-08,2.5416659058768882,2.855702800458886,3.367416027387624,0,0.0,0.0
0.0,0.6,0.4,1.0,0.19999999999999996,0.8620256629621468,0.9655189734815143,0.034481026518485725,0.025064637672125745,0.016940518376847725,0.13015574661476811,0.002204905817379815,1.1102230246251565e-16,0.0,0.8176954963153737,0.8176954963153735,2.220446049250313e-16,0.9999999999999999,0.500000003246872,0.025064637672125523,1.0,0.0,0.0,5.0,9.0,-2.084510374702322e-07,0.0,0.0,2.761023483337863,3.4435513169406056,6.493743939095634e-09,1.550039316216257e-08,4.799926459457306,2.761023478182057,3.4435513551721617,0,0.0,0.0
0.0,0.75,0.4,1.0,0.19999999999999996,0.7910782036595796,0.9683568718536169,0.03164312814638315,0.02301277240109334,0.034740521031111055,0.186388092514278,0.006475219447940946,0.0,1.1102230246251565e-16,0.8272188650266135,0.8272188650266135,0.0,0.9999999999999997,0.5000000227450677,0.023012772401093007,1.0,2.220446049250313e-16,0.0,8.0,9.0,4.549013540687739e-08,0.0,0.0,2.6668836607282405,3.520435984570624,4.549013540687739e-08,2.3964402290815575e-08,3.846892539610089,2.6668837055530568,3.5204359563745458,0,0.0,0.0
0.0,0.8999999999999999,0.4,1.0,0.19999999999999996,0.710466627386082,0.9715813349045567,0.02841866509544333,0.02067903775878932,0.06272212818435283,0.25044386234114985,0.01570837203674601,1.1102230246251565e-16,2.220446049250313e-16,0.8385677438543161,0.8385677438543161,0.0,0.9999999999999996,0.5000000001629636,0.02067903775878943,1.0,3.3306690738754696e-16,0.0,5.0,8.0,3.2592728163432465e-10,0.0,0.0,2.573431446441338,3.598271199904161,3.2592728163432465e-10,2.9457790209265208e-08,2.5848251755631537,2.5734314783362917,3.5982711730519465,0,0.0,0.0
0.0,1.05,0.4,1.0,0.19999999999999996,0.6233431727400067,0.9750662730904,0.02493372690960005,0.018153930915551397,0.10257543935625421,0.3202740066821755,0.032852246949812036,2.220446049250313e-16,2.220446049250313e-16,0.8518793434791045,0.8518793434791045,0.0,1.0,0.5000000620489061,0.018153930915551175,1.0,2.220446049250313e-16,0.0,10.0,10.0,1.2409781214302962e-07,0.0,0.0,2.480824171792046,3.677268106195149,1.2409781214302962e-07,0.0,0.0,2.480824171792046,3.677268106195149,0,0.0,0.0
0.0,1.2,0.4,1.0,0.19999999999999996,0.5330121952129268,0.9786795121914829,0.02132048780851714,0.015532719867892397,0.15494368574352393,0.3936288680261192,0.06099030762701808,1.1102230246251565e-16,0.0,0.8677893854364782,0.8606138297394199,0.0071755556970583,4.220003271883565e-07,0.5000000708398263,0.014623215979431836,1.0,0.0,1.7763568394002505e-15,10.0,10.0,4.035001204208346e-08,0.0,0.0,2.389230700202931,3.757649030261807,1.4167965257746682e-07,1.5707959047945694,3.654468254919194,2.26036716613171,1.108920852903314,0,0.0,0.0
0.0,1.3499999999999999,0.4,1.0,0.19999999999999996,0.4427648886427103,0.9822894044542916,0.01771059554570842,0.012910730241228241,0.21921572042114304,0.4682047847055208,0.10263784918384693,0.0,0.0,0.8877051992831042,0.8135895407455618,0.07411565853754243,2.6717157987667815e-09,0.5000000240280422,0.02699092851932161,1.0,2.220446049250313e-16,3.3306690738754696e-16,10.0,9.0,3.1957083497944553e-09,0.0,0.0,2.2988336509657508,3.8396494752133377,4.805608448762668e-08,1.5707963241231808,0.40651409489138346,0.8079654902204149,4.390579593440463,0,0.0,0.0
0.0,1.5,0.4,1.0,0.19999999999999996,0.3557189637307703,0.9857712414507691,0.014228758549230891,0.010378701776800003,0.29351048114082773,0.5417660760335845,0.15901402164239561,1.1102230246251565e-16,1.1102230246251565e-16,0.9137989035750258,0.769729957385521,0.14406894618950483,3.057276238300009e-08,0.4999999956149761,0.04347761089985758,1.0,3.3306690738754696e-16,5.551115123125783e-16,10.0,9.0,2.4900325032216666e-10,0.0,0.0,2.2098321333950546,3.9235197752342446,-8.770047768712235e-09,1.5707962962221342,3.4384165913869964,2.407663031098689,1.3847143864645115,0,0.0,0.0
0.0,1.65,0.4,1.0,0.19999999999999996,0.27467230523066444,0.9890131077907736,0.01098689220922644,0.008018478836497533,0.37485039405379633,0.6122502707666173,0.22950225525640994,1.1102230246251565e-16,1.1102230246251565e-16,0.9483482175015086,0.7367779946250327,0.21157022287647587,7.186551966333761e-10,0.4999999904158,0.0614361583365316,1.0,1.2212453270876722e-15,3.3306690738754696e-16,10.0,10.0,-2.489937585470467e-08,0.0,0.0,2.122444839150874,4.009526395639285,-1.9168399951882975e-08,1.5707963260762414,3.3101104312663248,2.4846584048711464,1.5148582150839485,0,0.0,0.0
0.0,1.7999999999999998,0.4,1.0,0.19999999999999996,0.20197861794740835,0.9919208552821037,0.00807914471789628,0.0058992825411755545,0.4594896700265923,0.6778566736608796,0.31146813930576106,0.0,0.0,0.9923819212899705,0.7203571038833989,0.2720248174065716,5.0890929860805e-09,0.500000011507864,0.0752339986462911,1.0,0.0,3.3306690738754696e-16,10.0,10.0,-7.947377768858704e-09,0.0,0.0,2.0369126615548314,4.097952221499144,2.3015728096925985e-08,1.5707963217058036,3.1403914547000613,2.5677557207369994,1.6352014101016883,0,0.0,0.0
0.0,1.95,0.4,1.0,0.19999999999999996,0.13945157879953032,0.9944219368480185,0.005578063151981505,0.004074777946655006,0.5433402694453902,0.7371161844956263,0.40050490629641156,3.3306690738754696e-16,2.220446049250313e-16,1.0444740969306705,0.7196919212633521,0.3247821756673184,1.635472707432127e-09,0.4999999893759189,0.0776013780653193,1.0,2.220446049250313e-16,4.440892098500626e-16,10.0,10.0,-3.51800008386708e-08,0.0,0.0,1.9535023972752479,4.189097437889378,-2.12481622464085e-08,1.570796325159424,2.9195682427377485,2.6601570852552516,1.7386269835436738,0,0.0,0.0
0.0,2.1,0.4,1.0,0.19999999999999996,0.08830214137563606,0.9964679143449743,0.0035320856550257185,0.0025810992896571072,0.6224266272230322,0.7889401924246426,0.4910573830515603,3.3306690738754696e-16,0.0,1.1008454640842162,0.7275890586852863,0.3732564053989299,9.671045573775975e-10,0.5000000107029303,0.06857563353448493,1.0,6.661338147750939e-16,3.3306690738754696e-16,10.0,10.0,-6.68076624156347e-09,0.0,0.0,1.8725098538172775,4.283277006500399,2.140586064253088e-08,1.5707963277620012,2.6936268597464346,2.7594688357535104,1.8267111635115771,0,0.0,0.0
0.0,2.25,0.4,1.0,0.19999999999999996,0.04911151763104715,0.9980355392947583,0.0019644607052416996,0.0014359329806563625,0.6933012380726798,0.8326471269827812,0.577275284014822,2.220446049250313e-16,0.0,1.1567050384963018,0.7374766687743464,0.41922836972195543,4.083962662323261e-09,0.5000055833806912,0.05586213383414085,1.0,4.440892098500626e-16,9.2148511043888e-15,10.0,10.0,-1.3418625960288808e-08,0.0,0.0,1.7942627043664776,4.380817877125064,1.1166761382423725e-05,1.5707963308788593,2.50724345641572,2.859499410976071,1.9087041707544312,0,0.0,0.0
0.0,2.4,0.4,1.0,0.19999999999999996,0.021840130185973715,0.9991263947925612,0.0008736052074388434,0.0006386865386363016,0.7533655958717999,0.8679663564169984,0.653895991298767,1.1102230246251565e-16,0.0,1.2076950676052711,0.7467801977264718,0.46091486987879937,1.447890746758905e-08,0.5217433382594266,0.04641480616646931,1.0,1.1102230246251565e-15,1.0024322671942087e-07,10.0,8.0,-3.544995546799545e-08,0.0,0.0,1.7191236061910102,4.482053281594446,0.04348667651885339,1.5707963123159892,2.382617829727201,2.954635814722273,2.0005941640528753,0,0.0,0.0
0.0,2.55,0.4,1.0,0.19999999999999996,0.005870634497974177,0.9997651746200809,0.00023482537991914576,0.0001716980905324128,0.8010614087356563,0.8950203398446631,0.7169662542830316,2.220446049250313e-16,2.220446049250313e-16,1.2507139475181965,0.7549044923305616,0.495809455187635,9.70294004315493e-07,0.4618950243926281,0.03836210956968389,1.0,1.3322676295501878e-15,6.520981155055949e-08,10.0,6.0,2.831167278894815e-08,0.0,0.0,1.6474915798889331,4.587312978118394,-0.07620995121474383,1.5707953565008923,5.426077952578504,0.09593631348089171,5.233400671403938,0,0.0,0.0
0.0,2.6999999999999997,0.4,1.0,0.19999999999999996,8.109422750500567e-05,0.9999967562308997,3.243769100325089e-06,2.371852777516281e-06,0.8359209277919437,0.9142871145280042,0.7642717330444684,1.1102230246251565e-16,2.220446049250313e-16,1.2841386129260979,0.7619267922704195,0.5222118206556784,3.135741949603853e-09,0.549487583363888,0.032117061333351904,1.0,3.9968028886505635e-15,4.068186898464887e-10,10.0,5.0,4.101197852279429e-08,0.0,0.0,1.5798016469725946,4.696908799675952,0.09897516672777608,1.5707963236591547,2.2083466028042333,3.1304274352074435,2.1881113391821616,0,0.0,0.0
0.0,2.85,0.4,1.0,0.19999999999999996,0.00294268200081245,0.9998822927199676,0.00011770728003235309,8.606618194573201e-05,0.858487917755054,0.926546230770518,0.7954287443579757,1.1102230246251565e-16,0.0,1.297802992291313,0.7681753991433717,0.5296275931479413,2.0534662246683e-09,0.443432604047541,0.027625478170228313,1.0,1.5543122344752192e-15,7.876408014695357e-07,10.0,7.0,7.500797076610468e-08,0.0,0.0,1.6250695895794507,1.669524836428214,-0.11313479190491804,1.5707963288483628,5.29193330037978,0.06670380113092143,2.2906482864560895,0,0.0,0.0
0.0,3.0,0.4,1.0,0.19999999999999996,0.01263497514448374,0.9994946009942207,0.0005053990057792834,0.0003695170909582268,0.8701383412151247,0.9328120610364795,0.811675539455744,1.1102230246251565e-16,1.1102230246251565e-16,1.3020943880706939,0.7738946820070995,0.5281997060635943,1.3546410721102729e-08,0.560089618930793,0.024650974798051672,1.0,4.440892098500626e-15,0.0009790782609926385,10.0,6.0,-2.2016554095917668e-08,0.0,0.0,1.6834397356702295,1.788561006001094,0.1201792378615861,1.570796313248486,2.107472193578731,3.0038277843247947,5.546692437586881,1,1.3322676295501878e-15,4.474198789239381e-14
0.0,0.0,0.5,1.0,0.0,1.0,0.9999999999999998,2.220446049250313e-16,0.0,2.465190328815662e-32,1.5700924586837752e-16,3.8705767444936473e-48,2.220446049250313e-16,0.0,0.9999999999999996,0.9999999999999994,1.1102230246251565e-16,0.934917912499996,0.412529181390141,1.1102230246251565e-16,1.0,0.0,1.1102230246251565e-16,10.0,10.0,0.1596688722806774,0.0,0.0,1.5202033434774216,2.474298040499207,-0.174941637219718,2.778823999791488,5.338594359445521,2.9366321717834127,6.219483590111933,0,0.0,0.0
0.0,0.15,0.5,1.0,0.0,0.9909128974780058,1.0,0.0,-2.220446049250313e-16,5.097794989067519e-05,0.007139884445190635,3.639766714721394e-07,0.0,2.220446049250313e-16,1.0000000000000662,0.9999490233495674,5.0976650498801845e-05,1.4140060771917907e-10,0.4977294873915499,1.874507216115262e-09,1.0,0.0,0.0,10.0,10.0,0.00030758541595982125,0.0,0.0,2.820430933288136,2.011575732494144,-0.0045410252169002276,1.5707963269362972,6.283184134898552,1.4755922058361637,3.2915926563560443,0,0.0,0.0
0.0,0.3,0.5,1.0,0.0,0.9640305327556117,1.0,0.0,-1.1102230246251565e-16,0.0008006767890729579,0.02829623277174822,2.2656136798544367e-05,0.0,1.1102230246251565e-16,1.00000000025665,0.9991996440736309,0.0008003561830191019,8.012977468344806e-13,0.500111110220804,4.620736447913387e-07,1.0,0.0,9.992007221626409e-16,10.0,10.0,-1.384534658043149e-06,0.0,0.0,2.9232266446966397,3.9756561187431605,0.00022222044160806042,1.570796326795698,3.141592623821103,1.7595232609370166,0.3000000950941506,0,0.0,0.0
0.0,0.44999999999999996,0.5,1.0,0.0,0.9204696402055796,1.0,0.0,0.0,0.003930304569193226,0.06269214120759656,0.0002463992090407237,0.0,0.0,1.0000000303567516,0.9960774571576598,0.003922573199091728,3.078659365756887e-08,0.5000227508601858,1.1099100830413988e-05,1.0,0.0,2.220446049250313e-16,10.0,10.0,-7.379856787991679e-06,0.0,0.0,0.30813286944441,0.9000002665972586,4.5501720371583996e-05,1.5707963575814903,3.1415926125901126,1.8499026128456184,0.4500000438115251,0,0.0,0.0
0.0,0.6,0.5,1.0,0.0,0.8620256629621468,1.0,0.0,0.0,0.011897442599305827,0.10907539868964874,0.001297718294906494,0.0,0.0,1.0000008421538191,0.988174395855149,0.011826446298670135,4.1803263134580137e-08,0.5000000230955365,0.00010089367172572139,1.0,0.0,2.55351295663786e-15,10.0,10.0,-3.3752384388282138e-06,0.0,0.0,0.4339145230602678,1.1999941447046105,4.619107294612679e-08,1.5707962849916335,3.1415927617826984,1.9360692507185284,0.6000000779206958,0,0.0,0.0
0.0,0.75,0.5,1.0,0.0,0.7910782036595796,1.0,0.0,0.0,0.027482967893223208,0.16577987782967873,0.004556123059735526,0.0,0.0,1.000010386704215,0.9729079881405152,0.02710239856369978,3.8909810645523016e-08,0.4999994832083635,0.0005299345092173446,1.0,0.0,0.0,10.0,10.0,3.684369703858131e-15,0.0,0.0,0.5794984134133656,1.4998730357156644,-1.033583272968351e-06,1.5707963657047073,3.141592652646937,2.0174313031063162,0.7500000000511245,0,0.0,0.0
0.0,0.8999999999999999,0.5,1.0,0.0,0.710466627386082,1.0,0.0,0.0,0.05327165966645426,0.23080654164571301,0.012295447535341725,0.0,0.0,1.0000757897435322,0.9482464110817299,0.05182937866180226,3.33333310381302e-09,0.49999992252802705,0.0019389071438993266,1.0,0.0,1.2212453270876722e-15,10.0,10.0,1.2691342234658355e-06,0.0,0.0,0.7478987883592614,1.7999838341648386,-1.5494394592999183e-07,1.5707963301282297,3.1415926518406283,2.0938822328499898,0.8999999821239588,0,0.0,0.0
0.0,1.05,0.5,1.0,0.0,0.6233431727400067,1.0000000000000002,-2.220446049250313e-16,-1.1102230246251565e-16,0.09115538152693177,0.30191949510909655,0.027521586767088307,2.220446049250313e-16,1.1102230246251565e-16,1.0003815256707949,0.9135131961260606,0.08686832954473422,3.335752579141849e-08,0.4999999233299126,0.005454396986243171,1.0,0.0,2.220446049250313e-16,10.0,10.0,-3.40914312610844e-07,0.0,0.0,0.936824854427242,2.1000002055163693,-1.5334017476402522e-07,1.5707963601524224,3.1415926246574353,2.1657603837984025,1.0499999777528135,0,0.0,0.0
0.0,1.2,0.5,1.0,0.0,0.5330121952129268,1.0,0.0,0.0,0.1419418474500427,0.3767517053047573,0.05347683308091131,0.0,0.0,1.0014539089690142,0.8701620346271018,0.13129187434191236,3.237535899907807e-08,0.49999988666652473,0.01250663307507116,1.0,2.220446049250313e-16,0.0,10.0,10.0,-1.3476421148555869e-08,0.0,0.0,1.136347490904869,2.4000001936531983,-2.2666695049011958e-07,1.5707963591702556,3.1415926119797652,2.233791300287268,1.200000025791878,0,0.0,0.0
0.0,1.3499999999999999,0.5,1.0,0.0,0.4427648886427103,0.9999999999999999,1.1102230246251565e-16,-1.1102230246251565e-16,0.20513157913213695,0.4529145384420078,0.09290707448251201,1.1102230246251565e-16,1.1102230246251565e-16,1.0044539256546683,0.8223790070245325,0.1820749186301358,6.049014748177263e-16,0.49999999400275985,0.02426341358407036,1.0,0.0,2.220446049250313e-16,10.0,10.0,8.260525026214447e-09,0.0,0.0,1.329973529589414,2.700000060881702,-1.199448029099756e-08,1.5707963267948972,3.141592659210487,2.299040957773132,1.3500000292818057,0,0.0,0.0
0.0,1.5,0.5,1.0,0.0,0.3557189637307703,0.9999999999999998,2.220446049250313e-16,0.0,0.27889504134381093,0.5281051423190376,0.14728590550094717,2.220446049250313e-16,0.0,1.0114106946974162,0.7772508118441515,0.23415988285326472,2.0048734833241e-08,0.4999999992502242,0.04084685972928148,1.0,0.0,0.0,10.0,10.0,9.15642995392398e-08,0.0,0.0,0.8429224646643388,1.9438084244737022,-1.4995515558081102e-09,1.5707963468436315,3.1415926600530244,2.3628976144784315,1.4999999761433749,0,0.0,0.0
0.0,1.65,0.5,1.0,0.0,0.27467230523066444,1.0,0.0,-1.1102230246251565e-16,0.3602471731906488,0.600205942315343,0.21622249405133193,0.0,1.1102230246251565e-16,1.0250674186106634,0.7439716820817656,0.28109573652889785,3.3333327821884904e-09,0.5000000023629638,0.060748054818006936,1.0,0.0,4.107825191113079e-15,10.0,10.0,6.666675538922544e-09,0.0,0.0,1.9521989054294313,3.701444326629433,4.725927756766087e-09,1.5707963234615638,3.141592664207472,2.427090520114672,1.650000021504023,0,0.0,0.0
0.0,1.7999999999999998,0.5,1.0,0.0,0.20197861794740835,1.0,0.0,0.0,0.445384182025509,0.6673710976851702,0.2972365304499756,0.0,0.0,1.0479436690016621,0.7314296310857029,0.3165140379159592,3.490990658234015e-08,0.49999998477264374,0.08088413398775929,1.0,0.0,0.0,10.0,10.0,1.0000003031480292e-08,0.0,0.0,1.7410710189190888,3.5999866261993576,-3.0454712554624116e-08,1.57079629188499,0.0,0.6478472538530379,4.941592671368517,0,0.0,0.0
0.0,1.95,0.5,1.0,0.0,0.13945157879953032,1.0,0.0,0.0,0.5301232631222619,0.7280956414663268,0.3859804373192256,0.0,0.0,1.0807273527411112,0.7444847868149868,0.33624256592612445,6.66666683541227e-09,0.5000000033333339,0.09746942306709894,1.0,0.0,1.3322676295501878e-15,10.0,10.0,3.372188109008576e-08,0.0,0.0,1.7786750097218509,0.048531208153853415,6.666667776442782e-09,1.5707963201282298,6.35894541881822e-09,0.5761246310877514,5.091592650247224,0,0.0,0.0
0.0,2.1,0.5,1.0,0.0,0.08830214137563606,0.9999999999999996,4.440892098500626e-16,0.0,0.6103736592479767,0.7812641417907114,0.47686305306402665,4.440892098500626e-16,0.0,1.1211977209146777,0.7813864872576708,0.33981123365700694,1.2403698451509471e-08,0.500000000974579,0.10740199094524994,1.0,0.0,2.220446049250313e-16,10.0,10.0,-1.6151298642469857e-08,0.0,0.0,1.4816621487731112,3.504944160342288,1.9491579099495266e-09,1.570796339198595,1.8915473987135556e-07,0.49616870297800947,5.241592646914444,0,0.0,0.0
0.0,2.25,0.5,1.0,0.0,0.04911151763104715,1.0,0.0,2.220446049250313e-16,0.6825684362270017,0.8261770005434681,0.5639223433076698,0.0,2.220446049250313e-16,1.1648640809870274,0.826177000543468,0.33868708044355944,8.025615000180966e-09,0.49999999968232195,0.08327077520022452,1.0,4.440892098500626e-16,2.220446049250313e-16,10.0,10.0,-4.12612173072062e-09,0.0,0.0,1.8333405089961594,4.499999625018953,-6.353561032719176e-10,1.5707963348205116,2.541755149317866,2.7373325234325927,2.250000003359376,0,0.0,0.0
0.0,2.4,0.5,1.0,0.0,0.021840130185973715,1.0000000000000002,-2.220446049250313e-16,0.0,0.7439991677908737,0.8625538637041015,0.6417393567706542,2.220446049250313e-16,0.0,1.2067413423832511,0.8625538637041016,0.34418747867914956,6.056267548740989e-09,0.5000000020988427,0.06272239039768113,1.0,0.0,1.1102230246251565e-16,10.0,10.0,-1.5226433666432754e-15,0.0,0.0,1.6212483852178956,4.136898842003995,4.197685289640691e-09,1.570796320738629,2.3186429376438262,2.845188119621716,2.3999999769989317,0,0.0,0.0
0.0,2.55,0.5,1.0,0.0,0.005870634497974177,0.9999999999999996,4.440892098500626e-16,0.0,0.7930169105370574,0.8905149692942042,0.7061934297366923,4.440892098500626e-16,0.0,1.2428209655983329,0.8905149692942038,0.35230599630412907,7.236873039547577e-09,0.4999999822876829,0.04810634585422213,1.0,0.0,1.2212453270876722e-15,10.0,10.0,2.6900219755096576e-08,0.0,0.0,1.709761440641002,5.079828900486812,-3.5424634188420425e-08,1.5707963340317697,4.101372664434383,2.9723734429087796,2.5500001162347887,0,0.0,0.0
0.0,2.6999999999999997,0.5,1.0,0.0,8.109422750500567e-05,0.9999999999999998,2.220446049250313e-16,0.0,0.8290876787094207,0.9105425188915786,0.7549195833540477,2.220446049250313e-16,0.0,1.2706788349498503,0.9105425188915788,0.36013631605827157,3.333330783787046e-09,0.4999999605809955,0.038244995148673855,1.0,2.220446049250313e-16,7.771561172376096e-16,10.0,10.0,1.9672282708891402e-08,0.0,0.0,1.590491487920198,5.400004785530829,-7.883800896667439e-08,1.5707963234615658,4.190361025155131,3.1198084084996793,2.6999994140324137,0,0.0,0.0
0.0,2.85,0.5,1.0,0.0,0.00294268200081245,1.0000000000000002,-2.220446049250313e-16,0.0,0.8527141927448817,0.923425250220548,0.7874178168020549,2.220446049250313e-16,0.0,1.2894618458126457,0.9234252502205482,0.36603659559209745,3.3333344360806495e-09,0.499999956786252,0.032162417543617816,1.0,0.0,0.0,10.0,10.0,-8.16827502157511e-09,0.0,0.0,1.4894186507822371,5.028769206298193,-8.642749607915749e-08,1.570796330128231,5.179229138151887,0.14182347785835125,2.8500000924304287,0,0.0,0.0
0.0,3.0,0.5,1.0,0.0,0.01263497514448374,1.0,0.0,0.0,0.8652538960634419,0.9301902472416285,0.8048507355060354,0.0,0.0,1.29959015828694,0.9301902472416279,0.3693999110453121,3.8285686989269494e-16,0.5000000198880556,0.029048543866571963,1.0,2.220446049250313e-16,1.1102230246251565e-16,10.0,10.0,-3.3333338897566086e-09,0.0,0.0,1.8224383742995927,2.355237605237405,3.9776111398329794e-08,1.570796326794897,1.1326706930506063,0.3112164335121581,3.000000122957277,0,0.0,0.0
0.39269908169872414,0.0,0.0,1.0,1.0,0.8535533905932737,0.14644660940672646,0.8535533905932735,0.8916186018581327,0.14644660940672646,0.38268343236509006,0.05604269114599576,1.942890293094024e-16,2.220446049250313e-16,0.41237802149660346,0.4090554421681817,0.003322579328421782,0.9977573695599725,0.5019956226429076,0.8808474410638687,1.0,0.0,2.3334424392729147e-09,9.0,10.0,-0.014704197937541337,0.0,0.0,2.443309630704418,0.0,0.0039912452858152925,0.06698461276386913,3.1415278623980036,3.136213371016746,3.1415925066570995,0,0.0,0.0
0.39269908169872414,0.15,0.0,1.0,1.0,0.909508746416109,0.09049125358389094,0.909508746416109,0.9337024136323334,0.09049125358389093,0.3008176417431181,0.027221365501484556,4.163336342344337e-17,1.1102230246251565e-16,0.31505555303078076,0.3140140965140726,0.0010414565167081724,0.9995467078917138,0.5004190899788479,0.93090182457819,1.0,4.440892098500626e-16,1.0869116712219906e-07,7.0,10.0,-0.006389748809575894,0.0,0.0,2.576633015374451,0.17052461852191741,0.0008381799576956543,0.03011067445438017,3.2031667073892414,3.140158967676144,3.3121172750324788,0,0.0,0.0
0.39269908169872414,0.3,0.0,1.0,1.0,0.9512078814046105,0.04879211859538938,0.9512078814046107,0.964511974452086,0.048792118595389386,0.22088938090227286,0.010777660869445838,7.632783294297951e-17,0.0,0.22643749815090997,0.2262007988122972,0.00023669933861275583,0.9999356936073313,0.4999388788606372,0.9640102748751538,1.0,0.0,1.4285794769364202e-12,7.0,10.0,-0.0020700873828013214,0.0,0.0,2.7157765584116365,0.4124424217306324,-0.00012224227872564448,0.011340818480100096,0.33732701968143824,2.695858752057301,0.4124424212847541,0,0.0,0.0
0.39269908169872414,0.44999999999999996,0.0,1.0,1.0,0.9769762116659033,0.02302378833409655,0.9769762116659034,0.9833275226711761,0.023023788334096545,0.1517359164275108,0.003493535622507171,1.3530843112619095e-16,1.1102230246251565e-16,0.15350991577779832,0.15347180661399926,3.810916379906604e-05,0.999993614354633,0.5000092766048593,0.9832659994350148,1.0,0.0,2.554971198498457e-08,6.0,9.0,-0.0004954117375577055,0.0,0.0,2.843622860426746,0.8253242959913062,1.8553209718649968e-05,0.0035736961715075125,4.267565465356704,3.141592647261683,3.9724164940429763,0,0.0,0.0
0.39269908169872414,0.6,0.0,1.0,1.0,0.9857705961811111,0.01422940381888908,0.985770596181111,0.9897111726346637,0.01422940381888908,0.11928706475929853,0.0016973838148300314,1.491862189340054e-16,2.220446049250313e-16,0.1201442566338598,0.12013258576843375,1.1670865426055554e-05,0.9999985168890377,0.5000024295203918,0.9896952205389324,1.0,0.0,1.104828728504259e-11,7.0,9.0,-0.0001941192671333746,0.0,0.0,2.9057497576347724,1.5643857192584216,4.8590407835114036e-06,0.0017222725271397454,6.035114124134195,3.1415891733043435,1.5613910422995643,0,0.0,0.0
0.39269908169872414,0.75,0.0,1.0,1.0,0.9772336228368287,0.02276637716317152,0.9772336228368285,0.9835146424470248,0.02276637716317152,0.1508853112903026,0.0034351119052175713,2.0469737016526324e-16,3.3306690738754696e-16,0.1526293738995049,0.15259229967149351,3.70742280113856e-05,0.9999938150239333,0.5000065126536994,0.983454898239491,1.0,3.3674471807687567e-06,4.823919041996305e-14,8.0,7.0,-0.00048480406977767054,0.0,0.0,2.8452357596990856,2.307892104915414,1.302530739883933e-05,3.1380755575028503,1.5320842128182228,0.30296303221988863,5.449484758418152,0,0.0,0.0
0.39269908169872414,0.8999999999999999,0.0,1.0,1.0,0.9517122523262806,0.04828774767371942,0.9517122523262805,0.9648818654978201,0.04828774767371941,0.219744732982885,0.0106109782189064,6.938893903907228e-17,1.1102230246251565e-16,0.22520575796155012,0.22497491806643366,0.00023083989511646363,0.9999375081064161,0.499938616079586,0.964392839321048,1.0,4.40677263601752e-05,3.859041391995888e-08,3.0,8.0,-0.0020303167574202896,0.0,0.0,2.71783762429358,2.7246275523909227,-0.00012276784082799916,0.0111796730245106,5.473882444919428,2.6982115619274194,2.7246275524053924,0,0.0,0.0
0.39269908169872414,1.05,0.0,1.0,1.0,0.9102397191194571,0.0897602808805432,0.9102397191194568,0.9342464555595072,0.0897602808805432,0.29960020173648616,0.026892198259734407,3.191891195797325e-16,2.220446049250313e-16,0.3136627738180707,0.3126425726137682,0.0010202012043024622,0.9995662636666022,0.5005887716274687,0.931551981335829,1.0,6.106226635438361e-16,1.5376588891058418e-14,8.0,8.0,0.006298311497897514,0.0,0.0,3.095955343004427,2.96812790835104,0.00117754325493747,0.02945395360760046,2.6128436552050816,3.1414945015616227,6.283185265918705,0,0.0,0.0
0.39269908169872414,1.2,0.0,1.0,1.0,0.8544817581442571,0.14551824185574277,0.8544817581442572,0.8923240547582947,0.14551824185574277,0.3814685332445427,0.055510630281034826,1.3877787807814457e-16,0.0,0.41087664385604306,0.4076054002609619,0.0032712435950811303,0.9978065230935013,0.5019519204227184,0.8817470177881691,1.0,1.2212453270876722e-15,6.314563369969051e-07,9.0,10.0,-0.014547495567820208,0.0,0.0,2.4452281299858143,3.139353621763372,0.0039038408454368234,0.06624619635924156,2.676402437262157,3.1363112156466135,6.280945821803389,0,0.0,0.0
0.39269908169872414,1.3499999999999999,0.0,1.0,1.0,0.7866503272195184,0.21334967278048114,0.7866503272195189,0.840099652422601,0.21334967278048117,0.4618979029834203,0.09854576645950316,4.163336342344337e-16,6.661338147750939e-16,0.5144975043822638,0.5058677945242571,0.008629709858006707,0.991264070636165,0.5074280036824045,0.8083379586626391,1.0,1.1102230246251565e-16,6.999608670343882e-06,8.0,9.0,-0.02732235823421832,0.0,0.0,2.3213024432972995,3.276714872083463,0.014856007364808965,0.13227757548809405,2.638570540669865,3.1250790632163206,0.13512211447774813,0,0.0,0.0
0.39269908169872414,1.5,0.0,1.0,1.0,0.7093898950617038,0.29061010493829625,0.7093898950617037,0.7788100194348979,0.29061010493829625,0.5390826513052486,0.15666286586623324,5.551115123125783e-17,1.1102230246251565e-16,0.6228528829337258,0.6017391503450442,0.021113732588681544,0.9679403709801642,0.525763118190132,0.6956334946178921,1.0,1.1102230246251565e-16,4.536379050179562e-10,7.0,8.0,-0.04463344767188433,0.0,0.0,2.2062658837977454,3.396323394413877,0.05152623638026399,0.2538992402502849,2.5473170360208925,3.0933056138838415,0.25473073220323705,0,0.0,0.0
0.39269908169872414,1.65,0.0,1.0,1.0,0.6256429427782447,0.3743570572217549,0.6256429427782451,0.7099214569534933,0.374357057221755,0.6118472499094484,0.22904933594532478,3.885780586188048e-16,5.551115123125783e-16,0.733991244978903,0.6794343402559733,0.05455690472292973,0.8729366260235646,0.5962708468623374,0.4991292440441095,1.0,0.0,1.4576798768040078e-08,10.0,10.0,-0.06646647801948888,0.0,0.0,2.0976890154439074,3.5059450823057263,0.1925416937246748,0.5096063191904696,2.4262427340138117,2.9913314044533266,0.3643524127822689,0,0.0,0.0
0.39269908169872414,1.7999999999999998,0.0,1.0,1.0,0.5385024845951096,0.4614975154048902,0.5385024845951099,0.6351031121027534,0.46149751540489026,0.6793360842800051,0.3135119150201095,1.6653345369377348e-16,5.551115123125783e-16,0.8455892140184782,0.710746144736611,0.13484306928186718,0.747425353042203,0.6972717513970581,0.34745776411273754,1.0,0.0,4.024239830258125e-08,10.0,10.0,-0.09347180932646425,0.0,0.0,1.9916834088431221,3.6097941677216387,0.3945435027941162,0.7266182054484479,2.287817806045297,2.898200514548652,0.46820151997289505,0,0.0,0.0
0.39269908169872414,1.95,0.0,1.0,1.0,0.45106008059135455,0.5489399194086452,0.45106008059135483,0.5561961726961617,0.5489399194086452,0.7409047978037699,0.40671221999588003,3.3306690738754696e-16,3.3306690738754696e-16,0.9550959702751419,0.7098497417418541,0.2452462285332878,0.6731739575265043,0.747616783503327,0.28123596909925797,1.0,0.0,4.508630913058198e-09,10.0,10.0,-0.128117355792129,0.0,0.0,1.8819580518775714,3.7103962455162582,0.4952335670066541,0.8323037551132385,2.1395961460094424,2.8743428446700388,0.568803606641461,0,0.0,0.0
0.39269908169872414,2.1,0.0,1.0,1.0,0.36625795245930937,0.6337420475406911,0.3662579524593089,0.4751793333254828,0.633742047540691,0.7960791716536056,0.5045088442482532,4.440892098500626e-16,1.1102230246251565e-15,1.0598733118937385,0.6774931868059567,0.38238012508778174,3.199670940921461e-07,0.8251470014291016,0.1208109123733464,1.0,0.0,5.551115123125783e-16,10.0,10.0,-0.1771169540692544,0.0,0.0,1.7576172657879618,3.809401248670691,0.6502940028582033,1.5707966467619907,1.9866110707222389,2.4915848163572023,0.6678085912013196,0,0.0,0.0
0.39269908169872414,2.25,0.0,1.0,1.0,0.28675341970695856,0.7132465802930413,0.28675341970695867,0.3941310596654358,0.7132465802930412,0.8445392710188445,0.6023647469773689,1.1102230246251565e-16,1.6653345369377348e-16,1.1571275553158487,0.602093018586942,0.5550345367289067,1.364636930661557e-08,0.8617260028249594,0.12654278464676672,1.0,1.7763568394002505e-15,3.3306690738754696e-16,10.0,10.0,-0.25720141507957556,0.0,0.0,1.5987505168588465,3.907973785414825,0.7234520056499186,1.570796340441266,1.8323287852900465,2.5765005238897936,0.7663811649191389,0,0.0,0.0
0.39269908169872414,2.4,0.0,1.0,1.0,0.21480298002144563,0.7851970199785543,0.2148029800214457,0.31518944027938217,0.7851970199785543,0.8861134351642312,0.6957736286539142,1.1102230246251565e-16,5.551115123125783e-17,1.243122643076653,0.5210927146774775,0.7220299283991756,2.6316075479700728e-08,0.8954717675607209,0.12307541690100715,1.0,0.0,0.0,10.0,10.0,-0.41204338037396426,0.0,0.0,1.3648788945661807,4.006995691940238,0.7909435351214417,1.570796353110972,1.6793943538022997,2.6596872294130685,0.8654030195178888,0,0.0,0.0
0.39269908169872414,2.55,0.0,1.0,1.0,0.15217202783431424,0.8478279721656856,0.15217202783431438,0.24051097381114303,0.8478279721656855,0.9207757447748532,0.7806594325118128,1.1102230246251565e-16,6.106226635438361e-16,1.3093630549955173,0.43649777572906057,0.8728652792664567,2.4165850929756107e-09,0.9253587943213022,0.11068505049565991,1.0,6.661338147750939e-16,2.220446049250313e-16,10.0,10.0,-0.7959116044106923,0.0,0.0,0.9415776325496004,4.107176636841265,0.8507175886426044,1.5707963292114817,1.5299374262678573,2.7408607853149336,0.9655840412218679,0,0.0,0.0
0.39269908169872414,2.6999999999999997,0.0,1.0,1.0,0.10007453129997727,0.8999254687000223,0.10007453129997768,0.17223090723149018,0.8999254687000224,0.9486440157930804,0.8537089105420592,4.440892098500626e-16,3.0531133177191805e-16,1.3453125470369158,0.3505537858057685,0.9947587612311473,4.516015056184942e-09,0.9505882349177386,0.09099881779355516,1.0,0.0,0.0,10.0,10.0,1.0,0.0,0.0,3.141592653589793,4.2278977439571825,0.9011764698354773,1.5707963313109117,1.3857615897563562,2.819717902946917,1.0675254147439317,0,0.0,0.0
0.39269908169872414,2.85,0.0,1.0,1.0,0.059145082968538744,0.940854917031461,0.05914508296853904,0.11243085123322677,0.9408549170314608,0.9699767610780482,0.9126074050665323,3.3306690738754696e-16,1.249000902703301e-16,1.37302875967777,0.26557819096480256,1.1074505687129674,9.002267207756224e-10,0.9706460403968696,0.06674654046870852,1.0,2.220446049250313e-16,2.220446049250313e-16,10.0,10.0,1.0,0.0,0.0,3.141592653589793,0.040273092213801875,0.9412920807937393,1.5707963276951233,1.2484527588328294,2.895931558649624,1.171755817618652,0,0.0,0.0
0.39269908169872414,3.0,0.0,1.0,1.0,0.029443729798863214,0.9705562702011369,0.029443729798863116,0.06312801129053086,0.9705562702011369,0.9851681431111833,0.9561611184989699,1.1102230246251565e-16,1.6653345369377348e-16,1.3935492361688344,0.18378746758459774,1.2097617685842366,2.309733454327402e-09,0.014667682101054125,0.04140832486175482,1.0,0.0,0.0,10.0,10.0,1.0,0.0,0.0,3.141592653589793,3.582742607440783,-0.9706646357978918,1.57079632910463,4.261029546764457,0.17244515835401042,4.42034321308053,0,0.0,0.0
0.39269908169872414,0.0,0.1,1.0,0.8,0.8535533905932737,0.453725830020305,0.546274169979695,0.46229768860247933,0.09372583002030492,0.306146745892072,0.028693857866749824,2.220446049250313e-16,3.3306690738754696e-16,0.40853139416692097,0.40853139416692086,1.1102230246251565e-16,1.0,0.5000000021049457,0.4622976886024792,1.0,0.0,0.0,8.0,9.0,-5.323780539225561e-09,0.0,0.0,2.7488935637916585,6.283185307179586,4.209891323197074e-09,6.651941709745636e-09,6.066780757754147,2.7488935651645714,6.283185300889304,0,0.0,0.0
0.39269908169872414,0.15,0.1,1.0,0.8,0.909508746416109,0.41791440229369026,0.5820855977063097,0.48881511115746834,0.057928123690093675,0.24068262024935178,0.013942292595860295,1.1102230246251565e-16,1.1102230246251565e-16,0.3403224966049587,0.3403224966049587,0.0,1.0,0.5000000035532586,0.48881511115746834,1.0,5.551115123125783e-17,0.0,9.0,8.0,7.106517149388101e-09,0.0,0.0,2.8360427583427437,0.1705246292261528,7.106517149388101e-09,0.0,0.0,2.8360427583427437,0.1705246292261528,0,0.0,0.0
0.39269908169872414,0.3,0.1,1.0,0.8,0.9512078814046105,0.3912269559010491,0.6087730440989509,0.5083601961439007,0.03144810311215189,0.17733613030669157,0.0055768849113948405,5.551115123125783e-17,1.1102230246251565e-16,0.2826908940352284,0.2826908940352284,0.0,1.0,0.4999999992672029,0.5083601961439008,1.0,0.0,0.0,7.0,7.0,-1.4655942542890442e-09,0.0,0.0,2.918866365118185,0.41244242317313656,-1.4655942542890442e-09,0.0,0.0,2.918866365118185,0.41244242317313656,0,0.0,0.0
0.39269908169872414,0.44999999999999996,0.1,1.0,0.8,0.9769762116659033,0.3747352245338219,0.6252647754661781,0.5203489296601717,0.015849014363788355,0.1258928685978215,0.0019952778827053924,1.1102230246251565e-16,1.1102230246251565e-16,0.24206288312766286,0.24206288312766286,0.0,1.0,0.5000000056710509,0.5203489296601714,1.0,0.0,0.0,6.0,7.0,1.1342101607072704e-08,0.0,0.0,2.9892683571632106,0.8253242928166316,1.1342101607072704e-08,0.0,0.0,2.9892683571632106,0.8253242928166316,0,0.0,0.0
0.39269908169872414,0.6,0.1,1.0,0.8,0.9857705961811111,0.3691068184440891,0.6308931815559109,0.5244252182851358,0.012565532831336318,0.11209608749343715,0.0014085470676631327,3.3306690738754696e-16,4.440892098500626e-16,0.22685451196247855,0.2268545119624785,5.551115123125783e-17,1.0,0.4999999973684257,0.5244252182851359,1.0,2.581268532253489e-15,4.996003610813204e-16,8.0,5.0,2.2655213944487835e-08,0.0,0.0,3.022020854075585,1.5643856986807043,-5.2631486208006195e-09,3.1415926488624843,5.366480925173212,0.11957179170724272,4.705978390872177,0,0.0,0.0
0.39269908169872414,0.75,0.1,1.0,0.8,0.9772336228368287,0.37457048138442983,0.6254295186155702,0.5204683523135858,0.02276501246702092,0.1508807889262941,0.0034348030409410367,3.3306690738754696e-16,0.0,0.2419118867873806,0.2419118867873806,0.0,1.0,0.5000000002910714,0.5204683523135858,1.0,0.0,0.0,6.0,6.0,5.82142881708005e-10,0.0,0.0,2.990128875910582,2.3078921063073228,5.82142881708005e-10,0.0,0.0,2.990128875910582,2.3078921063073228,0,0.0,0.0
0.39269908169872414,0.8999999999999999,0.1,1.0,0.8,0.9517122523262806,0.3909041585111805,0.6090958414888195,0.5085955024018464,0.04719156687932142,0.21723620066490165,0.010251716692287393,2.7755575615628914e-16,1.1102230246251565e-16,0.28363909109417806,0.28363909109417806,0.0,1.0,0.5000000022760951,0.5085955024018466,1.0,1.1102230246251565e-16,0.0,6.0,7.0,4.552190182669353e-09,0.0,0.0,2.920039849376226,2.7246275513527105,4.552190182669353e-09,0.0,0.0,2.920039849376226,2.7246275513527105,0,0.0,0.0
0.39269908169872414,1.05,0.1,1.0,0.8,0.9102397191194571,0.41744657976354765,0.5825534202364524,0.48915929635503164,0.08601623916288187,0.2932852522082927,0.025227294396894633,2.7755575615628914e-16,1.1102230246251565e-16,0.3452237561560695,0.3452237561560695,0.0,1.0,0.5000000031612258,0.48915929635503164,1.0,0.0,0.0,7.0,8.0,6.32245167961804e-09,0.0,0.0,2.8373190678310913,2.968128106926258,6.32245167961804e-09,0.0,0.0,2.8373190678310913,2.968128106926258,0,0.0,0.0
0.39269908169872414,1.2,0.1,1.0,0.8,0.8544817581442571,0.45313167478767535,0.5468683252123246,0.46274043072078885,0.13871875521976482,0.3724496680355143,0.051665754331901174,0.0,1.1102230246251565e-16,0.42162360525613324,0.42162360525613324,0.0,1.0,0.4999999995818105,0.46274043072078885,1.0,5.551115123125783e-17,0.0,9.0,7.0,-8.363789576966137e-10,0.0,0.0,2.750208212392498,3.1393536321478352,-8.363789576966137e-10,0.0,0.0,2.750208212392498,3.1393536321478352,0,0.0,0.0
0.39269908169872414,1.3499999999999999,0.1,1.0,0.8,0.7866503272195184,0.4965437905795079,0.5034562094204921,0.430135170186024,0.20402402234528874,0.4516901840258306,0.09215564819883364,2.220446049250313e-16,1.1102230246251565e-16,0.5095639010319518,0.5095639010319518,0.0,1.0,0.5000000060869576,0.430135170186024,1.0,1.1102230246251565e-16,1.1102230246251565e-16,6.0,7.0,-6.8430978384692505e-09,0.0,0.0,2.661458818704759,3.276714873984021,1.2173915289445104e-08,3.141592653589793,3.754937909530206,0.4801338578788835,0.1351221976255969,0,0.0,0.0
0.39269908169872414,1.5,0.1,1.0,0.8,0.7093898950617038,0.5459904671605097,0.4540095328394903,0.3923374575515397,0.2799098915905628,0.5290651109178934,0.14809055784137667,2.220446049250313e-16,4.440892098500626e-16,0.6064031247081361,0.6063996064384993,3.5182696367375144e-06,0.9995119094387785,0.5000000124035276,0.3919355599797131,1.0,1.1102230246251565e-16,8.881784197001252e-15,9.0,9.0,3.3457845278544963e-09,0.0,0.0,2.5722450802501005,3.3963233896187632,2.480705534886597e-08,0.03124516832374296,2.4661705137425494,2.6535715681520777,3.3990190688401594,0,0.0,0.0
0.39269908169872414,1.65,0.1,1.0,0.8,0.6256429427782447,0.5995885166219231,0.40041148337807686,0.35051518213818755,0.36369285003976837,0.603069523388281,0.2193320737332087,1.1102230246251565e-16,3.3306690738754696e-16,0.7094507388626883,0.6945275906692641,0.014923148193424218,0.8711307838669075,0.5206854830588672,0.26999800093365656,1.0,0.0,1.630826066734148e-05,10.0,9.0,-2.121272620880633e-09,0.0,0.0,2.483198820657884,3.5059450653771105,0.041370966117734304,2.6282967474494168,2.344498160124241,1.4039003280338769,0.3571442271623615,0,0.0,0.0
0.39269908169872414,1.7999999999999998,0.1,1.0,0.8,0.5385024845951096,0.6553584098591296,0.34464159014087037,0.3059799278072066,0.45218697092512344,0.6724484894214006,0.304072445534638,1.1102230246251565e-16,2.220446049250313e-16,0.8157467031503414,0.7160367976039923,0.09970990554634906,0.625828937818856,0.6746269496497741,0.14554391209858952,1.0,0.0,1.4389007985116109e-08,10.0,7.0,1.3142441589666947e-08,0.0,0.0,2.3947352033467837,3.60979417415589,0.3492538992995483,0.8946024516076658,2.2438539707192136,2.8323316987986957,0.48294291074307927,0,0.0,0.0
0.39269908169872414,1.95,0.1,1.0,0.8,0.45106008059135455,0.7113215484215328,0.28867845157846717,0.2601492599564922,0.5419206258270899,0.7361525832509791,0.39893626861959935,2.220446049250313e-16,3.3306690738754696e-16,0.9221151051700586,0.7080361486711171,0.2140789564989415,0.5488884138284308,0.7208995251704161,0.11642862403570109,1.0,6.661338147750939e-16,1.0028020547281358e-07,10.0,7.0,-3.944177467231696e-08,0.0,0.0,2.3071759911732155,3.7103962727131017,0.44179905034083217,0.989762484981904,2.146597841191246,2.828971041830808,0.6914861591563501,0,0.0,0.0
0.39269908169872414,2.1,0.1,1.0,0.8,0.36625795245930937,0.7655949104260424,0.23440508957395756,0.21450038243574154,0.6293870350940731,0.7933391677549225,0.49931738661727015,4.440892098500626e-16,4.440892098500626e-16,1.025358035300937,0.6773502870143586,0.34800774828657843,1.484964289923426e-07,0.7819869873596963,0.05471521007454305,1.0,2.220446049250313e-16,4.440892098500626e-16,10.0,10.0,1.131176900218483e-07,0.0,0.0,2.2208042941157125,3.809401235425515,0.5639739747193926,1.5707961782984676,2.040330077168192,2.484155918284429,0.8427962542082913,0,0.0,0.0
0.39269908169872414,2.25,0.1,1.0,0.8,0.28675341970695856,0.8164778113875466,0.1835221886124534,0.17051396609042035,0.7113000986744829,0.8433860911080303,0.5999006098258283,1.1102230246251565e-16,2.220446049250313e-16,1.122067388411867,0.6188261197076982,0.5032412687041689,4.339990206273724e-09,0.18165932585571487,0.04909750619072084,1.0,0.0,1.1102230246251565e-16,10.0,10.0,0.12423803510172726,0.0,0.0,2.434786443152612,3.9184837605223963,-0.6366813482885703,1.5707963224549064,4.983712503263646,0.5674690145641248,4.010352735854252,0,0.0,0.0
0.39269908169872414,2.4,0.1,1.0,0.8,0.21480298002144563,0.8625260927862749,0.1374739072137251,0.12960743486329906,0.7848267718976532,0.8859044936660233,0.6952815639735299,1.1102230246251565e-16,4.440892098500626e-16,1.2076815115450854,0.5531121862055501,0.6545693253395353,3.4061310936715063e-09,0.8509775557621049,0.04160735329281162,1.0,4.440892098500626e-16,1.1102230246251565e-16,10.0,10.0,-0.2805585304085616,0.0,0.0,1.4987254012323379,4.001924429134628,0.7019551115242096,1.5707963302010277,1.6771984958984418,2.6593373313520243,0.9066721722146237,0,0.0,0.0
0.39269908169872414,2.55,0.1,1.0,0.8,0.15217202783431424,0.902609902186039,0.09739009781396102,0.09305846278950991,0.847771359435858,0.9207450023952659,0.7805812423744071,1.1102230246251565e-16,1.1102230246251565e-16,1.2767295746238574,0.48225367353906534,0.794475901084792,1.6399194722702807e-09,0.12070631610979748,0.032931873999477834,1.0,4.440892098500626e-16,0.0,10.0,9.0,-0.4987950904534921,0.0,0.0,1.1225369767580586,4.109819710378851,-0.758587367780405,1.570796328434816,4.673895103970198,0.40077653629055593,4.091405776954558,0,0.0,0.0
0.39269908169872414,2.6999999999999997,0.1,1.0,0.8,0.10007453129997727,0.9359522999680144,0.06404770003198557,0.061922358596668836,0.8986945700643367,0.947995026392194,0.8519579826666622,1.1102230246251565e-16,2.220446049250313e-16,1.326578603072978,0.40863839527273793,0.9179402078002401,2.14843803286381e-09,0.9026134249944655,0.024250933049401846,1.0,2.220446049250313e-16,5.551115123125783e-17,10.0,9.0,-0.6614767235399728,0.0,0.0,0.8106258518008737,4.222994941638065,0.805226849988931,1.5707963289433347,1.4011615543800784,2.8188424014169304,0.9912216435240981,0,0.0,0.0
0.39269908169872414,2.85,0.1,1.0,0.8,0.059145082968538744,0.962147146900135,0.03785285309986497,0.036951416287226424,0.9369595471777311,0.9679667076804507,0.9069456481113942,2.220446049250313e-16,0.0,1.3612277044026042,0.33479477753643616,1.026432926866168,8.570303960782968e-09,0.9204850496720274,0.01673297552919606,1.0,1.9984014443252818e-15,0.0,10.0,8.0,-0.736167260887168,0.0,0.0,0.5855655444225164,4.338802126113861,0.8409700993440546,1.5707963353652006,1.2808864055772793,2.893212637286907,1.020600015486675,0,0.0,0.0
0.39269908169872414,3.0,0.1,1.0,0.8,0.029443729798863214,0.9811560129287278,0.018843987071272217,0.018529058065316906,0.9627066912793734,0.9811761774927953,0.944584871396232,2.220446049250313e-16,5.551115123125783e-16,1.3839333668301523,0.26315873966115194,1.1207746271690004,3.5444031541396316e-09,0.9327963634952904,0.0112336981085287,1.0,2.220446049250313e-16,1.1102230246251565e-16,10.0,9.0,-0.7724182571955639,0.0,0.0,0.40036956929205736,4.4564500871835,0.8655927269905808,1.5707963303392998,1.1702913374031414,2.9631583602972995,1.016266967343405,0,0.0,0.0
0.39269908169872414,0.0,0.25,1.0,0.5,0.8535533905932737,0.7866116523516818,0.21338834764831816,0.1621485929230032,0.03661165235168162,0.19134171618254506,0.007005336393249474,3.3306690738754696e-16,0.0,0.5712013945064395,0.5712013945064395,0.0,1.0,0.49999999812277807,0.1621485929230031,1.0,6.661338147750939e-16,0.0,9.0,10.0,-3.75444381900652e-09,0.0,0.0,2.748893581250424,6.283185307179586,-3.75444381900652e-09,0.0,0.0,2.748893581250424,6.283185307179586,0,0.0,0.0
0.39269908169872414,0.15,0.25,1.0,0.5,0.909508746416109,0.7726228133959727,0.22737718660402728,0.17234087161164335,0.022651399638479966,0.1505038193484802,0.0034091221591800182,0.0,0.0,0.5443873196338183,0.5443873196338183,0.0,1.0,0.49999999951639573,0.17234087161164335,1.0,2.220446049250313e-16,0.0,9.0,10.0,-9.67208512575951e-10,0.0,0.0,2.8360427527576437,0.17052458421710978,-9.67208512575951e-10,0.0,0.0,2.8360427527576437,0.17052458421710978,0,0.0,0.0
0.39269908169872414,0.3,0.25,1.0,0.5,0.9512078814046105,0.7621980296488473,0.2378019703511527,0.17990488079514344,0.012658753005311293,0.11251112391808774,0.0014242505280290445,0.0,1.1102230246251565e-16,0.5241264328877063,0.524126432887706,3.3306690738754696e-16,1.0,0.5000000308578183,0.17990488079514366,1.0,4.440892098500626e-16,2.220446049250313e-16,9.0,10.0,1.214106800526594e-07,0.0,0.0,2.9188663491650306,0.41244244990415535,6.171563667983208e-08,4.70386237579981e-09,2.000694313166099,2.9188663658294542,0.41244243022668114,0,0.0,0.0
0.39269908169872414,0.44999999999999996,0.25,1.0,0.5,0.9769762116659033,0.7557559470835244,0.24424405291647555,0.18456584503326634,0.008076342562621144,0.08986847368583238,0.0007258085790666866,2.220446049250313e-16,1.1102230246251565e-16,0.5114498451925761,0.5114498451925761,0.0,1.0,0.5000000060825478,0.18456584503326634,1.0,1.1102230246251565e-16,0.0,7.0,6.0,1.2165095527771784e-08,0.0,0.0,2.9892683662144606,0.8253242890703678,1.2165095527771784e-08,0.0,0.0,2.9892683662144606,0.8253242890703678,0,0.0,0.0
0.39269908169872414,0.6,0.25,1.0,0.5,0.9857705961811111,0.7535573509547224,0.24644264904527757,0.18615426566972848,0.010763005928154152,0.1037449079625316,0.0011166070594165343,2.220446049250313e-16,2.220446049250313e-16,0.507094708872909,0.5070947088729088,2.220446049250313e-16,1.0,0.5000000462184901,0.18615426566972826,1.0,1.9984014443252818e-15,3.3306690738754696e-16,6.0,5.0,2.3378856241777952e-07,0.0,0.0,3.0220208368666537,1.564385717752322,9.243698023754994e-08,9.45616517200508e-09,5.52211766035408,3.0220208431179194,1.5643857159840195,0,0.0,0.0
0.39269908169872414,0.75,0.25,1.0,0.5,0.9772336228368287,0.7556915942907929,0.2443084057092071,0.18461235463335168,0.022763534046191095,0.15087588954564973,0.0034344684484217654,1.1102230246251565e-16,1.1102230246251565e-16,0.5113647653115992,0.5113647653115992,0.0,1.0,0.5000000006275217,0.18461235463335157,1.0,1.1102230246251565e-16,0.0,3.0,7.0,1.2550434866701558e-09,0.0,0.0,2.9901288740703023,2.3078921745489374,1.2550434866701558e-09,0.0,0.0,2.9901288740703023,2.3078921745489374,0,0.0,0.0
0.39269908169872414,0.8999999999999999,0.25,1.0,0.5,0.9517122523262806,0.7620719369184299,0.2379280630815701,0.17999620809511574,0.04600403768539021,0.21448551859132634,0.009867199880245836,0.0,0.0,0.5242133250415346,0.5242133250415344,2.220446049250313e-16,0.9999999999999999,0.5000000197276281,0.17999620809511574,1.0,1.1102230246251565e-16,2.220446049250313e-16,8.0,8.0,-8.32039837946798e-09,0.0,0.0,2.9200398456626395,2.724627544414174,3.9455256240762154e-08,1.4374984904629407e-08,4.260182109730548,2.9200398511894754,2.7246275199034646,0,0.0,0.0
0.39269908169872414,1.05,0.25,1.0,0.5,0.9102397191194571,0.7724400702201359,0.22755992977986406,0.17247369659357037,0.08196019396874878,0.28628690848299154,0.023464130549979416,2.220446049250313e-16,0.0,0.5457338317097207,0.5457338317097207,0.0,1.0,0.49999998325263295,0.17247369659357026,1.0,0.0,0.0,7.0,6.0,-3.349473413686505e-08,0.0,0.0,2.837319098658171,2.9681281233948273,-3.349473413686505e-08,0.0,0.0,2.837319098658171,2.9681281233948273,0,0.0,0.0
0.39269908169872414,1.2,0.25,1.0,0.5,0.8544817581442571,0.7863795604639356,0.21362043953606435,0.16231809431040178,0.13135264469745533,0.3624260541096009,0.04760562071455913,1.1102230246251565e-16,2.220446049250313e-16,0.576879841173673,0.576879841173673,0.0,1.0,0.5000000017864753,0.16231809431040178,1.0,1.1102230246251565e-16,0.0,8.0,7.0,3.572950609244735e-09,0.0,0.0,2.7502082105161247,3.139353637394562,3.572950609244735e-09,0.0,0.0,2.7502082105161247,3.139353637394562,0,0.0,0.0
0.39269908169872414,1.3499999999999999,0.25,1.0,0.5,0.7866503272195184,0.8033374181951202,0.19666258180487983,0.1498975238669128,0.1939212343738302,0.4403648877622172,0.08539610260974234,2.220446049250313e-16,1.1102230246251565e-16,0.6197279530781553,0.6197279530781553,0.0,1.0,0.49999999202173917,0.1498975238669129,1.0,0.0,0.0,10.0,10.0,-1.5956521663449446e-08,0.0,0.0,2.6614587974759587,3.276714873129173,-1.5956521663449446e-08,0.0,0.0,2.6614587974759587,3.276714873129173,0,0.0,0.0
0.39269908169872414,1.5,0.25,1.0,0.5,0.7093898950617038,0.8226525262345741,0.17734747376542592,0.13566036987075425,0.2683179937971849,0.5179942024744919,0.13898716520652846,0.0,0.0,0.676509227691225,0.676509227691225,0.0,1.0,0.4999999879961515,0.13566036987075414,1.0,0.0,0.0,10.0,9.0,-2.4007697101974272e-08,0.0,0.0,2.57224508277193,3.39632337346527,-2.4007697101974272e-08,0.0,0.0,2.57224508277193,3.39632337346527,0,0.0,0.0
0.39269908169872414,1.65,0.25,1.0,0.5,0.6256429427782447,0.8435892643054387,0.15641073569456132,0.12011692981290778,0.3521399589259494,0.5934138176061874,0.20896471735793368,1.1102230246251565e-16,2.220446049250313e-16,0.747682059730854,0.747682059730854,0.0,1.0,0.5000000008188752,0.12011692981290789,1.0,0.0,0.0,10.0,10.0,1.6377504818646005e-09,0.0,0.0,2.4831987584453947,3.5059450758343824,1.6377504818646005e-09,0.0,0.0,2.4831987584453947,3.5059450758343824,0,0.0,0.0
0.39269908169872414,1.7999999999999998,0.25,1.0,0.5,0.5385024845951096,0.8653743788512225,0.13462562114877752,0.10381773830320207,0.4421005477387095,0.6649064202868773,0.29395549260381304,1.1102230246251565e-16,3.3306690738754696e-16,0.8308021111481245,0.7625437816298956,0.06825832951822897,2.852219093736516e-05,0.5566817991559336,0.026340714855916714,1.0,0.0,1.3159881573354681e-07,10.0,8.0,4.471187944454502e-09,0.0,0.0,2.394735123795116,3.6097941772089697,0.11336359831186732,1.5708248489858379,2.2573942174770987,2.303371723223516,0.7063311814358672,0,0.0,0.0
0.39269908169872414,1.95,0.25,1.0,0.5,0.45106008059135455,0.887234979852161,0.11276502014783896,0.0873292279885659,0.5343163911137381,0.7309694871290717,0.39056897837706567,3.3306690738754696e-16,4.440892098500626e-16,0.9211973730083491,0.7236738909759054,0.19752348203244374,4.089346971863451e-06,0.37433674839399345,0.021865840411575466,1.0,0.0,3.1055297154969352e-06,10.0,7.0,-1.0900580726827562e-08,0.0,0.0,2.3071760778532124,3.7103962872984924,-0.25132650321201305,1.5708004161418685,5.184615665075427,0.7400855929916735,3.8323675128802948,0,0.0,0.0
0.39269908169872414,2.1,0.25,1.0,0.5,0.36625795245930937,0.9084355118851726,0.09156448811482742,0.07120767417808682,0.6246691049435703,0.7903601109263868,0.4937135430754871,1.1102230246251565e-16,6.661338147750939e-16,1.01341283884165,0.6832990384625666,0.33011380037908333,6.882542059612152e-06,0.3053201999635096,0.01822777394972519,1.0,1.7763568394002505e-15,2.9397273726416984e-08,10.0,8.0,2.041798311022309e-08,0.0,0.0,2.220803960122767,3.8094012359035268,-0.38935960007298076,1.570789444252837,5.024866338266309,0.6506247365880674,3.8593112262094174,0,0.0,0.0
0.39269908169872414,2.25,0.25,1.0,0.5,0.28675341970695856,0.9283116450732605,0.07168835492673953,0.0559726875550165,0.7091914102543779,0.8421350308913517,0.5972349301824518,1.1102230246251565e-16,0.0,1.10229989360093,0.6440122196383699,0.4582876739625602,4.245442546450724e-06,0.24627002474661597,0.015302233465324777,1.0,0.0,1.4011813931347206e-10,10.0,9.0,-3.430133252418229e-08,0.0,0.0,2.1358884132244125,3.907973837293099,-0.5074599505067681,1.5707920813523502,4.909030422006496,0.5655939419167106,3.9547882936350263,0,0.0,0.0
0.39269908169872414,2.4,0.25,1.0,0.5,0.21480298002144563,0.9462992549946387,0.05370074500536126,0.042081822772660815,0.78442566981001,0.8856780847520221,0.6947486248676519,1.1102230246251565e-16,0.0,1.1835913228987365,0.6075046212928057,0.5760867016059308,4.427025788790619e-07,0.24615181400026404,0.011831137536736591,1.0,4.440892098500626e-16,7.176106375794689e-08,10.0,8.0,-3.271275412820799e-08,0.0,0.0,2.0527016567734977,4.006995654825657,-0.5076963719994719,1.5707958840923177,4.787205426806593,0.48191079125330505,4.009778973038352,0,0.0,0.0
0.39269908169872414,2.55,0.25,1.0,0.5,0.15217202783431424,0.9619569930414216,0.03804300695857843,0.029908087847446252,0.8477100289785452,0.9207116969923568,0.7804965393382765,1.1102230246251565e-16,0.0,1.2541692109053404,0.5761031069143714,0.678066103990969,1.1560096711513827e-09,0.24868927183955486,0.009064220712618143,1.0,2.2870594307278225e-14,0.0,10.0,7.0,-6.276934036602361e-07,0.0,0.0,1.9715265825744803,4.107176765574,-0.5026214563208903,1.5707963279509063,4.684603723160673,0.40073196437183844,4.106483407074594,0,0.0,0.0
0.39269908169872414,2.6999999999999997,0.25,1.0,0.5,0.10007453129997727,0.9749813671750054,0.025018632824994613,0.019722184470390647,0.8973610965423435,0.9472914527970488,0.8500624968271493,3.3306690738754696e-16,0.0,1.309989193076279,0.5504282126716644,0.7595609804046146,8.282813822000482e-10,0.25098006460312194,0.007103448521802225,1.0,2.220446049250313e-16,0.0,10.0,7.0,0.27161098823844754,0.0,0.0,2.5779032903095285,4.151681783380519,-0.49803987079375606,1.570796327623178,4.587500065952299,0.32187543930221,4.206892983417324,0,0.0,0.0
0.39269908169872414,2.85,0.25,1.0,0.5,0.059145082968538744,0.9852137292578651,0.0147862707421349,0.0116811084582632,0.9327395631695236,0.9657844289330428,0.9008253463589343,2.220446049250313e-16,0.0,1.3489591789766981,0.5308461107118084,0.8181130682648897,1.1685577800419117e-07,0.25363178950538867,0.006224132233699775,1.0,4.440892098500626e-16,4.004907516730327e-12,10.0,6.0,-0.3812420187006414,0.0,0.0,0.8471814127129561,4.391070751771182,-0.4927364209892226,1.5707962099391186,4.495652184308042,0.24567242768019115,4.310351878067292,0,0.0,0.0
0.39269908169872414,3.0,0.25,1.0,0.5,0.029443729798863214,0.9926390675502843,0.007360932449715696,0.00582426212474052,0.9542029807807958,0.9768331386581823,0.9320970926330978,1.1102230246251565e-16,2.220446049250313e-16,1.373259131881614,0.5173238318823311,0.855935299999283,2.5457082824916554e-08,0.7432565996651639,0.006413177775995038,1.0,6.661338147750939e-16,3.4645315055703563e-06,10.0,10.0,-0.4436892080439877,0.0,0.0,0.5755137095641413,4.5465899800699665,0.4865131993303279,1.5707963522519794,1.267676285078376,2.9691418498336977,1.274932227352643,0,0.0,0.0
0.39269908169872414,0.0,0.4,1.0,0.19999999999999996,0.8535533905932737,0.9658578643762694,0.034142135623730585,0.024819714449815233,0.005857864376269062,0.07653668647301803,0.0004483415291679665,3.3306690738754696e-16,0.0,0.8188091882792495,0.8188091882792495,0.0,1.0,0.5000000496846202,0.02481971444981501,1.0,0.0,0.0,10.0,8.0,9.93692403041624e-08,0.0,0.0,2.7488935262667145,0.0,9.93692403041624e-08,0.0,0.0,2.7488935262667145,0.0,0,0.0,0.0
0.39269908169872414,0.15,0.4,1.0,0.19999999999999996,0.909508746416109,0.9636196501433556,0.0363803498566444,0.026436802437927343,0.0036562405337648776,0.060466854836057723,0.00022108136560087104,0.0,0.0,0.8114970131155204,0.8114970131155204,0.0,1.0,0.5000000558835804,0.026436802437927454,1.0,7.771561172376096e-16,0.0,8.0,9.0,1.1176716092806496e-07,0.0,0.0,2.836042738435308,0.17052458150464908,1.1176716092806496e-07,0.0,0.0,2.836042738435308,0.17052458150464908,0,0.0,0.0
0.39269908169872414,0.3,0.4,1.0,0.19999999999999996,0.9512078814046105,0.9619516847438154,0.03804831525618457,0.027641104292543295,0.002541410640089436,0.05041240561696531,0.00012811862402746009,2.220446049250313e-16,0.0,0.8061516471258514,0.8061516471258514,0.0,1.0,0.5000001200886095,0.027641104292543295,1.0,1.6653345369377348e-15,0.0,9.0,9.0,2.401772189051212e-07,0.0,0.0,2.9188663353947755,0.41244244897219934,2.401772189051212e-07,5.0020248263693784e-09,1.9416110387254664,2.918866350129476,0.412442510425615,0,0.0,0.0
0.39269908169872414,0.44999999999999996,0.4,1.0,0.19999999999999996,0.9769762116659033,0.9609209515333643,0.03907904846663568,0.028384977434017022,0.00389105774660803,0.062378343570569664,0.00024271773697084228,4.440892098500626e-16,2.220446049250313e-16,0.8028895710998445,0.8028895710998445,0.0,1.0,0.5000000111327653,0.02838497743401658,1.0,0.0,0.0,8.0,8.0,2.2265530631822507e-08,0.0,0.0,2.9892683571322394,0.8253243288009583,2.2265530631822507e-08,0.0,0.0,2.9892683571322394,0.8253243288009583,0,0.0,0.0
0.39269908169872414,0.6,0.4,1.0,0.19999999999999996,0.9857705961811111,0.9605691761527557,0.03943082384724428,0.02863879278183834,0.009792414518748366,0.09895662948356905,0.0009690243352813043,1.1102230246251565e-16,0.0,0.8017839722317189,0.8017839722317189,0.0,1.0,0.4999999319794524,0.02863879278183823,1.0,2.7755575615628914e-15,0.0,8.0,7.0,-1.360410952028493e-07,0.0,0.0,3.0220208686408117,1.5643857153250411,-1.360410952028493e-07,0.0,0.0,3.0220208686408117,1.5643857153250411,0,0.0,0.0
0.39269908169872414,0.75,0.4,1.0,0.19999999999999996,0.9772336228368287,0.9609106550865271,0.039089344913472934,0.028392407018979382,0.022762737973436583,0.15087325135171106,0.0034342882877194357,2.220446049250313e-16,0.0,0.8028684836358638,0.8028684836358638,0.0,1.0,0.5000002553287898,0.02839240701897927,1.0,0.0,0.0,5.0,7.0,5.106575795361299e-07,0.0,0.0,2.990128864872093,2.307891943578053,5.106575795361299e-07,0.0,0.0,2.990128864872093,2.307891943578053,0,0.0,0.0
0.39269908169872414,0.8999999999999999,0.4,1.0,0.19999999999999996,0.9517122523262806,0.9619315099069488,0.038068490093051244,0.027655666790813216,0.04536459888865803,0.21298966850215534,0.009662190879028516,0.0,0.0,0.8061768650527061,0.8061768650527059,2.220446049250313e-16,0.9999999999999996,0.4999999999489505,0.027655666790813216,1.0,3.3306690738754696e-15,4.440892098500626e-16,6.0,7.0,-2.909820074980345e-07,0.0,0.0,2.9200398662117437,2.724627504840369,-1.0209903248784114e-10,3.1073312779673436e-08,2.3999468727458644,2.920039843570951,2.7246275934884645,0,0.0,0.0
0.39269908169872414,1.05,0.4,1.0,0.19999999999999996,0.9102397191194571,0.9635904112352218,0.03640958876477818,0.026457919251838602,0.07977616963344633,0.2824467553955016,0.02253252027084806,1.1102230246251565e-16,2.220446049250313e-16,0.811881635500527,0.811881635500527,0.0,1.0,0.4999999840737066,0.02645791925183838,1.0,2.220446049250313e-16,0.0,5.0,6.0,-3.185258682247092e-08,0.0,0.0,2.8373190737065843,2.9681281727823876,-3.185258682247092e-08,0.0,0.0,2.8373190737065843,2.9681281727823876,0,0.0,0.0
0.39269908169872414,1.2,0.4,1.0,0.19999999999999996,0.8544817581442571,0.9658207296742295,0.034179270325770506,0.024846553797625903,0.1273862774931349,0.3569121425408988,0.045465709230384246,2.220446049250313e-16,3.3306690738754696e-16,0.8206048776886787,0.8206048776886787,0.0,1.0,0.5000000205489004,0.024846553797625903,1.0,5.551115123125783e-16,1.1102230246251565e-16,10.0,9.0,4.109780082834669e-08,0.0,0.0,2.7502082001846464,3.1393536280494487,4.109780082834669e-08,0.0,0.0,2.7502082001846464,3.1393536280494487,0,0.0,0.0
0.39269908169872414,1.3499999999999999,0.4,1.0,0.19999999999999996,0.7866503272195184,0.9685339869112193,0.03146601308878072,0.022884649392868273,0.18848127161996794,0.4341442981543901,0.08182806938269796,0.0,0.0,0.833889429593798,0.833889429593798,0.0,1.0,0.5000000105510843,0.022884649392868273,1.0,0.0,0.0,10.0,10.0,2.1102168603981793e-08,0.0,0.0,2.6614588145860836,3.2767148926459537,2.1102168603981793e-08,0.0,0.0,2.6614588145860836,3.2767148926459537,0,0.0,0.0
0.39269908169872414,1.5,0.4,1.0,0.19999999999999996,0.7093898950617038,0.971624404197532,0.028375595802467957,0.020647848828545978,0.26207620267767384,0.5119337873960595,0.1341656630231589,2.220446049250313e-16,0.0,0.8545727824447259,0.7964692111444615,0.058103571300264445,2.713789488146066e-08,0.4999999828938961,0.03692361870066008,1.0,0.0,0.0,10.0,10.0,6.5907836302918964e-09,0.0,0.0,2.572245043176174,3.396323407431433,-3.4212207793601466e-08,1.5707962996570017,3.228749199668919,1.7947412175044903,1.4616969901916188,0,0.0,0.0
0.39269908169872414,1.65,0.4,1.0,0.19999999999999996,0.6256429427782447,0.9749742822888701,0.025025717711129936,0.01822062351401854,0.3459191714031239,0.5881489364124736,0.20345199274543144,1.1102230246251565e-16,1.1102230246251565e-16,0.8864105160440745,0.7633865774230362,0.12302393862103833,2.7886724201894096e-08,0.5000000028441108,0.05719072369288947,1.0,2.220446049250313e-16,1.1102230246251565e-15,10.0,10.0,-1.0086591442264838e-08,0.0,0.0,2.4831987781777047,3.505945055339869,5.688221659443166e-09,1.5707963546816208,3.184554073718116,1.8164496414019207,1.605068816986797,0,0.0,0.0
0.39269908169872414,1.7999999999999998,0.4,1.0,0.19999999999999996,0.5385024845951096,0.9784599006161956,0.021540099383804412,0.015692127787002352,0.43666939679217887,0.660809652465957,0.28855535233675883,0.0,0.0,0.9322734283543089,0.7510145164757431,0.1812589118785658,3.332957404341487e-09,0.4999999899999842,0.07830257785486872,1.0,1.1102230246251565e-16,2.220446049250313e-16,10.0,10.0,-7.68976118633599e-12,0.0,0.0,2.3947351558369925,3.6097941800115523,-2.000003165366747e-08,1.570796330127854,3.113828850502025,1.8327367107264216,1.7451833822752336,0,0.0,0.0
0.39269908169872414,1.95,0.4,1.0,0.19999999999999996,0.45106008059135455,0.9819575967763455,0.01804240322365447,0.013151867770619274,0.530221803191164,0.72816330805058,0.38608806221222153,3.3306690738754696e-16,1.1102230246251565e-16,0.9917160275057189,0.7649588843057197,0.22675714319999918,1.7510564936758857e-08,0.5000000082549849,0.0923997604814919,1.0,1.1102230246251565e-16,0.0,10.0,10.0,-2.2994739059159112e-08,0.0,0.0,2.307176084945552,3.7103962704077134,1.650996992163826e-08,1.5707963443054616,2.9496909194149215,1.8607102367580868,1.865772634531628,0,0.0,0.0
0.39269908169872414,2.1,0.4,1.0,0.19999999999999996,0.36625795245930937,0.9853496819016276,0.014650318098372361,0.010685424089784235,0.6221286810163765,0.7887513429569402,0.4907048326436969,0.0,1.1102230246251565e-16,1.060376731879046,0.797808550372256,0.26256818150679007,2.7470790699459667e-09,0.5000000051787085,0.07792508147192989,1.0,0.0,0.0,10.0,10.0,-1.2478331346980149e-08,0.0,0.0,2.2208039943921936,3.809401253114381,1.0357416896593776e-08,1.5707963240478175,5.704005228282515,1.1747632464026156,5.056720184009586,0,0.0,0.0
0.39269908169872414,2.25,0.4,1.0,0.19999999999999996,0.28675341970695856,0.9885298632117216,0.011470136788278351,0.008370468166643441,0.7080559626435521,0.8414606126513303,0.5958012041174708,0.0,2.220446049250313e-16,1.1318269879018557,0.828486925829367,0.30334006207248865,1.5251967964666894e-09,0.5000000125961884,0.044551232265443,1.0,0.0,2.220446049250313e-16,10.0,10.0,-2.0970603286945334e-08,0.0,0.0,2.135888448189022,3.9079738087998876,2.5192376935759912e-08,1.5707963283200934,2.1843946668668623,2.1721305680767493,1.887104785107839,0,0.0,0.0
0.39269908169872414,2.4,0.4,1.0,0.19999999999999996,0.21480298002144563,0.9914078807991423,0.008592119200857673,0.006273296955307206,0.7842096917628176,0.8855561482835618,0.69446171408412,1.1102230246251565e-16,0.0,1.1997969747140411,0.8405342983452898,0.3592626763687513,7.487426640379394e-08,0.5341258347208794,0.008009443985774523,1.0,4.440892098500626e-16,1.814184991122403e-08,10.0,8.0,7.482735687941604e-09,0.0,0.0,2.0527017386034867,4.006995675368559,0.06825166944175876,1.5707962519206302,1.7759274123739952,2.5790649369977845,1.457838553851258,0,0.0,0.0
0.39269908169872414,2.55,0.4,1.0,0.19999999999999996,0.15217202783431424,0.9939131188866274,0.006086881113372633,0.004446080589860846,0.8476770048861457,0.9206937628148383,0.7804509312802376,1.1102230246251565e-16,0.0,1.2593963212222565,0.8303156216511367,0.42908069957111983,8.660901046172245e-09,0.4396870306850996,0.0014349915120248635,1.0,0.0,1.6160233151651937e-09,10.0,6.0,-5.5476795623459625e-08,0.0,0.0,1.971528055431031,4.107176720908446,-0.12062593862980071,1.5707963354557977,4.677176946592406,0.40234334218604473,4.012608676407498,0,0.0,0.0
0.39269908169872414,2.6999999999999997,0.4,1.0,0.19999999999999996,0.10007453129997727,0.9959970187480007,0.004002981251999271,0.0029249726969360346,0.8966430723381936,0.9469123889453521,0.8490424336590593,2.220446049250313e-16,2.220446049250313e-16,1.3074751180697182,0.8185376895694022,0.48893742850031596,2.9117625582716143e-08,0.4265694165073091,0.002608369458362403,1.0,4.440892098500626e-16,8.242483362508324e-10,10.0,7.0,-5.242203276613622e-08,0.0,0.0,1.8926708964921124,4.209117988672025,-0.1468611669853818,1.5707963559125222,4.596548984349098,0.33202655959790317,3.9521338164847175,0,0.0,0.0
0.39269908169872414,2.85,0.4,1.0,0.19999999999999996,0.059145082968538744,0.9976341966812583,0.0023658033187416994,0.0017291768325866652,0.9304672640881811,0.964607310820409,0.8975355254185237,1.1102230246251565e-16,0.0,1.3425747382015716,0.8084693920079846,0.534105346193587,5.096730087802216e-09,0.4182144067119586,0.004109790806098745,1.0,8.215650382226158e-15,6.234530558479889e-09,10.0,9.0,2.0084865666097864e-07,0.0,0.0,1.816458158850675,4.313348317455573,-0.16357118657608283,1.5707963318916267,4.538582061675368,0.2592773068765809,3.980909417304572,0,0.0,0.0
0.39269908169872414,3.0,0.4,1.0,0.19999999999999996,0.029443729798863214,0.9988222508080454,0.001177749191954569,0.0008609988511640854,0.9496240597431,0.9744865621151991,0.9253958852809319,0.0,2.220446049250313e-16,1.3647061318243767,0.8003646462631808,0.5643414855611959,1.617306658098811e-07,0.41391235617214406,0.005747568731016783,1.0,6.8833827526759706e-15,9.793852639994327e-08,10.0,9.0,9.831121608303763e-08,0.0,0.0,1.7432418465078814,4.420342988078908,-0.17217528765571188,1.5707961650642308,4.486847747517835,0.18575832499765177,4.035267391457683,0,0.0,0.0
0.39269908169872414,0.0,0.5,1.0,0.0,0.8535533905932737,1.0000000000000002,-2.220446049250313e-16,-1.1102230246251565e-16,3.0814879110195774e-33,5.551115123125783e-17,1.7105694144590052e-49,2.220446049250313e-16,1.1102230246251565e-16,0.999999999999999,0.999999999999999,0.0,1.0,0.29071241882532856,-1.1102230246251565e-16,1.0,5.551115123125783e-16,1.1102230246251565e-16,10.0,10.0,-0.4185751623493429,0.0,0.0,0.2511682619841642,2.865610476765555,-0.4185751623493429,0.0,0.0,0.2511682619841642,2.865610476765555,0,0.0,0.0
0.39269908169872414,0.15,0.5,1.0,0.0,0.909508746416109,1.0,0.0,0.0,3.8114990009615284e-05,0.006173733879073124,2.3531180512289552e-07,0.0,0.0,1.0000000000000273,0.9999618857364008,3.811426362654302e-05,1.5290600431864367e-06,0.4970583615443728,1.0478995449147988e-09,1.0,2.220446049250313e-16,3.3306690738754696e-16,10.0,10.0,-0.0014134047056158072,0.0,0.0,0.33420710974760137,3.7215001678974042,-0.005883276911254481,1.5707978558549398,3.141592585737293,1.265306220107259,0.15000210386695653,0,0.0,0.0
0.39269908169872414,0.3,0.5,1.0,0.0,0.9512078814046105,0.9999999999999998,2.220446049250313e-16,0.0,0.0006142978086186164,0.02478503194709695,1.5225390811644054e-05,2.220446049250313e-16,0.0,1.000000000115906,0.9993858910172431,0.000614109098662885,2.386195657235203e-07,0.4991223689049005,2.720417968671285e-07,1.0,2.220446049250313e-16,0.0,10.0,10.0,-5.817731985556468e-05,0.0,0.0,1.2130019756934187,1.9550431903959307,-0.0017552621901989057,1.570796088175331,3.1415926347956398,1.3494309387966106,0.29999993416132475,0,0.0,0.0
0.39269908169872414,0.44999999999999996,0.5,1.0,0.0,0.9769762116659033,1.0000000000000004,-4.440892098500626e-16,-1.1102230246251565e-16,0.0030938606387960026,0.05562248321313965,0.00017208821144522416,4.440892098500626e-16,1.1102230246251565e-16,1.0000000148073174,0.9969109439086199,0.003089070898697477,8.421172353317488e-08,0.5000000113945867,6.8833681671209845e-06,1.0,0.0,1.2212453270876722e-15,10.0,10.0,7.393208760966659e-06,0.0,0.0,2.984286894034068,0.9000611675900143,2.278917333211868e-08,1.5707964110066202,3.1415926502599136,1.4289286910515515,0.45000004487952644,0,0.0,0.0
0.39269908169872414,0.6,0.5,1.0,0.0,0.9857705961811111,1.0000000000000002,-2.220446049250313e-16,-2.220446049250313e-16,0.009607539964575838,0.09801805937976857,0.000941712422741294,2.220446049250313e-16,2.220446049250313e-16,1.0000004434515843,0.9904391715275713,0.009561271924013015,1.3062305298686892e-08,0.4999983877016894,6.594515376645571e-05,1.0,0.0,2.220446049250313e-16,10.0,10.0,-6.954245249244945e-06,0.0,0.0,1.8758586984838568,2.1492334418401127,-3.224596621192439e-06,1.5707963137325913,3.141592650856187,1.5024298494301522,0.5999998708040137,0,0.0,0.0
0.39269908169872414,0.75,0.5,1.0,0.0,0.9772336228368287,1.0,0.0,0.0,0.022762586340530962,0.1508727488333495,0.0034342539717523604,0.0,0.0,1.0000059000201629,0.9775040053938544,0.022501894626308472,1.2503919616210013e-08,0.5000000700289332,0.0003652788250947392,1.0,0.0,6.661338147750939e-16,10.0,10.0,-3.3336222004594796e-09,0.0,0.0,1.1094123023680695,2.3217755512171614,1.4005786650909559e-07,1.5707963392988162,3.141592647358957,1.568826782913083,0.7500000033494049,0,0.0,0.0
0.39269908169872414,0.8999999999999999,0.5,1.0,0.0,0.9517122523262806,1.0,0.0,0.0,0.045242801022613785,0.2127035519746057,0.009623304478790274,0.0,0.0,1.0000463935791677,0.9558409444391396,0.04420544914002811,2.377713454477036e-08,0.49999955344019065,0.0014101911962619562,1.0,0.0,1.887379141862766e-15,10.0,10.0,-3.717951340510904e-07,0.0,0.0,0.07658000544885506,1.6419118236829389,-8.931196187018242e-07,1.570796303017762,3.141592649057398,1.6272997247374084,0.9000000006867371,0,0.0,0.0
0.39269908169872414,1.05,0.5,1.0,0.0,0.9102397191194571,1.0000000000000002,-2.220446049250313e-16,0.0,0.07936016499815061,0.28170936263843027,0.022356501500509673,2.220446049250313e-16,0.0,1.0002513317239363,0.9241244036825065,0.07612692804142984,3.333333325857625e-09,0.49999998663130085,0.004186584796803561,1.0,4.440892098500626e-16,0.0,10.0,10.0,-3.3333524597384617e-09,0.0,0.0,3.0330323647491606,4.388114283939775,-2.6737398309981896e-08,1.57079633012823,3.1415926563692143,1.6772830051004741,1.0500000000256902,0,0.0,0.0
0.39269908169872414,1.2,0.5,1.0,0.0,0.8544817581442571,1.0,0.0,0.0,0.12663077897802627,0.3558521869794062,0.045061839638236456,0.0,0.0,1.0010291458725673,0.8828089982740316,0.11822014759853572,3.3333350026345397e-09,0.4999999520318667,0.010126030007149067,1.0,0.0,0.0,10.0,10.0,-5.2735593669694936e-15,0.0,0.0,0.3893427124990838,2.399990740078319,-9.593626655479859e-08,1.5707963234615616,3.1415926732676795,1.718389331427769,1.2000000017500714,0,0.0,0.0
0.39269908169872414,1.3499999999999999,0.5,1.0,0.0,0.7866503272195184,1.0,0.0,0.0,0.1874450882382799,0.4329492906083574,0.08115421798078425,0.0,0.0,1.0033833863843231,0.8349867087669064,0.16839667761741672,1.2159980516786917e-08,0.5000000425427394,0.02069335160663688,1.0,0.0,3.1086244689504383e-15,10.0,10.0,3.721698816827161e-08,0.0,0.0,1.6939300754781477,2.9432565318328026,8.508547890744655e-08,1.5707963389548771,2.3880929546327365e-08,1.3912828762575533,4.491592664190795,0,0.0,0.0
0.39269908169872414,1.5,0.5,1.0,0.0,0.7093898950617038,1.0,0.0,0.0,0.2608872900834814,0.5107712698297364,0.1332537324383786,0.0,0.0,1.0092962821375233,0.787072986800434,0.2222232953370893,3.3333339919914397e-09,0.4999999722903315,0.036598374395247935,1.0,2.220446049250313e-16,0.0,10.0,10.0,-8.834135595252258e-08,0.0,0.0,1.2380665076607953,2.9999999241543014,-5.541933701878262e-08,1.5707963301282306,6.283185279110671,1.3688926032351834,4.6415926950406945,0,0.0,0.0
0.39269908169872414,1.65,0.5,1.0,0.0,0.6256429427782447,0.9999999999999998,2.220446049250313e-16,-1.1102230246251565e-16,0.34473425949401426,0.5871407493046401,0.20240753143029577,2.220446049250313e-16,1.1102230246251565e-16,1.0218953475970813,0.7488173216991221,0.27307802589795926,3.333333892411515e-09,0.4999999976431893,0.05692619418114753,1.0,2.220446049250313e-16,0.0,10.0,10.0,1.39923711643317e-08,0.0,0.0,1.587307579098742,3.2243894395174726,-4.7136213816128455e-09,1.5707963234615627,3.141592652739986,1.7850519300448742,1.6499999967163637,0,0.0,0.0
0.39269908169872414,1.7999999999999998,0.5,1.0,0.0,0.5385024845951096,0.9999999999999997,3.3306690738754696e-16,0.0,0.43563489184998255,0.6600264326903753,0.2875305436232014,3.3306690738754696e-16,0.0,1.0448288542231814,0.7316030181562649,0.31322583606691645,3.835950962999621e-08,0.5000000093756907,0.07870101026765708,1.0,0.0,0.0,10.0,10.0,-3.33333614105131e-09,0.0,0.0,1.2606773907960755,3.3005097894024584,1.8751381309240624e-08,1.570796288435387,6.283185307179586,1.3550564531942642,4.941592695257743,0,0.0,0.0
0.39269908169872414,1.95,0.5,1.0,0.0,0.45106008059135455,0.9999999999999998,2.220446049250313e-16,-1.1102230246251565e-16,0.5294418816821024,0.7276275707270186,0.38523651020948974,2.220446049250313e-16,1.1102230246251565e-16,1.0804225232173998,0.7442739289861693,0.33614859423123056,3.3333325601438855e-09,0.5000000212834876,0.09735737557153301,1.0,0.0,0.0,10.0,10.0,3.3333346220506085e-09,0.0,0.0,2.355437444033716,3.7299139231352694,4.256697529383625e-08,1.570796323461564,3.1415926568902073,1.775787291315968,1.9499999898477955,0,0.0,0.0
0.39269908169872414,2.1,0.5,1.0,0.0,0.36625795245930937,0.9999999999999999,1.1102230246251565e-16,0.0,0.6216447907445302,0.7884445387879417,0.4901324403284976,1.1102230246251565e-16,0.0,1.127583790445338,0.7884445387879415,0.33913925165739656,5.50169015328318e-09,0.49999999590977523,0.10648926047383744,1.0,0.0,2.220446049250313e-16,10.0,10.0,-3.333335142834099e-09,0.0,0.0,1.6957585054772124,3.6936278101584166,-8.180449529821183e-09,1.5707963322965868,6.13801462504504,1.3910187455456835,5.241592647103301,0,0.0,0.0
0.39269908169872414,2.25,0.5,1.0,0.0,0.28675341970695856,1.0,0.0,0.0,0.7078396869081567,0.8413320907395347,0.5955282436948571,0.0,0.0,1.1816058995740928,0.8413320907395347,0.34027380883455804,6.123233995736766e-17,0.5000000075835862,0.07449520676873167,1.0,4.440892098500626e-16,0.0,10.0,10.0,1.3737685842258033e-08,0.0,0.0,2.9263852448195196,4.500008291543372,1.516717246562227e-08,1.5707963267948966,0.7018993390115753,1.4343342335013838,5.3915926389602955,0,0.0,0.0
0.39269908169872414,2.4,0.5,1.0,0.0,0.21480298002144563,1.0,0.0,-1.1102230246251565e-16,0.784168553087162,0.8855329203858895,0.6944070688900521,0.0,1.1102230246251565e-16,1.236149664643426,0.8855329203858894,0.35061674425753664,3.3333334483223052e-09,0.5000000035400479,0.05063742731695664,1.0,2.220446049250313e-16,0.0,10.0,10.0,-2.2309772106300272e-08,0.0,0.0,1.6532482630156664,3.976514578979159,7.0800957712020026e-09,1.5707963234615632,2.204886595407417,1.6398812520810013,2.4000000154482044,0,0.0,0.0
0.39269908169872414,2.55,0.5,1.0,0.0,0.15217202783431424,0.9999999999999999,1.1102230246251565e-16,0.0,0.8476707145828314,0.9206903467414174,0.7804422441318121,1.1102230246251565e-16,0.0,1.2854187416798668,0.9206903467414176,0.3647283949384492,3.3333322156346003e-09,0.5000000224283297,0.033436872566715015,1.0,0.0,2.886579864025407e-15,10.0,10.0,-2.4754872461521093e-15,0.0,0.0,1.5343846338898475,4.121967360450196,4.485665951426407e-08,1.5707963301282288,2.049276969777339,1.5386605759078988,2.5500000202341453,0,0.0,0.0
0.39269908169872414,2.6999999999999997,0.5,1.0,0.0,0.10007453129997727,0.9999999999999998,2.220446049250313e-16,0.0,0.8965063058231173,0.9468401691009509,0.8488481822056293,2.220446049250313e-16,0.0,1.3252789047982945,0.9468401691009511,0.3784387356973433,6.6666663913230604e-09,0.5000000334535868,0.021615858523046594,1.0,4.440892098500626e-16,1.84297022087776e-14,10.0,10.0,-3.3333359627777856e-09,0.0,0.0,1.1005131374277435,4.364893852206657,6.690717358239625e-08,1.5707963201282302,1.2037690453023764,1.7535742630122602,5.84159265356913,0,0.0,0.0
0.39269908169872414,2.85,0.5,1.0,0.0,0.059145082968538744,0.9999999999999999,1.1102230246251565e-16,0.0,0.9300344452155445,0.9643829349462507,0.8969093478780747,1.1102230246251565e-16,0.0,1.3534877601953759,0.9643829349462505,0.3891048252491254,7.273661547324616e-16,0.4999999873700379,0.014132920897187096,1.0,0.0,5.10702591327572e-15,10.0,10.0,-3.3333399132559217e-09,0.0,0.0,2.208040164876832,4.098621070306533,-2.5259924098123938e-08,1.570796326794896,5.000778741914137,1.9749720693875301,5.9915926306455285,0,0.0,0.0
0.39269908169872414,3.0,0.5,1.0,0.0,0.029443729798863214,0.9999999999999998,2.220446049250313e-16,0.0,0.9487518843073485,0.9740389542042702,0.9241212931900604,2.220446049250313e-16,0.0,1.369501550501554,0.9740389542042706,0.3954625962972834,3.3333325601438855e-09,0.5000000806454306,0.010163164698478222,1.0,2.220446049250313e-16,0.0,10.0,10.0,1.1011850308767204e-15,0.0,0.0,1.2463903981662405,4.864386576481293,1.6129086109161025e-07,1.570796323461564,1.8117292989045726,0.8602099178663111,2.9999999986985273,0,0.0,0.0
0.7853981633974483,0.0,0.0,1.0,1.0,0.5000000000000001,0.4999999999999999,0.5000000000000001,0.6008760366928562,0.4999999999999999,0.7071067811865475,0.3535533905932737,0.0,0.0,0.894041795761324,0.7135337899642761,0.18050800579704795,0.7138178214059144,0.7222220964016672,0.3149860092410754,1.0,4.440892098500626e-16,3.3038979219135456e-08,10.0,10.0,0.10747258100975225,0.0,0.0,2.76788162966711,1.9915054749180072e-08,0.4444441928033346,0.7758617030615648,3.1415926568948205,2.8852815302337858,3.141592651980667,0,0.0,0.0
0.7853981633974483,0.15,0.0,1.0,1.0,0.5660779924033721,0.433922007596628,0.566077992403372,0.6591581053844442,0.4339220075966281,0.6587275670538072,0.28583638835523045,1.1102230246251565e-16,1.1102230246251565e-16,0.8106029831744723,0.7053195882134191,0.10528339496105321,0.7757229512140166,0.3258594243784747,0.37758084949634807,1.0,0.0,3.1531486310854007e-09,10.0,10.0,-0.0843280712019967,0.0,0.0,2.0250521805660946,0.1555506060389484,-0.3482811512430506,2.458656205943999,0.016651812243032398,0.22846628075803666,0.15555060675719967,0,0.0,0.0
0.7853981633974483,0.3,0.0,1.0,1.0,0.6277551277931803,0.37224487220681957,0.6277551277931804,0.7116932157442641,0.3722448722068196,0.6101187361545453,0.22711357097083498,1.1102230246251565e-16,0.0,0.7312435501239293,0.6780296674730126,0.053213882650916644,0.8769906190163299,0.5932316130897661,0.5051085814474447,1.0,3.3306690738754696e-16,1.8026772652390832e-07,10.0,10.0,0.06587283060400606,0.0,0.0,2.870456711478059,0.3243235622697019,0.18646322617953226,0.5012333001936349,3.2145541119773373,2.9952158924577397,3.4659162298886512,0,0.0,0.0
0.7853981633974483,0.44999999999999996,0.0,1.0,1.0,0.6828408697669647,0.3171591302330352,0.6828408697669648,0.7572638374490064,0.3171591302330352,0.5631688292448679,0.178614136057659,1.1102230246251565e-16,2.220446049250313e-16,0.6586326043599073,0.6303002815441172,0.028332322815790123,0.9505757153087991,0.5388612780213689,0.644573363784411,1.0,0.0,1.0736835864832983e-09,10.0,10.0,-0.05119636009225218,0.0,0.0,2.1705633761092304,0.5098061662079927,0.07772255604273759,0.3157114630996006,3.3210111676238023,3.0725163709833883,3.651398819495459,0,0.0,0.0
0.7853981633974483,0.6,0.0,1.0,1.0,0.7293261727993375,0.2706738272006625,0.7293261727993374,0.7948213407604843,0.2706738272006626,0.5202632287608481,0.14082163928047256,5.551115123125783e-17,0.0,0.5955655116923455,0.578653930491313,0.016911581201032533,0.9768252515956057,0.5189154185768063,0.7289501204440713,1.0,9.992007221626409e-16,4.6249825969013614e-08,9.0,10.0,-0.039910959076153586,0.0,0.0,2.234151679575333,0.7154882501955705,0.037830837153612684,0.21570728883477908,3.488070909574434,3.1046624247030845,3.857080937666032,0,0.0,0.0
0.7853981633974483,0.75,0.0,1.0,1.0,0.7654812317529822,0.23451876824701734,0.7654812317529827,0.8235064568118972,0.23451876824701734,0.4842713787196362,0.11357072723461392,4.440892098500626e-16,3.3306690738754696e-16,0.5449547089209534,0.5337913002614354,0.011163408659518037,0.9873274362275145,0.489380020888875,0.7813534521957993,1.0,0.0,1.1550828737938446e-08,10.0,8.0,0.031796111870305045,0.0,0.0,2.984411491127179,0.9437708998362861,-0.02123995822225,2.9822225168733514,0.5813308666592403,0.022442049721820068,0.9437707794978465,0,0.0,0.0
0.7853981633974483,0.8999999999999999,0.0,1.0,1.0,0.789940732795669,0.21005926720433107,0.7899407327956689,0.8426658090119283,0.21005926720433107,0.4583222307550999,0.09627483193587061,8.326672684688674e-17,4.440892098500626e-16,0.5096988955473221,0.5014187421480736,0.00828015339924848,0.9917692929643247,0.507014033429564,0.812328160737588,1.0,0.0,3.186970931601252e-08,8.0,10.0,-0.026646209100682963,0.0,0.0,2.326698608309532,1.194047673609909,0.014028066859127835,0.12839020709843468,4.023735660184335,3.1258705554279027,4.335640332957512,0,0.0,0.0
0.7853981633974483,1.05,0.0,1.0,1.0,0.8017717652347592,0.19822823476524093,0.8017717652347591,0.8518643525538756,0.19822823476524093,0.44522829510852174,0.08825681900690002,1.6653345369377348e-16,2.220446049250313e-16,0.4922852933361962,0.485174631348093,0.007110661988103173,0.9933875397429052,0.505680175512983,0.8262650258154053,1.0,2.220446049250313e-16,4.245135060143568e-08,8.0,10.0,-0.02425932858762404,0.0,0.0,2.3465348520170077,1.4606288034743184,0.011360351025966109,0.11506311809627823,4.373427944419319,3.1284669406795644,4.602221518425976,0,0.0,0.0
0.7853981633974483,1.2,0.0,1.0,1.0,0.8005205137093206,0.19947948629067933,0.8005205137093206,0.8508935980938426,0.19947948629067924,0.44663126434529776,0.08909377517295657,2.7755575615628914e-17,1.1102230246251565e-16,0.4941392849380963,0.4869111284608583,0.007228156477237957,0.9932304725689981,0.4941901879756195,0.824821479183905,1.0,6.661338147750939e-16,4.273924986142319e-08,9.0,10.0,0.024508439026834333,0.0,0.0,3.012788508365686,1.7325215609596203,-0.011619624048761046,3.0251694686215824,1.597650738599165,0.013382139891786382,1.732521477013629,0,0.0,0.0
0.7853981633974483,1.3499999999999999,0.0,1.0,1.0,0.7862350513716844,0.21376494862831574,0.7862350513716843,0.8397755367524384,0.2137649486283158,0.46234721652489247,0.09883362898888844,1.1102230246251565e-16,0.0,0.5151018181993545,0.5064272020465974,0.008674616152757109,0.9911971275736132,0.4925159351462762,0.8078265399919831,1.0,3.3306690738754696e-16,2.395560272705488e-06,8.0,10.0,-0.027408073153896335,0.0,0.0,2.3206249684486,1.996707108615749,-0.014968129707447637,3.008808483421978,1.9401212574180513,0.016618275988333202,1.9967071084633699,0,0.0,0.0
0.7853981633974483,1.5,0.0,1.0,1.0,0.7594629229791725,0.24053707702082744,0.7594629229791725,0.8187622265943482,0.2405370770208275,0.4904457941718202,0.117970397767248,5.551115123125783e-17,4.440892098500626e-16,0.5534933868342782,0.5415097965916903,0.011983590242587883,0.9859588683533741,0.48828464418691336,0.7732369651690982,1.0,0.0,1.2695730744471945e-07,7.0,9.0,0.033106093648353666,0.0,0.0,2.979492501568436,2.2430578735777313,-0.023430711626173273,2.973818316251604,2.229189372423612,0.024422186957285374,2.243057887612248,0,0.0,0.0
0.7853981633974483,1.65,0.0,1.0,1.0,0.7212236570121762,0.2787763429878237,0.7212236570121763,0.7883310447936591,0.2787763429878237,0.5279927489917108,0.14719188768799707,1.1102230246251565e-16,4.440892098500626e-16,0.6067031034761323,0.5881890166016752,0.018514086874457103,0.9735517435008642,0.4785476329498514,0.7158565339487947,1.0,0.0,3.3338565241791684e-10,7.0,9.0,-0.04180914574785228,0.0,0.0,2.2226941516552805,2.4669604977534436,-0.042904734100297146,2.9110902854456278,2.4508815102264596,0.041188144435332884,2.466960492776199,0,0.0,0.0
0.7853981633974483,1.7999999999999998,0.0,1.0,1.0,0.6729577874349879,0.3270422125650121,0.6729577874349879,0.7491756536312968,0.3270422125650121,0.5718760465039711,0.18702760756159043,0.0,2.220446049250313e-16,0.6718087837409831,0.6401730547148236,0.03163572902615952,0.9418132261207179,0.5453775646925594,0.623098253222371,1.0,1.1102230246251565e-16,2.0835681702191522e-07,10.0,10.0,-0.05372117920110496,0.0,0.0,2.157625193149045,2.6685566884898635,0.09075512938511876,0.34281184411144694,5.747223367470022,3.0625246537441466,5.810149364233515,0,0.0,0.0
0.7853981633974483,1.95,0.0,1.0,1.0,0.6164553084937068,0.38354469150629317,0.6164553084937068,0.7021927711573007,0.38354469150629317,0.6193098509682315,0.23753300573641878,5.551115123125783e-17,3.3306690738754696e-16,0.7459159907313733,0.6851115311505087,0.060804459580864556,0.8548638446229336,0.6099944206006078,0.473687249526907,1.0,0.0,6.380496179403394e-06,10.0,10.0,0.06907768144917617,0.0,0.0,2.861113363575997,2.850578878601674,0.21998884120121565,0.5455079603744075,5.843319641307252,2.9744773949941368,5.992171530765202,0,0.0,0.0
0.7853981633974483,2.1,0.0,1.0,1.0,0.553767646494931,0.44623235350506896,0.553767646494931,0.6484648780334024,0.446232353505069,0.6680062525942919,0.2980860022512524,0.0,1.1102230246251565e-16,0.8262541598425096,0.7081320863993368,0.11812207344317283,0.7623554285596267,0.6852194254888653,0.36307300436801687,1.0,0.0,1.614833317731268e-06,10.0,10.0,-0.08833060192779803,0.0,0.0,2.0101701042766544,3.0165759379186023,0.37043885097773055,0.7038513263012801,5.891328720544717,2.9055596561277985,6.158168589434357,0,0.0,0.0
0.7853981633974483,2.25,0.0,1.0,1.0,0.4871081393423609,0.512891860657639,0.48710813934236097,0.5892390308559564,0.5128918606576391,0.7161646882230644,0.36731503948002553,1.1102230246251565e-16,5.551115123125783e-16,0.9101768574875524,0.7133320922203177,0.1968447652672347,0.7031029693196167,0.2705862181525488,0.3054962344053015,1.0,0.0,2.1555653595406454e-08,10.0,9.0,0.11255513716672895,0.0,0.0,2.7582043865912675,3.1699707802643613,-0.4588275636949024,0.7910444979381684,2.7599397540481263,1.2854180035192375,3.169970780413211,0,0.0,0.0
0.7853981633974483,2.4,0.0,1.0,1.0,0.4187466129289701,0.5812533870710299,0.4187466129289701,0.5259019908519834,0.5812533870710298,0.7623997554242983,0.44314744014249813,0.0,1.1102230246251565e-16,0.9951509406392397,0.7030605232508016,0.2920904173884381,0.6455380874991095,0.7623114737476405,0.2615685942071291,1.0,0.0,1.5578631717971803e-09,10.0,8.0,-0.14425190475470495,0.0,0.0,1.8377743066684158,3.313711434462573,0.524622947495281,0.8690686993999008,5.882701139612047,2.8687572453757526,0.17211878346808707,0,0.0,0.0
0.7853981633974483,2.55,0.0,1.0,1.0,0.35090389871147804,0.649096101288522,0.350903898711478,0.4599519198378092,0.649096101288522,0.8056650056248701,0.5229540140956983,1.1102230246251565e-16,1.6653345369377348e-16,1.078734709236976,0.6638906486112746,0.41484406062570134,5.802724062936933e-08,0.16784524506214415,0.12254958506360841,1.0,0.0,8.881784197001252e-16,10.0,10.0,-0.18896066512890208,0.0,0.0,1.7313395260340962,3.450218657180088,-0.6643095098757117,1.570796268767656,2.7006559892009414,0.6339991319032077,3.450218652434783,0,0.0,0.0
0.7853981633974483,2.6999999999999997,0.0,1.0,1.0,0.28565203671650885,0.7143479632834909,0.2856520367165091,0.3929669525970322,0.7143479632834909,0.8451910809299226,0.6037605272476624,2.220446049250313e-16,4.440892098500626e-16,1.1584655327114968,0.6009548693308394,0.5575106633806574,1.0842603864576817e-08,0.13776209962234304,0.12655927373729503,1.0,2.220446049250313e-16,8.881784197001252e-16,10.0,10.0,-0.25874763553436314,0.0,0.0,1.5960370953043557,3.5814473390226094,-0.7244758007553139,1.5707963376375005,2.6443420119134746,0.5638737419685602,3.581447355990615,0,0.0,0.0
0.7853981633974483,2.85,0.0,1.0,1.0,0.22482546361611602,0.7751745363838839,0.2248254636161161,0.32657104620287714,0.7751745363838838,0.8804399675070889,0.6824946436261492,1.1102230246251565e-16,2.220446049250313e-16,1.231416364056644,0.5332690124869648,0.6981473515696792,5.6963933508898707e-08,0.10926634557386056,0.12416633205136557,1.0,2.220446049250313e-16,0.0,10.0,10.0,-0.38120756681023094,0.0,0.0,1.4067197058521652,3.708975530304581,-0.7814673088522789,1.5707963837588301,2.5769266117727576,0.4940070006133998,3.708975536029817,0,0.0,0.0
0.7853981633974483,3.0,0.0,1.0,1.0,0.16994772919108658,0.8300522708089133,0.1699477291910867,0.26239767206128584,0.8300522708089133,0.9110720447960816,0.7562374196535075,1.1102230246251565e-16,6.106226635438361e-16,1.2925595249980828,0.4621907994121297,0.8303687255859531,2.21217682488596e-09,0.9168273676777676,0.11527761606579612,1.0,2.220446049250313e-16,0.0,10.0,10.0,-0.633028181334321,0.0,0.0,1.1043270582729956,3.8340879354404254,0.8336547353555354,1.5707963290070734,5.643856539004013,2.7166734510280497,0.6924953277844589,0,0.0,0.0
0.7853981633974483,0.0,0.1,1.0,0.8,0.5000000000000001,0.6799999999999998,0.3200000000000002,0.2859471243535133,0.32,0.565685424949238,0.18101933598375616,1.1102230246251565e-16,1.1102230246251565e-16,0.7570855378434957,0.6886671605416759,0.06841837730181988,0.4243505519683998,0.6646340710634426,0.09135630061811617,1.0,3.3306690738754696e-16,2.1957655050197644e-05,10.0,7.0,2.571050321417798e-08,0.0,0.0,2.356194399014974,0.0,0.3292681421268853,1.1325517892938355,3.1415926468806354,2.6796816614887717,3.1415927822872423,0,0.0,0.0
0.7853981633974483,0.15,0.1,1.0,0.8,0.5660779924033721,0.6377100848618421,0.3622899151381579,0.3201908714192385,0.27771489758110013,0.5269866199260662,0.14635203517937764,3.3306690738754696e-16,0.0,0.6966492469384689,0.6802023875416114,0.016446859396857416,0.9035429960558171,0.49999999865708783,0.26497214799169755,1.0,0.0,1.7763568394002505e-15,10.0,10.0,-4.732954140302609e-09,0.0,0.0,2.4224663224615988,0.15555058061204277,-2.6858242965477686e-09,2.698763500603136,3.16031215940073,1.4624720495315813,3.297251835995232,0,0.0,0.0
0.7853981633974483,0.3,0.1,1.0,0.8,0.6277551277931803,0.5982367182123647,0.4017632817876353,0.3515814255455566,0.23831598665937692,0.48817618403541246,0.11634018896200887,2.220446049250313e-16,1.1102230246251565e-16,0.6392652260705285,0.6363538594369609,0.0029113666335676136,0.9831762235090072,0.5000000135989706,0.3397187227616927,1.0,0.0,4.107825191113079e-15,6.0,8.0,1.6750017804879995e-09,0.0,0.0,2.4853821582188345,0.3243235715833494,2.719794116649269e-08,0.18369084092639873,3.2230707705258994,2.919132860356204,0.3229868349190257,0,0.0,0.0
0.7853981633974483,0.44999999999999996,0.1,1.0,0.8,0.6828408697669647,0.5629818433491426,0.4370181566508574,0.379178169408806,0.20338974342952634,0.4509875202591823,0.09172623603543342,1.1102230246251565e-16,0.0,0.5867968090847926,0.5867859754940115,1.0833590781134106e-05,0.9994755043131064,0.5000000059448695,0.37875710877118657,1.0,0.0,1.965094753586527e-14,7.0,9.0,-8.35605647324232e-10,0.0,0.0,2.5433770697215436,0.5098061658254581,1.1889739010056983e-08,3.1092031014905435,3.3411863004884013,0.699018275791247,3.651666299700881,0,0.0,0.0
0.7853981633974483,0.6,0.1,1.0,0.8,0.7293261727993375,0.533231249408424,0.46676875059157596,0.40216061225301647,0.17452512577812165,0.41776204444410897,0.07290997335193337,1.1102230246251565e-16,1.1102230246251565e-16,0.5413319759879025,0.5413319759879025,0.0,1.0,0.5000000037494684,0.40216061225301664,1.0,0.0,0.0,9.0,9.0,7.498936801935586e-09,0.0,0.0,2.594433493900473,0.7154882655884299,7.498936801935586e-09,0.0,0.0,2.594433493900473,0.7154882655884299,0,0.0,0.0
0.7853981633974483,0.75,0.1,1.0,0.8,0.7654812317529822,0.5100920116780909,0.48990798832190907,0.4198504954840664,0.15322251886675983,0.39143648126708863,0.05997688363608457,3.3306690738754696e-16,2.220446049250313e-16,0.5051173502646752,0.5051173502646749,3.3306690738754696e-16,1.0,0.49999999775560955,0.4198504954840667,1.0,0.0,0.0,7.0,7.0,-7.029779180279339e-09,0.0,0.0,2.6360624631531926,0.9437708429069067,-4.4887808916511546e-09,5.151759848035447e-09,3.1415926535897927,2.6360624813473823,0.9437708592889194,0,0.0,0.0
0.7853981633974483,0.8999999999999999,0.1,1.0,0.8,0.789940732795669,0.49443793101077205,0.505562068989228,0.4317290140844201,0.1407901671160854,0.3752201581952726,0.05282730877763643,3.3306690738754696e-16,2.220446049250313e-16,0.4804079111077438,0.4804079111077437,5.551115123125783e-17,0.9999999999999999,0.5000000004067744,0.43172901408442,1.0,0.0,0.0,7.0,7.0,8.048572050057772e-09,0.0,0.0,2.665486069228587,1.1940476786317844,8.135488306370609e-10,1.1669055869331678e-08,0.6233832869422662,2.665486054686037,1.1940476801550466,0,0.0,0.0
0.7853981633974483,1.05,0.1,1.0,0.8,0.8017717652347592,0.48686607024975426,0.5131339297502457,0.4374494206715964,0.13823758892871785,0.3718031588471484,0.05139717223511088,2.220446049250313e-16,0.0,0.4691886365459629,0.4691886365459629,0.0,1.0,0.500000000701282,0.4374494206715965,1.0,1.1102230246251565e-16,0.0,8.0,8.0,1.402563970825733e-09,0.0,0.0,2.6801634485440435,1.4606287798301631,1.402563970825733e-09,0.0,0.0,2.6801634485440435,1.4606287798301631,0,0.0,0.0
0.7853981633974483,1.2,0.1,1.0,0.8,0.8005205137093206,0.4876668712260347,0.5123331287739653,0.43684519932329324,0.14617777300013593,0.3823320193236972,0.05588844313138301,0.0,0.0,0.4727939668825617,0.4727939668825617,0.0,1.0,0.49999999985975163,0.4368451993232932,1.0,2.220446049250313e-16,0.0,8.0,6.0,-2.8049673017204005e-10,0.0,0.0,2.678596003950285,1.732521509242888,-2.8049673017204005e-10,0.0,0.0,2.678596003950285,1.732521509242888,0,0.0,0.0
0.7853981633974483,1.3499999999999999,0.1,1.0,0.8,0.7862350513716844,0.4968095671221221,0.5031904328778779,0.4299339239335137,0.16475057425320555,0.40589478224437125,0.06687139846113999,2.220446049250313e-16,1.1102230246251565e-16,0.49157727880757396,0.49157727880757396,0.0,1.0,0.5000000041334624,0.42993392393351393,1.0,1.1102230246251565e-16,0.0,6.0,6.0,8.266924795042149e-09,0.0,0.0,2.660952128923528,1.9967071088378987,8.266924795042149e-09,5.151759848035447e-09,2.3999631907981125,2.660952120943238,1.996707120903227,0,0.0,0.0
0.7853981633974483,1.5,0.1,1.0,0.8,0.7594629229791725,0.5139437292933295,0.48605627070667046,0.416916852993933,0.19357839850247463,0.4399754521589524,0.08516974340933214,0.0,1.1102230246251565e-16,0.5248091097379128,0.5248091097379128,0.0,1.0,0.5000000009830503,0.416916852993933,1.0,0.0,0.0,6.0,8.0,1.9661007114135405e-09,0.0,0.0,2.628991428550594,2.243057892698372,1.9661007114135405e-09,0.0,0.0,2.628991428550594,2.243057892698372,0,0.0,0.0
0.7853981633974483,1.65,0.1,1.0,0.8,0.7212236570121762,0.5384168595122074,0.4615831404877926,0.3981742554255491,0.23176207725935535,0.48141673969582255,0.1115741436193302,2.220446049250313e-16,1.1102230246251565e-16,0.5708342569206271,0.5708342569206271,0.0,1.0,0.5000000016193626,0.39817425542554896,1.0,1.1102230246251565e-16,0.0,5.0,8.0,3.2387253439834367e-09,0.0,0.0,2.5853573872714795,2.4669604947157477,3.2387253439834367e-09,0.0,0.0,2.5853573872714795,2.4669604947157477,0,0.0,0.0
0.7853981633974483,1.7999999999999998,0.1,1.0,0.8,0.6729577874349879,0.5693070160416078,0.4306929839583922,0.3742564041968809,0.2779202261855511,0.527181397799231,0.14651437331717726,2.220446049250313e-16,1.1102230246251565e-16,0.6273674023849662,0.6264292971653377,0.00093810521962856,0.9896753111513231,0.49999999081060176,0.36640367036192933,1.0,2.220446049250313e-16,9.992007221626409e-16,10.0,8.0,1.1878811625411722e-08,0.0,0.0,2.5328017093646027,2.6685567041854394,-1.8378796525652146e-08,0.14382283866359463,2.7517152152537783,2.1988707588899064,2.6773716866679513,0,0.0,0.0
0.7853981633974483,1.95,0.1,1.0,0.8,0.6164553084937068,0.6054686025640277,0.3945313974359723,0.3458701099657473,0.33027006393266745,0.5746912770633181,0.1898033248172484,1.1102230246251565e-16,1.1102230246251565e-16,0.6917927156109618,0.6797279814389334,0.012064734172028357,0.8982295154410366,0.4962119533844293,0.2823141136140047,1.0,0.0,7.834647993698596e-06,10.0,9.0,-1.5484541426247978e-08,0.0,0.0,2.4737292435735,2.8505788931769143,-0.007576093231141396,2.6865209513584816,2.860914583719096,0.0495620887736037,3.124136476103179,0,0.0,0.0
0.7853981633974483,2.1,0.1,1.0,0.8,0.553767646494931,0.6455887062432442,0.35441129375675584,0.313860592791387,0.38674249405405303,0.6218862388363752,0.24050983502547424,1.1102230246251565e-16,1.1102230246251565e-16,0.7614015666383266,0.7002413881876024,0.06116017845072419,0.6261971022786585,0.35521278549711466,0.14933094961876592,1.0,1.1102230246251565e-16,0.0016819918658617095,10.0,8.0,1.6147878103274523e-08,0.0,0.0,2.4100663850882627,3.0165759408474444,-0.28957442900577063,2.2474623211393823,2.880899406610547,0.3233282329275811,3.0396977941723784,1,0.0,3.987921104453562e-12
0.7853981633974483,2.25,0.1,1.0,0.8,0.4871081393423609,0.6882507908208892,0.31174920917911075,0.27918840997800076,0.4451200521056301,0.6671731799957415,0.29697216064318344,2.220446049250313e-16,3.3306690738754696e-16,0.8335656877036407,0.6921792765698973,0.1413864111337434,0.5593290750591811,0.3091443305116049,0.12764746658764525,1.0,0.0,4.9364051169731304e-05,10.0,8.0,1.3652773155785632e-08,0.0,0.0,2.343301212402777,3.169970778914402,-0.3817113389767902,0.9772201194022759,2.845473444784076,1.2039358796671067,3.158066679270304,0,0.0,0.0
0.7853981633974483,2.4,0.1,1.0,0.8,0.4187466129289701,0.7320021677254591,0.2679978322745409,0.24290108993657367,0.5031837470428268,0.7093544579706443,0.35693563414320206,0.0,1.1102230246251565e-16,0.9058672337387734,0.6729826804656682,0.2328845532731052,0.46027491391629927,0.27829061749502987,0.10964229378710644,1.0,2.220446049250313e-16,7.41517958147142e-11,10.0,8.0,7.790022900554946e-08,0.0,0.0,2.2745793465586495,3.3137114338457643,-0.44341876500994026,1.0924914874204603,2.7595515284049044,1.0320716420389,3.23284190930163,0,0.0,0.0
0.7853981633974483,2.55,0.1,1.0,0.8,0.35090389871147804,0.7754215048246542,0.22457849517534578,0.20609910716770963,0.5588542395250488,0.7475655419593983,0.41778017244685056,2.220446049250313e-16,7.771561172376096e-16,0.9762021221282831,0.6350068756163186,0.3411952465119644,0.002125047271308753,0.24244205616285985,0.08393102111476258,1.0,8.659739592076221e-15,3.9226402737124744e-07,9.0,7.0,5.455295558655337e-08,0.0,0.0,2.2047955460317317,3.4502186437047873,-0.5151158876742803,1.568671277924194,2.692778524465747,0.6596094621548341,3.1371851467362784,0,0.0,0.0
0.7853981633974483,2.6999999999999997,0.1,1.0,0.8,0.28565203671650885,0.8171826965014343,0.18281730349856573,0.16989595029633786,0.6103142062547503,0.7812260916372099,0.4767933820230646,0.0,1.1102230246251565e-16,1.0427468763116496,0.5864499727592056,0.456296903552444,8.658409588688236e-07,0.2181637677998723,0.08612136897511247,1.0,0.0,3.3319916270535543e-08,9.0,10.0,-0.07065876151544576,0.0,0.0,1.9365310606743402,3.6050542874970923,-0.5636724644002554,1.5707971926358555,2.6913258915254206,0.586363569329417,3.27007104846381,0,0.0,0.0
0.7853981633974483,2.85,0.1,1.0,0.8,0.22482546361611602,0.8561117032856856,0.14388829671431436,0.1353724070137966,0.6561018068245438,0.8100011153230245,0.531443195293332,1.1102230246251565e-16,3.3306690738754696e-16,1.1035122168387503,0.534323631803044,0.5691885850357064,4.733833790436705e-06,0.8042520667920092,0.08633942989865329,1.0,8.881784197001252e-16,5.420716366499878e-05,10.0,7.0,-0.15498479316462266,0.0,0.0,1.694395010073496,3.750642511108371,0.6085041335840183,1.570801060628687,5.810011393399738,2.6282484771473134,0.2672756611311364,0,0.0,0.0
0.7853981633974483,3.0,0.1,1.0,0.8,0.16994772919108658,0.8912334533177045,0.10876654668229546,0.10352597344762382,0.6951693062593296,0.8337681369897327,0.5796100173722863,0.0,4.440892098500626e-16,1.1565901617122092,0.48016236901292325,0.6764277926992859,2.0202913437200813e-07,0.17590169342990497,0.08517564823072027,1.0,4.440892098500626e-16,6.504433380793984e-09,10.0,8.0,0.2713490170502026,0.0,0.0,2.5498320483807757,3.7303295186070744,-0.6481966131401901,1.5707961247657622,2.6294237750951353,0.43970144891591056,3.557110790753753,0,0.0,0.0
0.7853981633974483,0.0,0.25,1.0,0.5,0.5000000000000001,0.8749999999999999,0.1250000000000001,0.09657417614279573,0.12499999999999994,0.3535533905932737,0.04419417382415919,1.1102230246251565e-16,0.0,0.7392515637103098,0.7392515637103098,0.0,1.0,0.5000000022520736,0.09657417614279584,1.0,3.1086244689504383e-15,0.0,10.0,9.0,4.504147374274454e-09,0.0,0.0,2.356194488056242,6.283185281032404,4.504147374274454e-09,0.0,0.0,2.356194488056242,6.283185281032404,0,0.0,0.0
0.7853981633974483,0.15,0.25,1.0,0.5,0.5660779924033721,0.858480501899157,0.14151949810084297,0.10898970981077383,0.10849052839761177,0.329379004184559,0.03573450220706197,0.0,0.0,0.7072386607271126,0.7072386607271126,0.0,1.0,0.4999999956972907,0.10898970981077372,1.0,3.3306690738754696e-16,0.0,9.0,10.0,-8.605418644253505e-09,0.0,0.0,2.4224663650093037,0.1555506125308999,-8.605418644253505e-09,0.0,0.0,2.4224663650093037,0.1555506125308999,0,0.0,0.0
0.7853981633974483,0.3,0.25,1.0,0.5,0.6277551277931803,0.8430612180517049,0.15693878194829514,0.1205103952291603,0.09322636064964737,0.305329920986541,0.028464797331019604,1.1102230246251565e-16,0.0,0.6778361963686087,0.6778361963686087,0.0,1.0,0.4999999949027124,0.1205103952291603,1.0,3.3306690738754696e-16,0.0,8.0,8.0,-1.0194575140122955e-08,0.0,0.0,2.485382214668811,0.3243235724879323,-1.0194575140122955e-08,0.0,0.0,2.485382214668811,0.3243235724879323,0,0.0,0.0
0.7853981633974483,0.44999999999999996,0.25,1.0,0.5,0.6828408697669647,0.8292897825582588,0.1707102174417412,0.13074550778500738,0.08013957439239183,0.2830893399483489,0.022686659218483812,0.0,1.1102230246251565e-16,0.6518238362774693,0.6518238362774692,1.1102230246251565e-16,0.9999999999999999,0.5000000061848492,0.13074550778500726,1.0,0.0,0.0,10.0,8.0,3.0144284800496295e-08,0.0,0.0,2.543377050413697,0.5098061438817448,1.2369698389259147e-08,1.6960867117319443e-08,1.5665107734445174,2.543377082870651,0.5098061692336732,0,0.0,0.0
0.7853981633974483,0.6,0.25,1.0,0.5,0.7293261727993375,0.8176684568001655,0.18233154319983447,0.13934342631789864,0.07036403257036908,0.26526219589374034,0.018664917791554766,1.1102230246251565e-16,0.0,0.6299801760037043,0.6299801760037043,0.0,1.0,0.5000000024039338,0.13934342631789876,1.0,1.1102230246251565e-16,0.0,7.0,10.0,4.807867580585293e-09,0.0,0.0,2.5944334982250647,0.7154882675308781,4.807867580585293e-09,0.0,0.0,2.5944334982250647,0.7154882675308781,0,0.0,0.0
0.7853981633974483,0.75,0.25,1.0,0.5,0.7654812317529822,0.808629692061754,0.19137030793824605,0.1460062198342752,0.06515158203814755,0.25524807940148647,0.016629816185205544,4.440892098500626e-16,2.220446049250313e-16,0.613042366009735,0.613042366009735,0.0,1.0,0.5000000122651294,0.1460062198342753,1.0,2.220446049250313e-16,0.0,8.0,10.0,2.4530258608130433e-08,0.0,0.0,2.6360624471222325,0.9437708783955026,2.4530258608130433e-08,0.0,0.0,2.6360624471222325,0.9437708783955026,0,0.0,0.0
0.7853981633974483,0.8999999999999999,0.25,1.0,0.5,0.789940732795669,0.8025148168010829,0.19748518319891706,0.15050171935072143,0.065748642020486,0.25641498010156505,0.016858936735387842,2.220446049250313e-16,0.0,0.6016671066757622,0.6016671066757622,0.0,1.0,0.5000000010517046,0.15050171935072132,1.0,5.551115123125783e-16,0.0,9.0,9.0,2.103409226776042e-09,0.0,0.0,2.6654860837431693,1.1940476658604833,2.103409226776042e-09,0.0,0.0,2.6654860837431693,1.1940476658604833,0,0.0,0.0
0.7853981633974483,1.05,0.25,1.0,0.5,0.8017717652347592,0.7995570586913106,0.20044294130868945,0.15267274109514428,0.07324772260581786,0.2706431647129073,0.019823995454051706,3.3306690738754696e-16,1.1102230246251565e-16,0.5964037483278168,0.5964037483278168,0.0,1.0,0.499999996552412,0.15267274109514406,1.0,0.0,0.0,5.0,7.0,-6.8951759519055815e-09,0.0,0.0,2.6801634502269422,1.460628755593421,-6.8951759519055815e-09,0.0,0.0,2.6801634502269422,1.460628755593421,0,0.0,0.0
0.7853981633974483,1.2,0.25,1.0,0.5,0.8005205137093206,0.7998698715726698,0.20013012842733024,0.1524432394161951,0.08843425026871395,0.2973789674282866,0.026298486030204835,1.1102230246251565e-16,0.0,0.597701827358027,0.597701827358027,0.0,0.9999999999999998,0.5000000012538138,0.1524432394161952,1.0,1.1102230246251565e-16,0.0,7.0,8.0,2.50762768365376e-09,0.0,0.0,2.6785959954967877,1.7325215637739708,2.50762768365376e-09,2.020426226543881e-08,3.8269351121770274,2.6785960104150153,1.7325215218170629,0,0.0,0.0
0.7853981633974483,1.3499999999999999,0.25,1.0,0.5,0.7862350513716844,0.8034412371570788,0.19655876284292118,0.14982125715636452,0.1116516686801695,0.33414318589516306,0.037307644283303035,1.1102230246251565e-16,2.220446049250313e-16,0.6059653940470109,0.6059653940470109,0.0,1.0,0.4999999904697093,0.14982125715636463,1.0,1.1102230246251565e-16,0.0,8.0,10.0,-1.906058142575896e-08,0.0,0.0,2.660952145876855,1.9967071220783876,-1.906058142575896e-08,0.0,0.0,2.660952145876855,1.9967071220783876,0,0.0,0.0
0.7853981633974483,1.5,0.25,1.0,0.5,0.7594629229791725,0.8101342692552069,0.18986573074479307,0.14489861442340024,0.14270649677425892,0.3777651344079532,0.05390953893481606,0.0,0.0,0.6216071961101475,0.6216071961101474,1.1102230246251565e-16,0.9999999999999999,0.49999999358976904,0.14489861442340024,1.0,1.1102230246251565e-16,0.0,7.0,9.0,-1.282046186102758e-08,0.0,0.0,2.6289914203968863,2.243057891831957,-1.282046186102758e-08,1.166869174030273e-08,5.366480925173213,2.6289914552253033,2.2430578931765996,0,0.0,0.0
0.7853981633974483,1.65,0.25,1.0,0.5,0.7212236570121762,0.8196940857469561,0.18030591425304388,0.13784734185908476,0.1808299560535146,0.42524105640626303,0.07689632154209465,2.220446049250313e-16,0.0,0.644988288487586,0.6449882884875859,1.1102230246251565e-16,1.0,0.5000000047946366,0.13784734185908487,1.0,2.220446049250313e-16,0.0,8.0,8.0,9.589273212756291e-09,0.0,0.0,2.5853573898300404,2.4669604940460967,9.589273212756291e-09,5.0333604392516195e-09,2.424093293459178,2.5853573702963852,2.4669605284675673,0,0.0,0.0
0.7853981633974483,1.7999999999999998,0.25,1.0,0.5,0.6729577874349879,0.8317605531412531,0.16823944685874692,0.12891293052044472,0.22470474094113488,0.4740303164789515,0.106516859462647,0.0,0.0,0.6761628918493022,0.6761628918493022,0.0,1.0,0.4999999957014612,0.12891293052044484,1.0,0.0,0.0,10.0,9.0,-8.59707759403118e-09,0.0,0.0,2.532801706954953,2.6685567063170375,-8.59707759403118e-09,0.0,0.0,2.532801706954953,2.6685567063170375,0,0.0,0.0
0.7853981633974483,1.95,0.25,1.0,0.5,0.6164553084937068,0.8458861728765732,0.1541138271234268,0.11840454615873808,0.2725558840612396,0.5220688499242601,0.1422929369319413,1.1102230246251565e-16,0.0,0.7145281883814801,0.7145281883814801,0.0,1.0,0.49999999660523664,0.11840454615873797,1.0,0.0,0.0,10.0,10.0,-6.789526704826264e-09,0.0,0.0,2.4737292613574566,2.8505788615840446,-6.789526704826264e-09,0.0,0.0,2.4737292613574566,2.8505788615840446,0,0.0,0.0
0.7853981633974483,2.1,0.25,1.0,0.5,0.553767646494931,0.8615580883762672,0.13844191162373276,0.10668244898803048,0.3222951463154527,0.567710442316726,0.18297032007127953,0.0,2.220446049250313e-16,0.7586395679884351,0.7583999575317901,0.0002396104566450008,0.9479015213276121,0.500000021710769,0.09982875186539553,1.0,3.3306690738754696e-16,9.547918011776346e-15,10.0,10.0,2.2751779920513045e-08,0.0,0.0,2.410066292506149,3.0165759610657275,4.342153789116191e-08,0.3242136516854723,6.122656096905978,2.807459495190814,3.2381494214121447,0,0.0,0.0
0.7853981633974483,2.25,0.25,1.0,0.5,0.4871081393423609,0.87822296516441,0.12177703483558999,0.09414297697042096,0.37170059284095375,0.6096725291834574,0.22661564053633473,2.220446049250313e-16,0.0,0.8063632564343491,0.7371906769516087,0.06917257948274047,1.409797099163802e-05,0.49307724659268726,0.04478634216541166,1.0,2.220446049250313e-16,9.241961362871365e-08,10.0,6.0,-3.3447591749400245e-09,0.0,0.0,2.3433011888450364,3.1699707594899436,-0.013845506814625484,1.5708104247658887,3.063484634126125,0.7867354232474771,2.932399549406965,0,0.0,0.0
0.7853981633974483,2.4,0.25,1.0,0.5,0.4187466129289701,0.8953133467677574,0.10468665323224258,0.0812015933775484,0.41860830367894014,0.6469994618845831,0.2708393472206924,0.0,4.440892098500626e-16,0.8552767779490935,0.708791976864245,0.14648480108484851,6.789385137759691e-06,0.4684840260475165,0.050120187440342745,1.0,0.0,1.4633642198003116e-07,10.0,6.0,7.737259995175851e-09,0.0,0.0,2.274579176946579,3.3137114122572666,-0.06303194790496697,1.5708031161800344,3.0949149704527668,0.7145752948323958,3.105414337919045,0,0.0,0.0
0.7853981633974483,2.55,0.25,1.0,0.5,0.35090389871147804,0.9122740253221305,0.08772597467786947,0.06827466378161662,0.4610922226146199,0.6790377181089574,0.3130990106820189,0.0,0.0,0.9030975294398469,0.6817650212277635,0.2213325082120834,4.371485085399647e-06,0.5523903426275011,0.054616988454387894,1.0,0.0,4.244986625323577e-06,10.0,8.0,1.2400286279941574e-08,0.0,0.0,2.2047954365375717,3.4502186999233246,0.10478068525500217,1.570800698279982,6.242858215000221,2.499741229051183,0.1279954759946791,0,0.0,0.0
0.7853981633974483,2.6999999999999997,0.25,1.0,0.5,0.28565203671650885,0.9285869908208728,0.07141300917912718,0.055760800603116945,0.4976109694736144,0.7054154587713644,0.3510224703208931,0.0,0.0,0.9479924068651098,0.6567820006874012,0.29121040617770855,1.3312334998177774e-06,0.4314577575725893,0.058469037099052934,1.0,0.0,1.57037062242793e-08,10.0,6.0,-7.107493256495857e-09,0.0,0.0,2.134670017795572,3.581447342384527,-0.13708448485482144,1.5707976580283964,3.0860411499341813,0.5694231299373131,3.4251979749329626,0,0.0,0.0
0.7853981633974483,2.85,0.25,1.0,0.5,0.22482546361611602,0.9437936340959707,0.056206365904029276,0.04402277116849784,0.5271063498019253,0.7260209017665574,0.3826902274100722,2.220446049250313e-16,4.440892098500626e-16,0.9887356647916978,0.6344937938503217,0.35424187094137616,3.5845263460212874e-06,0.4201828672293532,0.061841212518312316,1.0,0.0,4.3235358255788725e-06,10.0,9.0,1.275413812767757e-08,0.0,0.0,2.0648033560708505,3.708975538506949,-0.15963426554129354,1.5707927422685506,3.0532924235572123,0.4978830524455587,3.573190700590259,0,0.0,0.0
0.7853981633974483,3.0,0.25,1.0,0.5,0.16994772919108658,0.9575130677022284,0.04248693229777156,0.03337107436896691,0.5490460946639474,0.7409764467673364,0.40683022433557436,1.1102230246251565e-16,2.220446049250313e-16,1.0247377519581655,0.6154488941099995,0.40928885784816604,4.865760465575023e-06,0.5867023861425383,0.0648369780404554,1.0,2.220446049250313e-16,1.8332000362164536e-09,10.0,8.0,1.2328501064317401e-08,0.0,0.0,1.9957155430959173,3.8340879413569087,0.1734047722850767,1.5708011925553622,6.148622064968119,2.713983637293261,0.5733073442811427,0,0.0,0.0
0.7853981633974483,0.0,0.4,1.0,0.19999999999999996,0.5000000000000001,0.9799999999999999,0.02000000000000013,0.014573976409076428,0.01999999999999997,0.1414213562373094,0.0028284271247461835,1.1102230246251565e-16,0.0,0.870153925140589,0.870153925140589,0.0,1.0,0.5000000653198374,0.014573976409076539,1.0,0.0,0.0,9.0,8.0,1.3063967486943654e-07,0.0,0.0,2.35619445669668,3.3934807605367096e-08,1.3063967486943654e-07,0.0,0.0,2.35619445669668,3.3934807605367096e-08,0,0.0,0.0
0.7853981633974483,0.15,0.4,1.0,0.19999999999999996,0.5660779924033721,0.9773568803038652,0.02264311969613475,0.01649259013757942,0.01736971422188717,0.13179421164029614,0.0022892277922908597,1.1102230246251565e-16,2.220446049250313e-16,0.8596827741585062,0.8596827741585062,0.0,1.0,0.49999997704819443,0.01649259013757931,1.0,0.0,0.0,9.0,10.0,-4.5903611123616124e-08,0.0,0.0,2.422466326598918,0.15555062216945653,-4.5903611123616124e-08,0.0,0.0,2.422466326598918,0.15555062216945653,0,0.0,0.0
0.7853981633974483,0.3,0.4,1.0,0.19999999999999996,0.6277551277931803,0.9748897948882729,0.025110205111727124,0.018281874381256613,0.015101177413639129,0.12288684800921182,0.0018557360935900138,1.1102230246251565e-16,1.1102230246251565e-16,0.8503415577252289,0.8503415577252289,0.0,1.0,0.5000000694196064,0.018281874381256613,1.0,0.0,0.0,9.0,8.0,1.3883921268780154e-07,0.0,0.0,2.485382189782846,0.3243236151254759,1.3883921268780154e-07,0.0,0.0,2.485382189782846,0.3243236151254759,0,0.0,0.0
0.7853981633974483,0.44999999999999996,0.4,1.0,0.19999999999999996,0.6828408697669647,0.9726863652093214,0.02731363479067861,0.01987867918670516,0.013774098757011747,0.11736310645603987,0.001616571018755176,0.0,0.0,0.8422986047396219,0.8422986047396219,0.0,1.0,0.49999998814216445,0.01987867918670516,1.0,0.0,0.0,8.0,10.0,-2.3715671090425237e-08,0.0,0.0,2.5433770777828864,0.5098061905905121,-2.3715671090425237e-08,0.0,0.0,2.5433770777828864,0.5098061905905121,0,0.0,0.0
0.7853981633974483,0.6,0.4,1.0,0.19999999999999996,0.7293261727993375,0.9708269530880265,0.029173046911973533,0.021225255314582636,0.014277290073886891,0.11948761473009196,0.001705959335738363,0.0,0.0,0.8357043646194542,0.8357043646194542,0.0,1.0,0.4999999820143156,0.021225255314582636,1.0,0.0,0.0,9.0,7.0,-3.5971368751991334e-08,0.0,0.0,2.5944335048414096,0.715488249163923,-3.5971368751991334e-08,0.0,0.0,2.5944335048414096,0.715488249163923,0,0.0,0.0
0.7853981633974483,0.75,0.4,1.0,0.19999999999999996,0.7654812317529822,0.9693807507298804,0.03061924927011961,0.022272004786585198,0.01772876989966405,0.1331494269595782,0.0023605755528384874,3.3306690738754696e-16,0.0,0.8306870289578889,0.8306870289578889,0.0,1.0,0.5000000016953033,0.02227200478658531,1.0,0.0,0.0,9.0,9.0,3.390606695744876e-09,0.0,0.0,2.6360624927747693,0.9437708156977723,3.390606695744876e-09,0.0,0.0,2.6360624927747693,0.9437708156977723,0,0.0,0.0
0.7853981633974483,0.8999999999999999,0.4,1.0,0.19999999999999996,0.789940732795669,0.9684023706881733,0.03159762931182675,0.022979859791533164,0.02534166696900936,0.1591906623172646,0.004034156749020148,0.0,2.220446049250313e-16,0.8273508027706707,0.8273508027706703,4.440892098500626e-16,0.9999999999999999,0.49999999023881364,0.02297985979153283,1.0,1.1102230246251565e-15,3.3306690738754696e-16,8.0,9.0,9.903013822396826e-08,0.0,0.0,2.6654860537090763,1.1940476820941395,-1.9522372723754694e-08,1.3004455881050008e-08,3.855103835858167,2.665486087106545,1.1940476959833697,0,0.0,0.0
0.7853981633974483,1.05,0.4,1.0,0.19999999999999996,0.8017717652347592,0.96792912939061,0.032070870609389956,0.02332216499322337,0.038253179201179405,0.19558419977385547,0.007481717442868565,4.440892098500626e-16,0.0,0.8257816887811019,0.8257816887811019,0.0,1.0,0.500000078060135,0.023322164993223038,1.0,0.0,0.0,8.0,9.0,1.5612027015233805e-07,0.0,0.0,2.6801634398289806,1.4606287748268583,1.5612027015233805e-07,0.0,0.0,2.6801634398289806,1.4606287748268583,0,0.0,0.0
0.7853981633974483,1.2,0.4,1.0,0.19999999999999996,0.8005205137093206,0.9679791794516269,0.032020820548373075,0.023285965322115798,0.057341584182563625,0.23946102852565304,0.013731074725647002,2.220446049250313e-16,1.1102230246251565e-16,0.8260691582853403,0.8260691582853403,0.0,1.0,0.500000019003357,0.02328596532211602,1.0,2.220446049250313e-16,0.0,5.0,9.0,3.8006713894918614e-08,0.0,0.0,2.678595992814357,1.7325215083173078,3.8006713894918614e-08,0.0,0.0,2.678595992814357,1.7325215083173078,0,0.0,0.0
0.7853981633974483,1.3499999999999999,0.4,1.0,0.19999999999999996,0.7862350513716844,0.9685505979451328,0.03144940205486724,0.022872632769946333,0.08305995029468856,0.2882012322921062,0.023937980029050333,1.1102230246251565e-16,2.220446049250313e-16,0.8283498534005131,0.8283498534005129,2.220446049250313e-16,0.9999999999999999,0.5000000106876764,0.022872632769946222,1.0,1.1102230246251565e-16,2.220446049250313e-16,5.0,9.0,2.95440956218631e-08,0.0,0.0,2.6609521328920964,1.9967070942247969,2.137535271891571e-08,1.2387717605902823e-08,4.349671237448351,2.6609521504222005,1.9967071136774448,0,0.0,0.0
0.7853981633974483,1.5,0.4,1.0,0.19999999999999996,0.7594629229791725,0.9696214830808333,0.03037851691916671,0.02209779998372685,0.11531393430521975,0.3395790545737763,0.03915819679054907,2.220446049250313e-16,1.1102230246251565e-16,0.8328644410248573,0.8328644410248573,0.0,1.0,0.4999999613723303,0.02209779998372685,1.0,0.0,0.0,10.0,9.0,-7.725533938567858e-08,0.0,0.0,2.6289914217725867,2.24305786789167,-7.725533938567858e-08,0.0,0.0,2.6289914217725867,2.24305786789167,0,0.0,0.0
0.7853981633974483,1.65,0.4,1.0,0.19999999999999996,0.7212236570121762,0.9711510537195132,0.028848946280486842,0.02099060406611497,0.1534049677119081,0.39166946231728106,0.06008404122052289,2.220446049250313e-16,0.0,0.8399926409006672,0.839992640900667,1.1102230246251565e-16,0.9999999999999984,0.49999996738262475,0.020990604066114527,1.0,4.440892098500626e-16,2.220446049250313e-16,10.0,10.0,2.5214982655904137e-08,0.0,0.0,2.5853573901839058,2.466960489343185,-6.523475054353208e-08,5.48243607499996e-08,1.531648376037829,2.5853573945504165,2.4669604557008107,0,0.0,0.0
0.7853981633974483,1.7999999999999998,0.4,1.0,0.19999999999999996,0.6729577874349879,0.9730816885026006,0.026918311497399428,0.01959227945993991,0.19605024888644929,0.44277561911926594,0.08680627032918375,1.1102230246251565e-16,2.220446049250313e-16,0.8502106016275177,0.8331783053427522,0.017032296284765547,5.132899439432102e-07,0.5000000166324345,0.022355444513229794,1.0,1.1102230246251565e-16,1.2212453270876722e-15,10.0,10.0,-3.4942786827059307e-09,0.0,0.0,2.5328017020922844,2.668556632640653,3.326486903290486e-08,1.5707958135049527,6.016083849871506,2.023391280897302,5.011290275601172,0,0.0,0.0
0.7853981633974483,1.95,0.4,1.0,0.19999999999999996,0.6164553084937068,0.9753417876602517,0.024658212339748298,0.017954172648962485,0.2414790179766246,0.4914051464694123,0.11866403219809303,0.0,0.0,0.8639263236353365,0.8041711268928273,0.059755196742509176,6.266928315751614e-08,0.4999999837302317,0.03199526219759741,1.0,5.551115123125783e-16,1.5543122344752192e-15,10.0,10.0,-4.636850531641717e-09,0.0,0.0,2.473729271656577,2.850578911669234,-3.253953667222934e-08,1.5707962641256135,2.914975938365662,1.078962117430287,2.0264643213148057,0,0.0,0.0
0.7853981633974483,2.1,0.4,1.0,0.19999999999999996,0.553767646494931,0.9778492941402029,0.02215070585979706,0.016135282128091788,0.28759272830236016,0.5362767273547866,0.15422928714502399,2.220446049250313e-16,2.220446049250313e-16,0.8812150402450197,0.7792226223777289,0.10199241786729085,1.4737629277890918e-08,0.49999999753147817,0.04253030567287408,1.0,1.1102230246251565e-16,3.3306690738754696e-16,10.0,10.0,-4.136233347632515e-12,0.0,0.0,2.410066289036356,3.01657594310489,-4.937043651155209e-09,1.570796341532526,2.952165574687884,1.0263101003392596,2.1861661772977206,0,0.0,0.0
0.7853981633974483,2.25,0.4,1.0,0.19999999999999996,0.4871081393423609,0.9805156744263059,0.01948432557369406,0.014199453119134287,0.33216703785228174,0.5763393426205449,0.19144093223599773,3.3306690738754696e-16,1.1102230246251565e-16,0.901577650882109,0.7595472209165304,0.14203042996557858,1.845596291888053e-08,0.5000000242573641,0.052869022451120795,1.0,1.1102230246251565e-16,0.0,10.0,10.0,-1.980567518985149e-08,0.0,0.0,2.343301214075132,3.1699707896345974,4.851472824230489e-08,1.5707963452508595,2.990466305332014,0.9607208112759236,2.348621565072518,0,0.0,0.0
0.7853981633974483,2.4,0.4,1.0,0.19999999999999996,0.4187466129289701,0.9832501354828412,0.016749864517158763,0.012212376258021518,0.37306768032915505,0.6107926655823194,0.2278670029108572,0.0,2.220446049250313e-16,0.9238901175228412,0.7451706572104358,0.17871946031240538,1.299820079920043e-08,0.4999999880603843,0.061870036807712414,1.0,6.661338147750939e-16,0.0,10.0,10.0,-2.7166807764134027e-10,0.0,0.0,2.274579151391573,3.3137114239634218,-2.387923139418428e-08,1.5707963137966958,3.0321214898276905,0.8836002654275805,2.5134698188587348,0,0.0,0.0
0.7853981633974483,2.55,0.4,1.0,0.19999999999999996,0.35090389871147804,0.9859638440515408,0.014036155948459195,0.010238551469422097,0.40845113658592724,0.6391018202023268,0.26104186485577524,1.1102230246251565e-16,0.0,0.9466155104288124,0.7350987424125945,0.21151676801621788,4.395025960005837e-09,0.4999999806181816,0.06866742416152194,1.0,3.3306690738754696e-16,1.1102230246251565e-16,10.0,10.0,-7.18134781358215e-09,0.0,0.0,2.204795415984325,3.450218667793833,-3.876363671251383e-08,1.5707963223998707,3.0759129480146847,0.7974773785256775,2.679925019115004,0,0.0,0.0
0.7853981633974483,2.6999999999999997,0.4,1.0,0.19999999999999996,0.28565203671650885,0.9885739185313396,0.01142608146866042,0.0083383812296135,0.43692461120684895,0.6610027316182959,0.2888083615189891,1.1102230246251565e-16,3.3306690738754696e-16,0.9681794489714693,0.7278809606823458,0.2402984882891236,3.250233132464432e-09,0.4999999942560876,0.0729884095027441,1.0,4.440892098500626e-16,2.220446049250313e-16,10.0,10.0,-2.3963807561477213e-08,0.0,0.0,2.134670063123039,3.581447316121201,-1.1487824754212119e-08,1.5707963300451298,3.116473025915712,0.7058753491400076,2.8465100617774155,0,0.0,0.0
0.7853981633974483,2.85,0.4,1.0,0.19999999999999996,0.22482546361611602,0.9910069814553554,0.008993018544644626,0.00656555058772601,0.4576472575589769,0.6764963100852633,0.30959668105928795,0.0,2.220446049250313e-16,0.9873279696883497,0.7222592060195396,0.26506876366881005,6.125645385549815e-09,0.5000000206027462,0.0752260874317131,1.0,1.1102230246251565e-15,1.9984014443252818e-15,10.0,10.0,-4.4141203376780365e-09,0.0,0.0,2.0648033423118144,3.7089755479858537,4.120549225839705e-08,1.5707963206692512,3.146342376590799,0.6125895971050754,3.0112538333757617,0,0.0,0.0
0.7853981633974483,3.0,0.4,1.0,0.19999999999999996,0.16994772919108658,0.9932020908323564,0.006797909167643557,0.004964834491002934,0.4703643653433567,0.6858311492950409,0.32259053327086673,1.1102230246251565e-16,2.220446049250313e-16,1.0033409217966398,0.7175323082021523,0.2858086135944875,2.2437043839699453e-08,0.4999999880976987,0.07610085451372872,1.0,0.0,0.0,10.0,10.0,-3.537965071978955e-08,0.0,0.0,1.9957155104468618,3.8340879641400676,-2.3804602579196794e-08,1.5707963043578528,3.1599270089157248,0.5207031356977463,3.172464480021788,0,0.0,0.0
0.7853981633974483,0.0,0.5,1.0,0.0,0.5000000000000001,1.0,0.0,0.0,1.5407439555097887e-32,1.2412670766236366e-16,1.912474745481174e-48,0.0,0.0,0.9999999999999993,0.9999999999999992,1.1102230246251565e-16,0.35522093279381156,0.4603740564218537,0.0,1.0,2.220446049250313e-16,3.3306690738754696e-16,10.0,10.0,0.2971845904441732,0.0,0.0,3.0249649199804187,5.6704659294063156,-0.07925188715629261,1.9339467302241744,3.049440549760001,0.42843592779567463,2.6985364630901842,0,0.0,0.0
0.7853981633974483,0.15,0.5,1.0,0.0,0.5660779924033721,1.0,0.0,0.0,1.3368664606279435e-05,0.003656318449790641,4.8880095049002635e-08,0.0,0.0,1.000000000000001,0.9999866314247554,1.3368575245698011e-05,3.2613200416329437e-09,0.5590169976558225,1.2891832046335594e-10,1.0,0.0,0.0,10.0,10.0,0.0016649864685066018,0.0,0.0,1.0846769130050804,2.2014744213192237,0.11803399531164499,1.5707963300562167,3.141592658779575,0.8516786611374999,0.15000034585760613,0,0.0,0.0
0.7853981633974483,0.3,0.5,1.0,0.0,0.6277551277931803,1.0,0.0,0.0,0.0002201901305899631,0.014838804890892093,3.2673583867245133e-06,0.0,0.0,1.0000000000053375,0.9997798341179305,0.00022016588740703114,1.3288111745884897e-06,0.5000287383651564,3.496589151552598e-08,1.0,0.0,0.0,10.0,10.0,0.0024118868896947296,0.0,0.0,2.4430088263141654,0.7111057457280214,5.747673031272077e-05,1.5707976556060712,9.793251569689687e-07,2.226864367616967,3.44159273825373,0,0.0,0.0
0.7853981633974483,0.44999999999999996,0.5,1.0,0.0,0.6828408697669647,1.0,0.0,0.0,0.0011330557788441096,0.03366089391035404,3.8139670366185145e-05,0.0,0.0,1.0000000007273175,0.9988675870389286,0.0011324136883889002,2.312925755903673e-08,0.5001015803308577,9.250279546790807e-07,1.0,0.0,6.661338147750939e-16,10.0,10.0,6.041790335160579e-07,0.0,0.0,2.5245263312408817,0.7378619260741781,0.00020316066171547584,1.5707963499241542,8.524364077313693e-08,2.1681793828339577,3.591592682523478,0,0.0,0.0
0.7853981633974483,0.6,0.5,1.0,0.0,0.7293261727993375,0.9999999999999998,2.220446049250313e-16,0.0,0.0035941010269379113,0.05995082173696964,0.00021546930997061423,2.220446049250313e-16,0.0,1.00000002321381,0.9964123868650814,0.0035876363487286067,1.2374473972714576e-07,0.49996732514754866,9.284581356405752e-06,1.0,0.0,1.1102230246251565e-16,10.0,10.0,-5.911328925488346e-09,0.0,0.0,2.5089285413872124,1.1999820986380323,-6.534970490271342e-05,1.5707964505396363,3.1415926409533177,1.0266021868897024,0.6000001100422795,0,0.0,0.0
0.7853981633974483,0.75,0.5,1.0,0.0,0.7654812317529822,0.9999999999999996,4.440892098500626e-16,0.0,0.008695853301857693,0.09325155924625439,0.0008109018793749195,4.440892098500626e-16,0.0,1.000000328805522,0.991342369837338,0.008657958968183888,3.917779139422573e-08,0.5000006356237312,5.407310411698063e-05,1.0,0.0,2.6645352591003757e-15,10.0,10.0,3.68888947166468e-15,0.0,0.0,2.5708265700616253,1.3124399084946237,1.271247462425221e-06,1.570796365972688,3.1415926838282027,1.0732303854635392,0.7499999283789798,0,0.0,0.0
0.7853981633974483,0.8999999999999999,0.5,1.0,0.0,0.789940732795669,1.0,0.0,0.0,0.017645100292537613,0.13283486098361985,0.0023438844444012637,0.0,0.0,1.0000027477337756,0.9825140631282525,0.017488684605523108,3.333315340244626e-09,0.49999999999584305,0.00022063954945150677,1.0,2.220446049250313e-16,4.440892098500626e-15,10.0,10.0,1.7256632360714046e-06,0.0,0.0,2.5297635696066227,1.690623215616919,-8.313913359841996e-12,1.570796330128212,3.1415926651999317,1.1123311580058919,0.8999998972818524,0,0.0,0.0
0.7853981633974483,1.05,0.5,1.0,0.0,0.8017717652347592,1.0000000000000004,-4.440892098500626e-16,0.0,0.03158755188601016,0.17772887184138136,0.0056140199609316845,4.440892098500626e-16,0.0,1.0000157737267563,0.9689316020017789,0.03108417172497746,2.5235662065751435e-08,0.500000069573823,0.0006971188153248598,1.0,2.220446049250313e-16,5.551115123125783e-16,10.0,10.0,3.333369936666671e-09,0.0,0.0,2.497171479397686,1.9688972706156782,1.3914764596401583e-07,1.5707963015592346,3.14159265430049,1.1430506985679907,1.050000000131064,0,0.0,0.0
0.7853981633974483,1.2,0.5,1.0,0.0,0.8005205137093206,0.9999999999999998,2.220446049250313e-16,0.0,0.05141917159472548,0.2267579581728621,0.011659706361759978,2.220446049250313e-16,0.0,1.0000681429383176,0.9499917943554603,0.050076348582857255,4.3905587104705376e-08,0.49999981234370716,0.0018098838946749574,1.0,0.0,1.6653345369377348e-15,10.0,10.0,-3.334324621731533e-09,0.0,0.0,2.3639508997478482,2.3187712337304824,-3.7531258564644776e-07,1.5707963707004837,3.1415926370901746,1.16464423360826,1.2000000531662642,0,0.0,0.0
0.7853981633974483,1.3499999999999999,0.5,1.0,0.0,0.7862350513716844,0.9999999999999999,1.1102230246251565e-16,0.0,0.0776139086974541,0.2785927290821749,0.02162267063875849,1.1102230246251565e-16,0.0,1.0002350478737598,0.9257114420278676,0.07452360584589224,2.0377429682357572e-08,0.5000000330757162,0.0040118001789286595,1.0,0.0,1.7763568394002505e-15,10.0,10.0,-2.9137697383815994e-07,0.0,0.0,2.0552517688481986,2.700000277564741,6.615143230216111e-08,1.5707963471723263,3.1415926482478573,1.1764583148391397,1.35000000058194,0,0.0,0.0
0.7853981633974483,1.5,0.5,1.0,0.0,0.7594629229791725,1.0,0.0,0.0,0.1100963033587361,0.3318076300490031,0.036530793494618324,0.0,0.0,1.0006742880960489,0.8968852464937493,0.10378904160229951,1.7009446135089133e-08,0.5000000016666873,0.007795006414079375,1.0,0.0,0.0,10.0,10.0,-2.136868091875285e-07,0.0,0.0,1.7398519471747809,2.9999999462627387,3.3333746269269634e-09,1.5707963097854505,1.8820225378135547e-07,1.963681926173279,4.6415926308206386,0,0.0,0.0
0.7853981633974483,1.65,0.5,1.0,0.0,0.7212236570121762,1.0,0.0,0.0,0.14818116040874496,0.38494306125548616,0.057041309508132534,0.0,0.0,1.0016563878677565,0.865120176759495,0.13653621110826142,3.3333327821884904e-09,0.5000000000000001,0.013534421507372052,1.0,2.220446049250313e-16,0.0,10.0,10.0,-6.657330865447553e-08,0.0,0.0,2.7390594937251875,1.6845419178992667,3.2424421220894617e-16,1.5707963234615638,6.283185215264134,1.97311447536508,4.791592637357227,0,0.0,0.0
0.7853981633974483,1.7999999999999998,0.5,1.0,0.0,0.6729577874349879,1.0,0.0,0.0,0.19059225039984248,0.4365687235703475,0.08320661547945928,0.0,0.0,1.0035594342333625,0.8326973030465806,0.17086213118678184,9.714558552202033e-09,0.5000000001449952,0.021314280582145795,1.0,0.0,1.1102230246251565e-16,10.0,10.0,-1.5933833179255828e-08,0.0,0.0,1.4830286400380026,3.4104294680427647,2.899905407027686e-10,1.570796317080338,3.1415926341720066,1.1477008378015097,1.8000000021215552,0,0.0,0.0
0.7853981633974483,1.95,0.5,1.0,0.0,0.6164553084937068,1.0,0.0,0.0,0.23555961491288846,0.4853448412344448,0.1143276439011428,0.0,0.0,1.0067977296721264,0.8022331586805697,0.20456457099155678,3.3333319935899954e-09,0.5000000115934029,0.03081784382117836,1.0,0.0,0.0,10.0,10.0,-3.188521885529482e-08,0.0,0.0,0.4563138203687815,5.152455538886495,2.3186805857596204e-08,1.5707963301282286,3.079167247820862e-08,2.0263774862258943,5.091592681532117,0,0.0,0.0
0.7853981633974483,2.1,0.5,1.0,0.0,0.553767646494931,1.0,0.0,0.0,0.280982743918914,0.5300780545532082,0.14894278625956023,0.0,0.0,1.011675161243494,0.7761657760734951,0.23550938516999886,1.7051807582772125e-08,0.4999999234405333,0.0413454885257003,1.0,0.0,0.0,10.0,10.0,6.666692730797326e-09,0.0,0.0,2.612483327111072,2.4646796172029397,-1.5311893347533904e-07,1.570796309743089,3.7265707968795317e-08,2.070770463162605,5.24159263862517,0,0.0,0.0
0.7853981633974483,2.25,0.5,1.0,0.0,0.4871081393423609,1.0000000000000002,-2.220446049250313e-16,-2.220446049250313e-16,0.3246368369020586,0.5697691084132752,0.18496804111979176,2.220446049250313e-16,2.220446049250313e-16,1.0182019395827961,0.7561830736521055,0.2620188659306907,3.333331671965466e-09,0.5000000297819004,0.05196964960193862,1.0,2.220446049250313e-16,0.0,10.0,10.0,2.8916524029749326e-08,0.0,0.0,0.7801935859263377,4.500003006270212,5.9563800831158285e-08,1.570796323461565,3.141592671943402,1.0145944981906792,2.2499999940992317,0,0.0,0.0
0.7853981633974483,2.4,0.5,1.0,0.0,0.4187466129289701,1.0,0.0,0.0,0.36439327588157705,0.6036499613862135,0.21996598691530986,0.0,0.0,1.025964281756564,0.742803987810813,0.28316029394575093,3.3333330042330954e-09,0.4999999744441935,0.06176651280052381,1.0,4.440892098500626e-16,0.0,10.0,10.0,-1.2158363363111671e-08,0.0,0.0,1.099468445115526,4.346314404963073,-5.111161299825142e-08,1.5707963234615636,3.141592637384661,0.9470116175512505,2.400000016441563,0,0.0,0.0
0.7853981633974483,2.55,0.5,1.0,0.0,0.35090389871147804,0.9999999999999998,2.220446049250313e-16,0.0,0.39842426305665246,0.6312085733389974,0.25148881066763096,2.220446049250313e-16,0.0,1.0341411423299856,0.7353201405033595,0.2988210018266261,3.33333354790223e-09,0.5000000021178904,0.07002580494855926,1.0,0.0,0.0,10.0,10.0,1.0869657481300999e-08,0.0,0.0,2.407040805306857,2.1898260795367444,4.23578086773993e-09,1.5707963301282302,4.1095191359733546e-08,2.2724962199337657,5.691592673704527,0,0.0,0.0
0.7853981633974483,2.6999999999999997,0.5,1.0,0.0,0.28565203671650885,1.0,0.0,-2.220446049250313e-16,0.42536530487032204,0.6522003563862274,0.27742340343076033,0.0,2.220446049250313e-16,1.0416907255244385,0.7321490079098493,0.30954171761458926,3.33333367036691e-09,0.49999999564744935,0.0763567881365057,1.0,2.220446049250313e-16,0.0,10.0,10.0,1.4189337883484984e-08,0.0,0.0,2.347662369120253,2.8498448730198347,-8.70510130723621e-09,1.570796323461563,6.283185270116737,2.3590925403720955,5.841592650291217,0,0.0,0.0
0.7853981633974483,2.85,0.5,1.0,0.0,0.22482546361611602,0.9999999999999998,2.220446049250313e-16,0.0,0.4444169542746057,0.6666460487204628,0.2962688065515485,2.220446049250313e-16,0.0,1.0476287017951287,0.7314317182203816,0.3161969835747471,1.3531251069790682e-08,0.5000000016666669,0.0806695136299902,1.0,0.0,0.0,10.0,10.0,-3.1629658941513176e-15,0.0,0.0,2.063301787416689,3.712071949732197,3.3333337703063515e-09,1.5707963132636455,3.512386251509983e-08,2.452115984219192,5.991592653307788,0,0.0,0.0
0.7853981633974483,3.0,0.5,1.0,0.0,0.16994772919108658,0.9999999999999998,2.220446049250313e-16,0.0,0.45537736928229167,0.6748165449085342,0.3072961829686137,2.220446049250313e-16,0.0,1.0512750059669904,0.7316042217474092,0.31967078421958117,1.1974752806179976e-08,0.5000000000000002,0.08307449802965672,1.0,0.0,0.0,10.0,10.0,5.816112186470928e-15,0.0,0.0,2.143524417889072,2.7071972410957397,3.7082721265967004e-16,1.5707963148201438,1.182175095593152e-07,2.5488819112833254,6.141592668299049,0,0.0,0.0
1.413716694115407,0.0,0.0,1.0,1.0,0.024471741852423214,0.9755282581475756,0.0244717418524244,0.054060966582244546,0.9755282581475756,0.9876883405951371,0.9635178864934434,1.2212453270876722e-15,1.1102230246251565e-15,1.3970166006330917,0.16675622404379986,1.2302603765892919,3.925024688430158e-09,0.012198443227236788,0.036171810506052296,1.0,2.220446049250313e-16,0.0,10.0,10.0,1.0,0.0,0.0,3.141592653589793,2.5886645320263812,-0.9756031135455264,1.5707963307199213,5.7252198470135824e-09,0.15707962895725525,1.3205306602359834e-08,0,0.0,0.0
1.413716694115407,0.15,0.0,1.0,1.0,0.029177769283918235,0.9708222307160824,0.029177769283917576,0.06265081058928659,0.9708222307160822,0.9853031161607488,0.9565541691626852,6.661338147750939e-16,4.0245584642661925e-16,1.3937344810445604,0.1829118989039865,1.210822582140574,1.6687534115301806e-10,0.014535678500965987,0.04113746814050537,1.0,0.0,1.3877787807814457e-16,10.0,10.0,1.0,0.0,0.0,3.141592653589793,1.6149737027589859,-0.970928642998068,1.570796326961772,0.0005500375277712334,0.17165678038975335,0.15018336360494328,0,0.0,0.0
1.413716694115407,0.3,0.0,1.0,1.0,0.03397588294908018,0.9660241170509197,0.03397588294908027,0.07113855377704845,0.9660241170509195,0.9828652588482918,0.9494715438589446,1.1102230246251565e-16,4.163336342344337e-17,1.3903965602388433,0.19818211199957547,1.1922144482392678,2.83451678223169e-09,0.016915799307688495,0.04587839660223389,1.0,0.0,0.0,10.0,10.0,1.0,0.0,0.0,3.141592653589793,4.4739862998827755,-0.966168401384623,1.5707963296294134,0.0022587801071589785,0.18538553873848201,0.3007529323388541,0,0.0,0.0
1.413716694115407,0.44999999999999996,0.0,1.0,1.0,0.038726318012569934,0.9612736819874298,0.038726318012570204,0.07931228892836047,0.9612736819874299,0.9804456547853276,0.9424766045640685,2.220446049250313e-16,2.0816681711721685e-16,1.3871002457218684,0.21234271760974394,1.1747575281121245,7.521380683237614e-10,0.019269434710130373,0.050293524028951125,1.0,0.0,0.0,10.0,10.0,1.0,0.0,0.0,3.141592653589793,0.04324647526637681,-0.9614611305797393,1.5707963275470347,0.005183973272531971,0.19808285060533762,0.45172799521589635,0,0.0,0.0
1.413716694115407,0.6,0.0,1.0,1.0,0.0432827522131086,0.9567172477868907,0.04328275221310929,0.08696472623581349,0.9567172477868908,0.9781192400657962,0.9357835473631535,6.661338147750939e-16,2.498001805406602e-16,1.383946491817122,0.2251840669962041,1.1587624248209178,9.496397540199744e-11,0.021524303141634005,0.054296955472909816,1.0,2.220446049250313e-16,8.326672684688674e-17,10.0,10.0,1.0,0.0,0.0,3.141592653589793,6.1600427871960655,-0.956951393716732,1.5707963268898606,0.00933889229872287,0.20957587366697178,0.6031129529202923,0,0.0,0.0
1.413716694115407,0.75,0.0,1.0,1.0,0.047498626605647035,0.9525013733943528,0.04749862660564719,0.09389952917302039,0.9525013733943526,0.9759617684081445,0.9296049247891389,1.1102230246251565e-16,2.7755575615628914e-16,1.3810354326801781,0.2365151416705405,1.1445202910096377,9.591636986363435e-10,0.023608326700606863,0.05781864561984905,1.0,0.0,0.0,10.0,10.0,1.0,0.0,0.0,3.141592653589793,0.06941823881750538,-0.9527833465987863,1.570796325835733,0.014688657261616472,0.21970507445040777,0.754896219975629,0,0.0,0.0
1.413716694115407,0.8999999999999999,0.0,1.0,1.0,0.051233680178602414,0.9487663198213978,0.05123368017860219,0.09993723865791906,0.9487663198213977,0.9740463643078792,0.9241423843997989,2.220446049250313e-16,4.163336342344337e-17,1.378462016026353,0.24616708580998364,1.1322949302163694,1.0369622399995912e-10,0.025452814497472664,0.06080388847123501,1.0,2.220446049250313e-16,0.0,10.0,10.0,1.0,0.0,0.0,3.141592653589793,2.7582461021818507,-0.9490943710050547,1.5707963266912004,0.021149036458815922,0.22832732828866614,0.9070496751027247,0,0.0,0.0
1.413716694115407,1.05,0.0,1.0,1.0,0.054360353023442255,0.9456396469765577,0.05436035302344233,0.1049206232437282,0.9456396469765576,0.9724400480114739,0.9195778637074369,1.1102230246251565e-16,1.304512053934559e-15,1.3763118621642216,0.25399610277235396,1.1223157593918676,2.7663796310952603e-09,0.02699552207509126,0.06321189709074852,1.0,2.220446049250313e-16,1.1102230246251565e-16,10.0,10.0,1.0,0.0,0.0,3.141592653589793,4.658607644413757,-0.9460089558498175,1.570796324028517,0.02858769026792737,0.23531885349795117,1.0595292215516046,0,0.0,0.0
1.413716694115407,1.2,0.0,1.0,1.0,0.05676971378440889,0.9432302862155906,0.056769713784409426,0.10871931695463369,0.9432302862155906,0.9712004356545515,0.916065664895149,5.551115123125783e-16,4.163336342344337e-17,1.3746575474765859,0.2598857267509658,1.11477182072562,1.630943985250001e-09,0.028183475995802287,0.06501382586294768,1.0,2.220446049250313e-16,0.0,10.0,10.0,1.0,0.0,0.0,3.141592653589793,0.17936505163054184,-0.9436330480083954,1.5707963284258406,0.03682840138019494,0.24057793159683571,1.2122761238745046,0,0.0,0.0
1.413716694115407,1.3499999999999999,0.0,1.0,1.0,0.05837658862489694,0.9416234113751032,0.05837658862489681,0.1112336303437523,0.9416234113751033,0.970372820814301,0.9137257658408441,1.1102230246251565e-16,1.3877787807814457e-17,1.3735554771648963,0.26374851438608976,1.1098069627788065,5.584389112075273e-09,0.02897535235978016,0.06619062053692548,1.0,0.0,5.551115123125783e-17,9.0,9.0,1.0,0.0,0.0,3.141592653589793,2.5971090011546445,-0.9420492952804397,1.5707963323792857,0.04565789340808877,0.244027218417847,1.3652192954173457,0,0.0,0.0
1.413716694115407,1.5,0.0,1.0,1.0,0.05912360981882623,0.9408763901811737,0.05912360981882625,0.11239744424009292,0.9408763901811739,0.9699878299139499,0.9126386479291076,0.0,6.938893903907228e-16,1.373043474038734,0.26552721915848665,1.1075162548802475,9.115609876340206e-10,0.029343380006117692,0.0667310668306635,1.0,0.0,0.0,10.0,10.0,1.0,0.0,0.0,3.141592653589793,3.045534588958993,-0.9413132399877646,1.5707963277064576,0.054835105811175476,0.245615573413512,1.5182783626815213,0,0.0,0.0
1.413716694115407,1.65,0.0,1.0,1.0,0.0589839599751514,0.9410160400248486,0.05898395997515138,0.11218011939543732,0.9410160400248488,0.9700598126017018,0.9128418434417004,0.0,1.6653345369377348e-16,1.3731391726930111,0.26519551268424485,1.1079436600087662,2.514632440993937e-09,0.0292745854182056,0.06663035098097102,1.0,4.440892098500626e-16,0.0,10.0,10.0,1.0,0.0,0.0,3.141592653589793,3.2064570923615054,-0.9414508291635888,1.570796329309529,0.06410235538897328,0.24531936003742558,1.6713674526157418,0,0.0,0.0
1.413716694115407,1.7999999999999998,0.0,1.0,1.0,0.05796265939999931,0.9420373406000007,0.05796265939999934,0.1105873788305962,0.9420373406000007,0.9705860809840623,0.914328330553603,0.0,5.551115123125783e-17,1.3738392741091365,0.2627583032572452,1.1110809708518914,2.8080307580870976e-09,0.971228603764725,0.06588935376557205,1.0,4.440892098500626e-16,0.0,10.0,10.0,1.0,0.0,0.0,3.141592653589793,3.5453670175133034,0.94245720752945,1.5707963239868659,3.214790290005758,2.898449665325664,4.9659918527846125,0,0.0,0.0
1.413716694115407,1.95,0.0,1.0,1.0,0.056096324883769255,0.9439036751162307,0.056096324883769255,0.10766114314743437,0.9439036751162307,0.9715470524458559,0.9170468333519848,0.0,3.0531133177191805e-16,1.3751196849357967,0.25825167710738706,1.1168680078284097,2.365278471381364e-10,0.9721484717331941,0.06451478423692314,1.0,4.440892098500626e-16,0.0,10.0,10.0,1.0,0.0,0.0,3.141592653589793,3.5022328384993484,0.9442969434663883,1.5707963270314245,3.223459806288509,2.902473811330698,5.118881717465439,0,0.0,0.0
1.413716694115407,2.1,0.0,1.0,1.0,0.05345141335822416,0.9465485866417759,0.05345141335822412,0.10347832247917584,0.9465485866417758,0.9729072857378425,0.9209040162486412,0.0,0.0,1.3769365369811137,0.25174245751410806,1.1251940794670057,5.06194869926223e-09,0.026547174385041783,0.06252013315367023,1.0,0.0,0.0,10.0,10.0,1.0,0.0,0.0,3.141592653589793,6.283184316101985,-0.9469056512299164,1.570796321732948,0.08987747540014963,0.23330641345132563,2.1299591741145343,0,0.0,0.0
1.413716694115407,2.25,0.0,1.0,1.0,0.05012104820571196,0.9498789517942879,0.05012104820571206,0.09814859216917343,0.949878951794288,0.9746173360833923,0.925768493599434,1.1102230246251565e-16,1.6653345369377348e-16,1.3792280533188896,0.24332734761888358,1.1359007057000061,3.3854839544580227e-09,0.024903543915879567,0.059927301894698214,1.0,0.0,0.0,10.0,10.0,1.0,0.0,0.0,3.141592653589793,5.313460983421103,-0.9501929121682409,1.5707963234094127,0.09702606618403689,0.22579095057493556,2.282342022065586,0,0.0,0.0
1.413716694115407,2.4,0.0,1.0,1.0,0.0462206043769942,0.9537793956230058,0.04622060437699416,0.0918112027678334,0.9537793956230057,0.9766162990770766,0.9314765034893109,0.0,7.632783294297951e-16,1.381917195607242,0.2331316008437453,1.1487855947634968,2.449327690837931e-09,0.022976802097240956,0.05676865341309771,1.0,4.440892098500626e-16,5.551115123125783e-17,10.0,10.0,1.0,0.0,0.0,3.141592653589793,4.4291039492815525,-0.9540463958055181,1.570796324345569,0.10314985215672158,0.21668136611343106,2.434383275792282,0,0.0,0.0
1.413716694115407,2.55,0.0,1.0,1.0,0.04188229613021793,0.9581177038697819,0.0418822961302181,0.08463089857285266,0.9581177038697819,0.9788348705832777,0.9378390186709252,2.220446049250313e-16,4.163336342344337e-17,1.384914991784226,0.22130715345239665,1.1636078383318293,4.776711087953954e-09,0.020831527684997853,0.05308914965660496,1.0,0.0,1.6653345369377348e-16,10.0,10.0,1.0,0.0,0.0,3.141592653589793,1.161128227332602,-0.9583369446300043,1.5707963220181855,0.10813130177882722,0.20610781126991573,2.5860437603833257,0,0.0,0.0
1.413716694115407,2.6999999999999997,0.0,1.0,1.0,0.037249064079726286,0.9627509359202735,0.0372490640797265,0.07679304273138787,0.9627509359202736,0.9811987239699579,0.9446499898258551,2.220446049250313e-16,3.3306690738754696e-16,1.388124405309323,0.20803016027390098,1.180094245035422,1.3181352178128643e-09,0.018537823195594716,0.04894819520796328,1.0,4.440892098500626e-16,0.0,10.0,10.0,1.0,0.0,0.0,3.141592653589793,0.7174880023200334,-0.9629243536088106,1.5707963254767614,0.11190163419838914,0.19421888765726533,2.737300556777957,0,0.0,0.0
1.413716694115407,2.85,0.0,1.0,1.0,0.0324680932321726,0.9675319067678273,0.0324680932321727,0.06849807084571405,0.9675319067678274,0.9836319976331734,0.9516953422278713,1.1102230246251565e-16,1.8041124150158794e-16,1.391444569723777,0.19349789779266868,1.1979466719311083,7.703721492356001e-10,0.016168166680713247,0.0444208070050872,1.0,2.220446049250313e-16,5.551115123125783e-17,10.0,10.0,1.0,0.0,0.0,3.141592653589793,3.070435253535094,-0.9676636666385735,1.5707963275652688,0.11444136637981706,0.18117864815351786,2.8881471128029124,0,0.0,0.0
1.413716694115407,3.0,0.0,1.0,1.0,0.027684308831211122,0.9723156911687888,0.027684308831211202,0.05995541897951063,0.9723156911687889,0.986060693450859,0.9587622846870473,1.1102230246251565e-16,1.0408340855860843e-15,1.3947751801968082,0.17792503693037498,1.2168501432664334,2.9023661864448923e-09,0.986205744536301,0.03959777778684317,1.0,4.440892098500626e-16,0.0,10.0,10.0,1.0,0.0,0.0,3.141592653589793,6.121856474726602,0.972411489072602,1.5707963238925304,3.2573708605889937,2.974429195270748,6.180185409179057,0,0.0,0.0
1.413716694115407,0.0,0.1,1.0,0.8,0.024471741852423214,0.9843380852144482,0.01566191478555179,0.015419200711748515,0.6243380852144484,0.7901506724761097,0.4933211578846431,8.881784197001252e-16,7.216449660063518e-16,1.1734648489447537,0.3756619147855519,0.7978029341592018,2.200957921642198e-09,0.22580709440262992,0.11961633063038024,1.0,0.0,5.551115123125783e-17,10.0,10.0,0.7482633443929011,0.0,0.0,3.0281212992616804,3.956469254153185e-07,-0.5483858111947402,1.5707963245939387,6.283185307179586,0.15707962774336046,0.0,0,0.0,0.0
1.413716694115407,0.15,0.1,1.0,0.8,0.029177769283918235,0.981326227658293,0.018673772341706973,0.018362898356568236,0.6213262394069857,0.7882425003810601,0.4897557485025235,6.661338147750939e-16,2.220446049250313e-16,1.170663433622428,0.3786737659647598,0.7919896676576681,6.169174672811958e-10,0.7427263242092256,0.11921381490345073,1.0,0.0,5.551115123125783e-17,10.0,10.0,-0.7354415550940727,0.0,0.0,0.4713151160822074,0.15020390767038877,0.4854526484184511,1.5707963261779792,3.1422228320311354,2.969935872337708,3.2918114380714405,0,0.0,0.0
1.413716694115407,0.3,0.1,1.0,0.8,0.03397588294908018,0.9782554349125887,0.021744565087411294,0.02135721811159841,0.6182556320629126,0.7862923324457085,0.4861296629824433,0.0,1.1102230246251565e-16,1.1677473980897162,0.3817444581365146,0.7860029399532016,2.1323967648902862e-09,0.2563866503447836,0.11879369447165178,1.0,0.0,5.551115123125783e-16,10.0,10.0,-0.7211780555532029,0.0,0.0,0.5137330693393203,0.30083702106471677,-0.4872266993104329,1.5707963246624999,0.002587766855338771,0.18538554228559925,0.3008987756849285,0,0.0,0.0
1.413716694115407,0.44999999999999996,0.1,1.0,0.8,0.038726318012569934,0.9752151564719549,0.02478484352804511,0.024314904051515707,0.6152161897877446,0.7843571825308573,0.4825492372692845,3.3306690738754696e-16,0.0,1.1647959111533739,0.3847842832956723,0.7800116278577016,3.906306450699658e-09,0.25546995732539335,0.11836814533883444,1.0,0.0,1.942890293094024e-15,10.0,10.0,-0.7057838676778844,0.0,0.0,0.5542627945972627,0.4519196773437622,-0.48906008534921336,1.5707963228885902,0.0059388077055449575,0.19808286819565027,0.4520635058579944,0,0.0,0.0
1.413716694115407,0.6,0.1,1.0,0.8,0.0432827522131086,0.9722990385836099,0.027700961416390113,0.027145428137632377,0.6123023761707685,0.7824975247058412,0.4791250937251313,5.551115123125783e-16,6.106226635438361e-16,1.1619002733627835,0.3876991529650682,0.7742011203977153,3.13523146905713e-09,0.7454492335704319,0.11795100704419353,1.0,0.0,0.0,10.0,10.0,-0.6897704002958549,0.0,0.0,0.5921821109046087,0.6034558399984379,0.49089846714086377,1.5707963236596652,3.152290994316344,2.9320167398440256,3.7453116195049443,0,0.0,0.0
1.413716694115407,0.75,0.1,1.0,0.8,0.047498626605647035,0.9696008789723857,0.03039912102761433,0.02975887944918182,0.6096090992518823,0.7807746789259258,0.4759673487387114,2.220446049250313e-16,2.220446049250313e-16,1.159161353521693,0.390394669600098,0.768766683921595,4.3572295832686935e-08,0.7463387509017568,0.1175571492575716,1.0,1.7763568394002505e-15,3.885780586188048e-16,10.0,10.0,-0.6738475216151051,0.0,0.0,0.626678273514301,0.7554315104250572,0.4926775018035136,1.5707962832226008,3.158418933437923,2.921887495858127,3.8974446026676164,0,0.0,0.0
1.413716694115407,0.8999999999999999,0.1,1.0,0.8,0.051233680178602414,0.9672104446856947,0.032789555314305274,0.03206987475756917,0.6072274190346022,0.7792479830160628,0.47318074151476325,3.3306690738754696e-16,4.440892098500626e-16,1.15668520290036,0.3927803687183702,0.7639048341819898,1.280473955143596e-07,0.2528376186132608,0.11720167290251171,1.0,0.0,9.630685138262152e-12,10.0,9.0,0.6588694179449273,0.0,0.0,2.9413568044570066,0.9047003443854215,-0.4943247627734784,1.5707964548422921,0.024225923621513948,0.22832749145498907,0.9084293725088727,0,0.0,0.0
1.413716694115407,1.05,0.1,1.0,0.8,0.054360353023442255,0.9652093740649969,0.03479062593500315,0.03400129477956271,0.6052402863157774,0.7779719058653579,0.4708599390515802,1.1102230246251565e-16,3.3306690738754696e-16,1.15457673057502,0.39477390487748465,0.7598028256975354,8.422699709336926e-08,0.2521181991074888,0.11689900336931225,1.0,6.661338147750939e-16,0.0,10.0,9.0,-0.6457353244603038,0.0,0.0,0.681976698441787,1.06055672293741,-0.4957636017850225,1.5707964110218937,0.03274582531198131,0.23531923281399836,1.0613988403082746,0,0.0,0.0
1.413716694115407,1.2,0.1,1.0,0.8,0.05676971378440889,0.9636673831779778,0.03633261682202216,0.035487666317612576,0.6037185539122912,0.7769932779067599,0.46908525813744023,4.440892098500626e-16,1.1102230246251565e-16,1.1529319651788688,0.3963049497870882,0.7566270153917806,1.5912172395809576e-07,0.7484594449025171,0.11666195561741854,1.0,6.661338147750939e-16,1.7245094241502557e-12,10.0,7.0,-0.6352737335592904,0.0,0.0,0.7011942169091286,1.2135927980071857,0.49691888980503424,1.5707964859166206,3.1837764758592564,2.901014001687836,4.35628223477156,0,0.0,0.0
1.413716694115407,1.3499999999999999,0.1,1.0,0.8,0.05837658862489694,0.9626389832800661,0.03736101671993386,0.03647803372360614,0.602717495172711,0.7763488231283094,0.4679190180561768,2.220446049250313e-16,1.1102230246251565e-16,1.1518300019740129,0.3973185808509391,0.7545114211230738,2.8100600541497416e-07,0.7488622546889756,0.11650085346294381,1.0,1.9984014443252818e-15,3.1907809727727e-13,10.0,9.0,0.628148927259392,0.0,0.0,2.9156875318115465,1.3604645655285932,0.4977245093779513,1.5707960457888912,3.1938889042031033,2.8975644596078345,4.509808476024264,0,0.0,0.0
1.413716694115407,1.5,0.1,1.0,0.8,0.05912360981882623,0.9621608897159514,0.03783911028404863,0.03693819142707522,0.6022740415556509,0.7760631685343989,0.4674027010156967,1.1102230246251565e-16,6.661338147750939e-16,1.1513259155875328,0.3977779633443481,0.7535479522431847,2.4046393847770267e-07,0.25093433478830857,0.11642280088692669,1.0,0.0,3.326228181776969e-13,10.0,7.0,0.6248064739733102,0.0,0.0,2.9129438866043422,1.512606578097747,-0.49813133042338287,1.570796567258835,0.0628067133385378,0.2456170423237585,1.5218799920828596,0,0.0,0.0
1.413716694115407,1.65,0.1,1.0,0.8,0.0589839599751514,0.9622502656159033,0.03774973438409668,0.03685218077696106,0.6024049117138901,0.7761474806464878,0.46755505455580565,2.220446049250313e-16,0.0,1.1514456865436,0.39766616794402687,0.7537795185995732,2.435970492599704e-07,0.2509430006028519,0.11643116510875617,1.0,0.0,1.5748513604307846e-13,10.0,9.0,-0.6254512745901496,0.0,0.0,0.7187728672671477,1.673647798600714,-0.49811399879429624,1.5707960831978474,0.07342042316216642,0.24532151365602503,1.675577744090789,0,0.0,0.0
1.413716694115407,1.7999999999999998,0.1,1.0,0.8,0.05796265939999931,0.9629038979840004,0.037096102015999555,0.03622298778252908,0.6031057513145205,0.7765988355093771,0.4683712241598647,0.0,2.220446049250313e-16,1.1521837772277692,0.3969870149283546,0.7551967622994147,4.349444994664991e-07,0.251162661885593,0.11652533885489957,1.0,4.440892098500626e-16,2.363165219065877e-12,10.0,9.0,0.6300437580462172,0.0,0.0,2.917196131164058,1.8167464134958355,-0.49767467622881406,1.570796761739396,0.08383739392119896,0.2431455732073217,1.8292031655699368,0,0.0,0.0
1.413716694115407,1.95,0.1,1.0,0.8,0.056096324883769255,0.9640983520743878,0.035901647925612235,0.03507241259169347,0.6043513396726643,0.7774003728277111,0.4698229567804559,1.1102230246251565e-16,5.551115123125783e-16,1.153503615384013,0.39576489367108475,0.7577387217129283,9.973971150691748e-10,0.2515786727174801,0.11670079445700299,1.0,0.0,7.155387393709134e-14,10.0,9.0,0.6382998665650176,0.0,0.0,2.9239859800968273,1.9685822744277541,-0.49684265456503984,1.5707963257974995,0.09376760900881145,0.23912215259953618,1.982654188039747,0,0.0,0.0
1.413716694115407,2.1,0.1,1.0,0.8,0.05345141335822416,0.9657910954507365,0.03420890454926351,0.03344011614258802,0.6060968512697051,0.7785222227205241,0.47185986783440187,0.0,7.771561172376096e-16,1.1553409380101969,0.39404356716476063,0.7612973708454362,2.5070530823737763e-08,0.7478349385788132,0.11694944391776896,1.0,1.3322676295501878e-15,3.888556143749611e-13,10.0,8.0,-0.6496998074673418,0.0,0.0,0.6747084009876352,2.1331974346343605,0.4956698771576265,1.5707963017243658,3.2445352330478374,2.908282359481612,5.277429902128798,0,0.0,0.0
1.413716694115407,2.25,0.1,1.0,0.8,0.05012104820571196,0.9679225291483444,0.032077470851655576,0.03138188396120967,0.6082800930525917,0.7799231327846301,0.4744117157841037,1.1102230246251565e-16,1.1102230246251565e-16,1.1576096259358155,0.39188403205459066,0.7657255938812249,1.911034255898693e-07,0.2528880569774351,0.11726020968859102,1.0,0.0,4.247713292215849e-13,10.0,10.0,0.663518356812907,0.0,0.0,2.945238302887009,2.27145206743431,-0.4942238860451298,1.570796135691471,0.1111328823753552,0.22579536729973096,2.288672705759722,0,0.0,0.0
1.413716694115407,2.4,0.1,1.0,0.8,0.0462206043769942,0.9704188131987236,0.029581186801276416,0.02896718111748442,0.6108245776780037,0.7815526710836601,0.4773915802477925,1.1102230246251565e-16,0.0,1.1602092566045337,0.3893615606882376,0.7708476959162961,1.1454499065751478e-08,0.2537101013395544,0.1176198675221033,1.0,1.3322676295501878e-15,0.0,9.0,9.0,-0.6788923892414866,0.0,0.0,0.616279354548376,2.438153550419484,-0.4925797973208912,1.5707963382493957,0.11814934801110416,0.2166860878977007,2.4410961597576213,0,0.0,0.0
1.413716694115407,2.55,0.1,1.0,0.8,0.04188229613021793,0.9731953304766604,0.026804669523339597,0.026276105232932445,0.6136432434450146,0.7833538430651978,0.48069979302364496,1.1102230246251565e-16,7.216449660063518e-16,1.1630332182321634,0.38656209880154735,0.7764711194306161,2.3223446571924025e-07,0.25459338851064917,0.11801389865513412,1.0,0.0,0.0,10.0,8.0,-0.6949253961042804,0.0,0.0,0.5806185820099008,2.5900256272524658,-0.4908132229787016,1.570796094560431,0.12385796559682861,0.2061127941517699,2.59306235737644,0,0.0,0.0
1.413716694115407,2.6999999999999997,0.1,1.0,0.8,0.037249064079726286,0.976160598988975,0.023839401011024997,0.023395875107534436,0.6166425971407126,0.7852659403926243,0.48422842892985185,2.220446049250313e-16,8.326672684688674e-16,1.1659761117653065,0.3835782272400362,0.7823978845252703,3.4522604836110454e-08,0.2555025646373793,0.11842743431003733,1.0,0.0,0.0,10.0,8.0,-0.7108011889361957,0.0,0.0,0.5417977498484211,2.7414500601817213,-0.4889948707252414,1.5707962922722918,0.12817972199745364,0.19422386361064542,2.7445452352372124,0,0.0,0.0
1.413716694115407,2.85,0.1,1.0,0.8,0.0324680932321726,0.9792204203314095,0.020779579668590453,0.020417019468516984,0.6197270383699387,0.787227437510875,0.48786612837217047,0.0,6.106226635438361e-16,1.168939494642927,0.3805049162901355,0.7884345783527915,1.0007269229378076e-07,0.2564064443125986,0.11884613030514996,1.0,0.0,1.9805268536288168e-12,10.0,9.0,-0.7258716617698139,0.0,0.0,0.5006036481905954,2.8924171075714247,-0.48718711137480275,1.570796426867589,0.1310892169189268,0.18118346452482573,2.895538115874919,0,0.0,0.0
1.413716694115407,3.0,0.1,1.0,0.8,0.027684308831211122,0.982282042348025,0.017717957651975036,0.0174294515224227,0.6228031234000515,0.7891787651730446,0.491502999870768,1.1102230246251565e-16,5.551115123125783e-17,1.171835658610859,0.37743530595409647,0.7944003526567625,5.5182130037804324e-08,0.2572788003419195,0.11925677355802244,1.0,2.220446049250313e-16,0.0,10.0,8.0,-0.7396924529756337,0.0,0.0,0.4577265170612929,3.0429352429181966,-0.4854423993161609,1.5707962716127666,0.13262686353819308,0.16716804083271558,3.046053810734072,0,0.0,0.0
1.413716694115407,0.0,0.25,1.0,0.5,0.024471741852423214,0.9938820645368931,0.006117935463106905,0.004842032069364399,0.24388206453689368,0.49384417029756833,0.12043973581168027,1.1102230246251565e-15,4.440892098500626e-16,1.016866864238315,0.7561179354631069,0.26074892877520806,5.89775124905691e-08,0.28634812435058554,0.03285129392180497,1.0,6.661338147750939e-16,0.0,10.0,7.0,0.303489469538378,0.0,0.0,2.876278520915614,6.283185243422536,-0.42730375129882886,1.5707962678173841,6.283185307179586,0.15707962133209472,0.0,0,0.0,0.0
1.413716694115407,0.15,0.25,1.0,0.5,0.029177769283918235,0.9927055576790209,0.007294442320979089,0.005771733986803418,0.2427055821554646,0.492651582921911,0.11956928923287355,4.440892098500626e-16,6.661338147750939e-16,1.01395225700381,0.7572944215663937,0.25665783543741627,1.6165337574262293e-08,0.5001747650432741,0.03258132981053419,1.0,0.0,0.0,10.0,8.0,-0.2764141844541954,0.0,0.0,0.6367710236762748,0.15019411022249823,0.00034953008654822065,1.570796310629559,0.0008449141895143696,0.17165677978648872,0.1501521829252239,0,0.0,0.0
1.413716694115407,0.3,0.25,1.0,0.5,0.03397588294908018,0.9915060292627298,0.008493970737270207,0.0067191509721216125,0.24150643999257163,0.49143304731425175,0.11868424575156594,1.1102230246251565e-16,3.3306690738754696e-16,1.0109344093816504,0.7584936223410412,0.2524407870406091,1.8244969818451904e-08,0.5007795330010328,0.03230682927631878,1.0,2.220446049250313e-16,3.7836400679225335e-13,10.0,9.0,-0.2521536974101884,0.0,0.0,0.690779718252154,0.30079658580190377,0.0015590660020657022,1.5707963085499268,0.0034690273931363056,0.18538554189651052,0.30062453494781927,0,0.0,0.0
1.413716694115407,0.44999999999999996,0.25,1.0,0.5,0.038726318012569934,0.9903184204968574,0.009681579503142634,0.007656679856223758,0.24032057323808576,0.4902250230639862,0.11781115855839099,1.1102230246251565e-16,2.220446049250313e-16,1.0079101658038812,0.7596797528387591,0.24823041296512205,9.227370140026738e-09,0.5000009275117717,0.032036016111860244,1.0,0.0,0.0,10.0,9.0,-0.23099851846545694,0.0,0.0,0.7407439906943545,0.4518264736328382,1.8550235434544192e-06,1.5707963360222668,3.149551561639732,2.943509789741496,3.593023635197402,0,0.0,0.0
1.413716694115407,0.6,0.25,1.0,0.5,0.0432827522131086,0.9891793119467223,0.010820688053277738,0.00855547940717738,0.23918626525330305,0.4890667288349342,0.1169780443296778,5.551115123125783e-16,1.1102230246251565e-16,1.0049826661919052,0.7608147860305087,0.24416788016139657,3.837502377149958e-09,0.49999398284582663,0.03177755645821523,1.0,0.0,1.2212453270876722e-15,10.0,8.0,-0.21299081120695715,0.0,0.0,0.7859928738022337,0.603287462397225,-1.2034308346717971e-05,1.5707963229573942,0.014334300153819464,0.20957590101730914,0.6025754767466547,0,0.0,0.0
1.413716694115407,0.75,0.25,1.0,0.5,0.047498626605647035,0.9881253433485881,0.011874656651411852,0.009386715515464217,0.23814246893087251,0.48799843127911025,0.11621315125920002,1.1102230246251565e-16,1.1102230246251565e-16,1.0022558066155778,0.7618601159733545,0.24039569064222333,2.314375088739384e-07,0.5000297699749654,0.03154017738294468,1.0,0.0,1.545430450278218e-13,10.0,8.0,0.19803336140763475,0.0,0.0,2.755083532506981,0.7543693639229462,5.953994993084503e-05,1.5707965582324055,0.02254039446748438,0.21970508891610002,0.7540472396886114,0,0.0,0.0
1.413716694115407,0.8999999999999999,0.25,1.0,0.5,0.051233680178602414,0.9871915799553495,0.012808420044650548,0.010122840573336012,0.23722694318224027,0.4870594862870861,0.11554363307979769,0.0,2.220446049250313e-16,0.9998289968723673,0.7627783867732914,0.2370506100990759,5.315883095397341e-08,0.5000075628412431,0.031332258485317066,1.0,5.10702591327572e-15,3.697042672001771e-14,10.0,9.0,-0.1859694401171434,0.0,0.0,0.8599716345468474,0.9074331034376183,1.5125682486212918e-05,1.5707962736360657,3.174039449785662,2.9132651732993806,4.047415155617033,0,0.0,0.0
1.413716694115407,1.05,0.25,1.0,0.5,0.054360353023442255,0.9864099117441392,0.013590088255860833,0.01073884002888048,0.23647431226659857,0.48628624519576796,0.11499420539737575,2.220446049250313e-16,2.220446049250313e-16,0.9977923776924109,0.7635353831363318,0.23425699455607907,2.3745111715937282e-08,0.499996229174523,0.03116141983804166,1.0,1.1102230246251565e-16,0.0,10.0,10.0,-0.17663012366738678,0.0,0.0,0.8876567019923226,1.060041350290472,-7.541650953941007e-06,1.570796303049785,3.1854431413149045,2.906273482893632,4.1994577186449895,0,0.0,0.0
1.413716694115407,1.2,0.25,1.0,0.5,0.05676971378440889,0.9858075715538974,0.014192428446102578,0.011213380502568593,0.23591417725038388,0.48570997236044466,0.11458586851172102,3.3306690738754696e-16,2.220446049250313e-16,0.9962226229881779,0.7641018596274475,0.2321207633607304,8.506855137552571e-08,0.49999202520117525,0.031034132569462303,1.0,1.3322676295501878e-14,6.183942247162122e-14,10.0,9.0,0.16986419722119853,0.0,0.0,2.7141967325854286,1.2110325887709215,-1.5949597649450463e-05,1.5707962417263452,3.1980736116350927,2.9010142129472944,4.351719611189191,0,0.0,0.0
1.413716694115407,1.3499999999999999,0.25,1.0,0.5,0.05837658862489694,0.9854058528437759,0.014594147156224091,0.011529798950077219,0.23556941928678574,0.4853549415497752,0.11433478172885236,1.1102230246251565e-16,3.3306690738754696e-16,0.9951794414122388,0.7644551772793116,0.23072426413292724,7.473585388867082e-08,0.49999631265216327,0.03095537659515779,1.0,6.217248937900877e-15,7.327471962526033e-15,10.0,10.0,-0.16555378412019353,0.0,0.0,0.9223204697178695,1.3660247186567214,-7.374695673443264e-06,1.5707964015307505,0.07001163597697012,0.2440280338719348,1.3625504654814276,0,0.0,0.0
1.413716694115407,1.5,0.25,1.0,0.5,0.05912360981882623,0.9852190975452935,0.014780902454706535,0.011676880757357622,0.23545483054466704,0.4852368808578621,0.11425136755641072,0.0,2.220446049250313e-16,0.9947028816441684,0.7645806206793766,0.23012226096479182,1.33036741684248e-07,0.49999804218572935,0.030928369207168904,1.0,0.0,2.6867397195928788e-14,10.0,6.0,0.16361921618203865,0.0,0.0,2.704091468499213,1.5164546796475624,-3.915628541332612e-06,1.570796193758155,3.2256667594104216,2.8959759042427042,4.656663375901116,0,0.0,0.0
1.413716694115407,1.65,0.25,1.0,0.5,0.0589839599751514,0.9852540100062124,0.014745989993787623,0.01164938582648134,0.23557618937701788,0.48536191587002153,0.1143397106093884,2.220446049250313e-16,0.0,0.9948115290146502,0.7644722871549908,0.23033924185965937,5.271625986308722e-08,0.5000045727079306,0.030954383877854652,1.0,0.0,1.3100631690576847e-14,10.0,10.0,-0.164023907180474,0.0,0.0,0.9276726436848002,1.6724966777776438,9.145415861283226e-06,1.5707962740786368,3.239867175991053,2.8962716486558615,4.809211002630897,0,0.0,0.0
1.413716694115407,1.7999999999999998,0.25,1.0,0.5,0.05796265939999931,0.9855093351500002,0.014490664849999835,0.011448295008625098,0.23592986292191714,0.4857261192502593,0.11459729673230847,0.0,0.0,0.9955016564813823,0.7641334710794605,0.23136818540192183,2.9052726508053334e-08,0.5000253981349728,0.031032670998900946,1.0,1.1657341758564144e-14,5.133671265866724e-13,10.0,7.0,-0.16677581201527497,0.0,0.0,0.9191557704830755,1.8256949814548205,5.0796269945692216e-05,1.5707962977421701,0.11221332044619661,0.24314513243441427,1.8201232637043872,0,0.0,0.0
1.413716694115407,1.95,0.25,1.0,0.5,0.056096324883769255,0.9859759187790575,0.014024081220942453,0.011080763947462824,0.23650297627546682,0.48631571666507634,0.11501511440082719,1.1102230246251565e-16,0.0,0.9967473625208458,0.7635765074201224,0.23317085510072344,1.817149792321747e-08,0.49999608412083424,0.031160490302402866,1.0,0.0,1.354472090042691e-14,10.0,9.0,0.17192555183793523,0.0,0.0,2.716510097652175,1.974506130936434,-7.83175833148468e-06,1.5707963086233987,3.267094937751116,2.9024711820891604,5.114108572753651,0,0.0,0.0
1.413716694115407,2.1,0.25,1.0,0.5,0.05345141335822416,0.9866371466604438,0.013362853339556224,0.010559786755362843,0.23727413794996202,0.4871079325467427,0.11557811478361661,2.220446049250313e-16,0.0,0.9985016949771364,0.7628220845517546,0.23567961042538177,1.1084154477019782e-07,0.49999782065695914,0.03133324677247129,1.0,2.220446049250313e-16,1.2434497875801753e-14,10.0,6.0,-0.17956547031898468,0.0,0.0,0.8804180608799723,2.1315817692044416,-4.35868608171016e-06,1.5707964376364414,0.13778611136942717,0.23330945339505713,2.1247336537498214,0,0.0,0.0
1.413716694115407,2.25,0.25,1.0,0.5,0.05012104820571196,0.987469737948572,0.012530262051428043,0.009903587182139129,0.2382146627490876,0.48807239498775956,0.1162660009691486,0.0,1.1102230246251565e-16,1.0006987263148062,0.7618980813078328,0.2388006450069734,1.2904054208336746e-08,0.4999991174649782,0.03154473131438296,1.0,4.440892098500626e-16,2.6645352591003757e-15,10.0,9.0,-0.18982459108933405,0.0,0.0,0.8508088957657427,2.284118014577858,-1.7650700435669786e-06,1.5707963396989508,3.290348404161661,2.9157982591953373,5.4183135323652145,0,0.0,0.0
1.413716694115407,2.4,0.25,1.0,0.5,0.0462206043769942,0.9884448489057516,0.011555151094248428,0.009134769280808475,0.23929019157091816,0.48917296692572676,0.11705429296697158,1.1102230246251565e-16,6.661338147750939e-16,1.0032565150269062,0.7608380216459536,0.24241849338095256,9.866888915319853e-10,0.4999999621038778,0.031787442715843106,1.0,0.0,8.881784197001252e-16,10.0,7.0,-0.20285982426358387,0.0,0.0,0.8149336848431682,2.43630128920244,-7.579224438888511e-08,1.5707963277815855,0.1581618790950535,0.2166850796797697,2.4284321251016467,0,0.0,0.0
1.413716694115407,2.55,0.25,1.0,0.5,0.04188229613021793,0.9895294259674454,0.01047057403255458,0.008279272279940297,0.24046257798485002,0.4903698379640106,0.11791559540283918,1.1102230246251565e-16,0.0,1.0060808627919942,0.7596792676747253,0.2464015951172689,5.4966786072922115e-08,0.49999946532123635,0.03205297153807807,1.0,0.0,3.2307490016592055e-14,10.0,7.0,-0.21883644984142117,0.0,0.0,0.77330408163777,2.5880887001202106,-1.0693575272606025e-06,1.5707962718281105,0.1658245753970583,0.20611168289625537,2.5798339287358387,0,0.0,0.0
1.413716694115407,2.6999999999999997,0.25,1.0,0.5,0.037249064079726286,0.9906877339800679,0.00931226601993207,0.007365184740263264,0.24169189679618808,0.4916217009003855,0.11882098139678242,4.440892098500626e-16,0.0,1.00906975880176,0.7584610854985069,0.2506086733032532,2.2849568076691793e-08,0.500003810672817,0.03233242184868579,1.0,2.220446049250313e-16,2.120525977034049e-14,10.0,8.0,0.2378940109805262,0.0,0.0,2.8035370126823502,2.7329863255621523,7.6213456338719705e-06,1.5707963039453285,3.313230450698961,2.9473699041030095,5.872498498397584,0,0.0,0.0
1.413716694115407,2.85,0.25,1.0,0.5,0.0324680932321726,0.9918829766919568,0.008117023308043203,0.006421480488924325,0.24293843093889256,0.492887848236181,0.11974140047934481,0.0,2.220446049250313e-16,1.012118389212751,0.7572227178984752,0.2548956713142758,5.3643422424607525e-09,0.4999975002425046,0.032616841284878184,1.0,0.0,1.5987211554602254e-14,10.0,6.0,0.2600888494057995,0.0,0.0,2.8288198112691467,2.8835913822197425,-4.999514990829059e-06,1.5707963321592389,0.1755702950730363,0.18118238577343004,2.881640631851384,0,0.0,0.0
1.413716694115407,3.0,0.25,1.0,0.5,0.027684308831211122,0.9930789227921972,0.006921077207802773,0.005476742795612943,0.24416450831725248,0.49413005202805915,0.12064902119820943,0.0,1.1102230246251565e-16,1.015124568908507,0.756001584848728,0.25912298405977907,1.631311469071152e-09,0.49999906298711216,0.03289763327596762,1.0,0.0,1.2212453270876722e-15,10.0,10.0,-0.28530525019350494,0.0,0.0,0.619918166410596,3.0409026379656243,-1.8740257756930425e-06,1.570796328426208,0.17766251427322602,0.1671669848559331,3.0320439200633396,0,0.0,0.0
1.413716694115407,0.0,0.4,1.0,0.19999999999999996,0.024471741852423214,0.9990211303259023,0.00097886967409766,0.0007156316405456664,0.03902113032590288,0.19753766811902707,0.007708143091947506,7.771561172376096e-16,2.220446049250313e-16,0.9879990782481682,0.9609788696740981,0.02702020857407017,5.19088153074256e-08,0.40612466498372884,0.0010557780800328764,1.0,1.865174681370263e-14,7.771561172376096e-16,10.0,10.0,-0.00663098348280192,0.0,0.0,1.107483394340899,6.283185250962274,-0.18775067003254234,1.5707962748860813,0.0,0.15707978911996537,6.283185307179586,0,0.0,0.0
1.413716694115407,0.15,0.4,1.0,0.19999999999999996,0.029177769283918235,0.9988328892286436,0.00116711077135645,0.0008532231519348121,0.03883292055849151,0.1970607027250525,0.007652442614122475,3.3306690738754696e-16,4.440892098500626e-16,0.9855185476900632,0.9611670800838257,0.02435146760623752,5.343136016394333e-08,0.4978978622561475,0.0010458200981785515,1.0,0.0,2.1316282072803006e-14,10.0,10.0,0.004415904793975817,0.0,0.0,2.2206696982563447,0.15018184109579333,-0.0042042754877049116,1.5707963802262568,0.001871037808768506,0.17165676521896533,0.15010105168762083,0,0.0,0.0
1.413716694115407,0.3,0.4,1.0,0.19999999999999996,0.03397588294908018,0.9986409646820367,0.0013590353179633308,0.0009934978172504438,0.038641490416234006,0.1965743890140168,0.007595927369162187,1.1102230246251565e-16,3.3306690738754696e-16,0.9829849030782252,0.9613585203366914,0.021626382741533723,9.512904768898731e-08,0.49985890230275504,0.0010357381034482582,1.0,2.220446049250313e-16,2.6645352591003757e-15,10.0,10.0,0.0023801346017666824,0.0,0.0,2.0490097912401186,0.30075113446984647,-0.00028219539448997135,1.5707964219239443,0.007683237066533389,0.18538549977860405,0.30041423966429637,0,0.0,0.0
1.413716694115407,0.44999999999999996,0.4,1.0,0.19999999999999996,0.038726318012569934,0.9984509472794971,0.0015490527205028748,0.001132369433218039,0.03845370278826959,0.19609615699515784,0.007540623339013652,1.1102230246251565e-16,0.0,0.9804810742496608,0.9615463534406511,0.01893472080900971,1.016380869084394e-06,0.49995865394747474,0.0010258933582301122,1.0,0.0,3.6415315207705135e-14,10.0,10.0,-2.0770113049363578e-08,0.0,0.0,1.7688794684174316,0.4517279569314936,-8.269210505051873e-05,1.5707953104140275,0.017632096420065753,0.19808349624202884,0.45094980052109734,0,0.0,0.0
1.413716694115407,0.6,0.4,1.0,0.19999999999999996,0.0432827522131086,0.9982686899114753,0.0017313100885246735,0.0012655611844711867,0.038277590143898435,0.19564659502250079,0.0074888801773205635,3.3306690738754696e-16,2.220446049250313e-16,0.9781822875214561,0.9617225910912808,0.016459696430175308,2.8975856108375625e-07,0.4999697653656068,0.0010167014534603336,1.0,0.0,1.7763568394002505e-15,10.0,10.0,2.3263088307004752e-08,0.0,0.0,1.780372332670412,0.6031129602378225,-6.046926878649421e-05,1.5707966165534577,0.03176100429379934,0.20957594719301342,0.6017108121431519,0,0.0,0.0
1.413716694115407,0.75,0.4,1.0,0.19999999999999996,0.047498626605647035,0.9981000549357739,0.0018999450642260829,0.0013887903812166424,0.03812197568109807,0.1952484972569522,0.007443258464200475,2.220446049250313e-16,0.0,0.9761564560549356,0.9618784699066041,0.014277986148331534,7.794799656233039e-07,0.4999905286053563,0.001008612093174932,1.0,3.3306690738754696e-16,4.6629367034256575e-15,10.0,10.0,-3.005261399402438e-11,0.0,0.0,1.7905014109581745,0.7548962149479183,-1.894278928735422e-05,1.5707971062748622,3.1915401388054514,2.9218866997844035,3.89428256873946,0,0.0,0.0
1.413716694115407,0.8999999999999999,0.4,1.0,0.19999999999999996,0.051233680178602414,0.9979506527928559,0.0020493472071441143,0.00149795929313834,0.037995917723276006,0.19492541579608338,0.007406370060763347,0.0,2.220446049250313e-16,0.9744323177339722,0.9620050012490045,0.012427316484967754,3.9427286686060545e-07,0.4999959098205164,0.0010020813322062505,1.0,0.0,8.881784197001252e-16,10.0,10.0,9.169336236988803e-09,0.0,0.0,1.7991236163303206,0.9070497317387058,-8.180358967256142e-06,1.5707959325220298,0.07189826824666233,0.22832869154986699,0.9038712306546356,0,0.0,0.0
1.413716694115407,1.05,0.4,1.0,0.19999999999999996,0.054360353023442255,0.9978255858790623,0.002174414120937662,0.0015893420054626795,0.0379080185478101,0.19469981650687318,0.007380684255397769,0.0,0.0,0.9730345894010722,0.9620936540790113,0.010940935322060974,1.900658535541534e-08,0.49998134799586474,0.0009975386018894472,1.0,1.1102230246251565e-16,0.0,10.0,10.0,2.476680251974364e-08,0.0,0.0,1.8061152444046045,1.0595292214497538,-3.730400827052016e-05,1.570796345801482,0.09715242814317197,0.23532092402840646,1.0552298379516551,0,0.0,0.0
1.413716694115407,1.2,0.4,1.0,0.19999999999999996,0.05676971378440889,0.997729211448623,0.0022707885513769677,0.0016597572776655412,0.03786566674012595,0.19459102430514608,0.00736831887695841,6.661338147750939e-16,1.1102230246251565e-16,0.9719834811290433,0.9621371027905686,0.009846378338474682,3.108881586766739e-06,0.5000025749632643,0.0009953517418527236,1.0,0.0,2.986499936241671e-14,10.0,10.0,-1.1394939550134334e-07,0.0,0.0,1.8113742624603457,1.2122760868407376,5.149926528642862e-06,1.5707994356764834,0.1250962950459816,0.24057955566838918,1.206732843068785,0,0.0,0.0
1.413716694115407,1.3499999999999999,0.4,1.0,0.19999999999999996,0.05837658862489694,0.9976649364550042,0.002335063544995797,0.0017067180313082853,0.03787430150205693,0.19461320998857434,0.0073708393913903825,1.1102230246251565e-16,0.0,0.9712942919440016,0.9621299528701859,0.009164339073815753,1.3978370941355935e-06,0.4999607462218275,0.0009957936772845288,1.0,0.0,8.515965710387263e-12,9.0,10.0,2.5420567623445436e-09,0.0,0.0,1.814823557186269,1.3652193410138471,-7.850755634492869e-05,1.5707949289578025,3.2965802619499143,2.8975608637966754,4.499932457426739,0,0.0,0.0
1.413716694115407,1.5,0.4,1.0,0.19999999999999996,0.05912360981882623,0.997635055607247,0.0023649443927530323,0.0017285492954767223,0.03793679384644525,0.1947736990623869,0.007389089668039339,0.0,0.0,0.9709770994958953,0.962069350762512,0.008907748733383292,3.3902035883586307e-07,0.5000213728627574,0.0009990143065831125,1.0,0.0,5.5067062021407764e-14,10.0,10.0,2.8550385678852697e-08,0.0,0.0,1.816412066747841,1.5182783677610396,4.2745725514702635e-05,1.5707966658152555,3.3275829229062834,2.8959687884390255,4.651598418173047,0,0.0,0.0
1.413716694115407,1.65,0.4,1.0,0.19999999999999996,0.0589839599751514,0.9976406416009941,0.0023593583990059175,0.0017244681263062223,0.0380530311956253,0.19507186161931533,0.00742307563558851,1.1102230246251565e-16,0.0,0.9710365535695618,0.9619553926394507,0.00908116093011102,5.057936642544527e-06,0.4999954671346649,0.0010050207328142768,1.0,0.0,5.6066262743570405e-14,10.0,10.0,-7.308095544125868e-09,0.0,0.0,1.8161157339128222,1.671367451179399,-9.065730670184291e-06,1.5708013847315392,0.21721681574624607,0.24532718398088443,1.6616831137104187,0,0.0,0.0
1.413716694115407,1.7999999999999998,0.4,1.0,0.19999999999999996,0.05796265939999931,0.9976814936239999,0.0023185063760000624,0.0016946210913092452,0.038219769172053684,0.1954987702571392,0.007471917872648215,1.1102230246251565e-16,1.1102230246251565e-16,0.9714717801759359,0.9617912693068565,0.009680510869079395,2.7141727871343743e-07,0.4999894965875055,0.0010136682909173134,1.0,0.0,0.0,10.0,10.0,4.3961385466410566e-09,0.0,0.0,1.8139393363492682,1.824399212118602,-2.1006824988975258e-05,1.570796055377618,0.24777342475232056,0.24315749393358457,1.813324188661391,0,0.0,0.0
1.413716694115407,1.95,0.4,1.0,0.19999999999999996,0.056096324883769255,0.997756147004649,0.0022438529953510145,0.0016400772462918933,0.03843078060005299,0.19603770198625822,0.007533881914372462,2.220446049250313e-16,1.1102230246251565e-16,0.9722763994238728,0.9615831179725552,0.010693281451317538,4.8415724157761157e-08,0.49998869594111234,0.0010246638936289854,1.0,4.440892098500626e-16,5.484501741648273e-14,10.0,10.0,-3.5439608301472088e-09,0.0,0.0,1.809915162011604,1.977289059790541,-2.2608117775274584e-05,1.5707962783791725,3.418398599058468,2.9024561287505035,5.106475523521362,0,0.0,0.0
1.413716694115407,2.1,0.4,1.0,0.19999999999999996,0.05345141335822416,0.997861943465671,0.0021380565343289692,0.0015627769933084235,0.03867729231625412,0.19666543243858112,0.007606486418929526,0.0,0.0,0.973438656641698,0.961339590623012,0.012099066018686044,3.0939262575695466e-06,0.5000788509047671,0.0010375821524515327,1.0,0.0,4.376943252282217e-12,10.0,10.0,3.4922304667586044e-08,0.0,0.0,1.804102587425013,2.1299591511453664,0.00015770180953414783,1.5707994207211542,3.445133786184066,2.9082634538211165,5.257910154462887,0,0.0,0.0
1.413716694115407,2.25,0.4,1.0,0.19999999999999996,0.05012104820571196,0.9979951580717716,0.0020048419282283625,0.0014654396455783258,0.038948661816431425,0.19735415327889969,0.007686680174128036,1.1102230246251565e-16,0.0,0.9749416625027594,0.9610711867996347,0.013870475703124718,7.268281493905474e-08,0.4999990213773171,0.0010518933943938213,1.0,2.220446049250313e-16,2.220446049250313e-16,10.0,10.0,3.5377063322650186e-08,0.0,0.0,1.7965873205973855,2.282342013545837,-1.957245365767748e-06,1.5707962541120817,3.4689153379713678,2.9157780339558,5.409187275268966,0,0.0,0.0
1.413716694115407,2.4,0.4,1.0,0.19999999999999996,0.0462206043769942,0.9981511758249203,0.0018488241750796996,0.0013514347942840121,0.03923321443633354,0.19807376009036012,0.007771070303835983,1.1102230246251565e-16,0.0,0.9767637344217941,0.9607894292452237,0.01597430517657039,4.890470484743399e-07,0.49999795592659896,0.001067001386101607,1.0,0.0,3.885780586188048e-15,10.0,10.0,-9.250930027550903e-08,0.0,0.0,1.7874776901655607,2.4343832675543755,-4.088146802115954e-06,1.5707958377478481,3.4892262718490366,2.924885673791951,5.560277928784305,0,0.0,0.0
1.413716694115407,2.55,0.4,1.0,0.19999999999999996,0.04188229613021793,0.998324708154791,0.0016752918452089816,0.0012246245374596398,0.039519142737068934,0.19879422209176234,0.007856177238148937,2.220446049250313e-16,1.1102230246251565e-16,0.9788788284275048,0.9605059792595557,0.018372849167949123,5.8314676359801675e-08,0.499996965176383,0.0010822870187743305,1.0,0.0,5.551115123125783e-16,10.0,10.0,-3.5162579441596435e-09,0.0,0.0,1.776904195947123,2.5860437739511144,-6.069647234068545e-06,1.570796385109573,3.5057064134302722,2.935457649236216,5.711163865321453,0,0.0,0.0
1.413716694115407,2.6999999999999997,0.4,1.0,0.19999999999999996,0.037249064079726286,0.9985100374368103,0.001489962563189673,0.0010891851760842508,0.039795365841444066,0.1994877586255459,0.007938688335393289,6.661338147750939e-16,1.1102230246251565e-16,0.9812570482512264,0.9602317920367104,0.021025256214516008,1.3450659278100161e-06,0.5000016382379354,0.001097153417261243,1.0,0.0,1.0125233984581428e-13,10.0,10.0,-4.98441057116298e-08,0.0,0.0,1.76501538134912,2.7373004039756337,3.276475870847204e-06,1.5707949817289688,0.3765637502396114,0.19424712569609864,2.7202417382545163,0,0.0,0.0
1.413716694115407,2.85,0.4,1.0,0.19999999999999996,0.0324680932321726,0.9987012762707128,0.0012987237292871878,0.0009494180159446142,0.04005225770679086,0.200130601625016,0.008015682431300238,3.3306690738754696e-16,0.0,0.9837913081892602,0.9599764008555729,0.023814907333687296,4.272965714195377e-06,0.49999984381402635,0.0011110673691495654,1.0,0.0,9.571232695293475e-13,10.0,10.0,-0.0031680520429248635,0.0,0.0,1.3998962907798382,2.8882466822562747,-3.123719472560959e-07,1.5707920538291824,3.526535145922799,2.960388954893631,6.01228721805397,0,0.0,0.0
1.413716694115407,3.0,0.4,1.0,0.19999999999999996,0.027684308831211122,0.9988926276467516,0.0011073723532484259,0.0008095593762761366,0.04028217711882232,0.20070420304224404,0.008084802255439753,0.0,1.1102230246251565e-16,0.9863232494361389,0.9597473954784254,0.026575853957713558,1.5407770433457692e-06,0.49999087661759617,0.0011235925160212323,1.0,0.0,2.9898306053155466e-13,10.0,9.0,-0.005360855356983737,0.0,0.0,1.217152350772381,3.03873497258831,-1.8246764807669345e-05,1.5707947860178533,3.530950335345778,2.9744041814441298,6.16252792707376,0,0.0,0.0
1.413716694115407,0.0,0.5,1.0,0.0,0.024471741852423214,0.9999999999999993,6.661338147750939e-16,0.0,1.1364190378099934e-31,3.3710814849392077e-16,3.830961177493698e-47,6.661338147750939e-16,0.0,0.9999999999999992,0.9999999999999991,1.1102230246251565e-16,0.9998705671741914,0.29254531023428204,4.440892098500626e-16,1.0,1.1102230246251565e-16,2.220446049250313e-16,10.0,10.0,-0.1628180436870027,0.0,0.0,2.794949542975224,2.607347059680472,-0.4149093795314359,0.016089475942219877,2.5278618466548255,2.7162890945744236,4.136310485971356,0,0.0,0.0
1.413716694115407,0.15,0.5,1.0,0.0,0.029177769283918235,1.0000000000000002,-2.220446049250313e-16,-2.220446049250313e-16,3.263525853171672e-08,0.00018065231393955827,5.8956349697703364e-12,2.220446049250313e-16,2.220446049250313e-16,0.9999999999999993,0.9999999673647417,3.263525760743846e-08,4.26931177203974e-05,0.5000366723516537,4.440892098500626e-16,1.0,2.220446049250313e-16,4.796364416748133e-10,10.0,10.0,-0.1769732564840919,0.0,0.0,1.4725874553310179,6.124875710677681,7.334470330741963e-05,1.5707536336771633,6.283177001860874,2.9699052742730614,3.291951070199126,0,0.0,0.0
1.413716694115407,0.3,0.5,1.0,0.0,0.03397588294908018,1.0,0.0,-1.1102230246251565e-16,5.476397888070999e-07,0.0007400268838407831,4.0526816637814265e-10,0.0,1.1102230246251565e-16,0.9999999999999997,0.9999994523603608,5.476396388592875e-07,2.8173338990620056e-05,0.6737680396117226,2.162714451969805e-13,1.0,1.1102230246251565e-16,3.3306690738754696e-16,10.0,10.0,0.18034172950629432,0.0,0.0,1.762246676461267,0.8149882497323894,0.34753607922344515,1.570824500133891,3.141584883458129,0.1853702590300147,0.2999900825562658,0,0.0,0.0
1.413716694115407,0.44999999999999996,0.5,1.0,0.0,0.038726318012569934,1.0,0.0,0.0,2.870321637978984e-06,0.0016942023603982448,4.8629056941661516e-09,0.0,0.0,0.9999999999999996,0.9999971296824811,2.870317518444132e-06,3.1096998922044304e-09,0.694553817309651,5.9429128285160004e-12,1.0,0.0,0.0,10.0,10.0,-0.0043217412700076435,0.0,0.0,1.7482946446556753,0.87841522597584,0.38910763461930203,1.5707963236851967,3.141589334547699,0.19808305383554986,0.4500076773885871,0,0.0,0.0
1.413716694115407,0.6,0.5,1.0,0.0,0.0432827522131086,0.9999999999999996,4.440892098500626e-16,0.0,9.271075440501432e-06,0.0030448440749078487,2.822897912303446e-08,4.440892098500626e-16,0.0,0.9999999999999999,0.999990728967536,9.27103246384231e-06,3.2814642727010278e-09,0.429711762656368,6.200173707782142e-11,1.0,0.0,0.0,10.0,10.0,-0.008748174279465334,0.0,0.0,1.7441015111797815,1.2034324738319662,-0.14057647468726392,1.5707963235134323,3.1415926532729497,0.20957712598695571,0.60002383792697,0,0.0,0.0
1.413716694115407,0.75,0.5,1.0,0.0,0.047498626605647035,0.9999999999999999,1.1102230246251565e-16,0.0,2.2834109712438904e-05,0.004778504966246128,1.0911290666069824e-07,1.1102230246251565e-16,0.0,1.0000000000000053,0.9999771661509929,2.283384901247132e-05,5.244257362314947e-07,0.491502806243202,3.7609937386662295e-10,1.0,2.220446049250313e-16,0.0,10.0,10.0,-0.016861998392842158,0.0,0.0,1.7327169072641773,1.497492366320932,-0.016994387513596027,1.5707958023691604,3.141592750885236,0.21970759621602004,0.7500121826515138,0,0.0,0.0
1.413716694115407,0.8999999999999999,0.5,1.0,0.0,0.051233680178602414,1.0000000000000002,-2.220446049250313e-16,-1.1102230246251565e-16,4.715096918765298e-05,0.006866656332426502,3.2376950115244416e-07,2.220446049250313e-16,1.1102230246251565e-16,1.000000000000052,0.9999528501424844,4.71498575675966e-05,3.3197195490850663e-09,0.49986341536127576,1.6036338923441917e-09,1.0,2.220446049250313e-16,2.840490065381118e-10,10.0,10.0,-0.004305249646310058,0.0,0.0,1.6476479710512324,2.1316172796612376,-0.0002731692774484845,1.5707963301146162,6.283183744526152,2.91326025307619,4.04159965588527,0,0.0,0.0
1.413716694115407,1.05,0.5,1.0,0.0,0.054360353023442255,1.0,0.0,0.0,8.586736327901024e-05,0.009266464443303618,7.956868686651831e-07,0.0,0.0,1.0000000000003162,0.9999141363237183,8.586367659790817e-05,7.514411820733966e-09,0.4997706417440715,5.318185891667326e-09,1.0,0.0,1.1102230246251565e-15,10.0,10.0,0.008462825715493366,0.0,0.0,1.6188867618852938,2.418273224814226,-0.0004587165118570338,1.5707963192804848,3.141593586376365,0.23533068478864877,1.0499979330822133,0,0.0,0.0
1.413716694115407,1.2,0.5,1.0,0.0,0.05676971378440889,0.9999999999999998,2.220446049250313e-16,0.0,0.00014214092864835048,0.011922287056112618,1.6946449537680562e-06,2.220446049250313e-16,0.0,1.0000000000014355,0.9998578691751683,0.00014213082626723939,7.743949113681963e-07,0.4951425928331188,1.4572065554219193e-08,1.0,2.220446049250313e-16,0.0,10.0,10.0,0.005184480787660041,0.0,0.0,1.614060237347097,2.593337461350846,-0.009714814333762478,1.5707955523999853,3.1415938491871245,0.2405958873818882,1.2000010614483747,0,0.0,0.0
1.413716694115407,1.3499999999999999,0.5,1.0,0.0,0.05837658862489694,1.0000000000000002,-2.220446049250313e-16,0.0,0.00021808859068001444,0.014767822814484688,3.22069366502313e-06,2.220446049250313e-16,0.0,1.000000000005186,0.9997819351971207,0.00021806480806541018,3.3329052238593295e-09,0.4999519099943371,3.430170514295838e-08,1.0,0.0,0.0,10.0,10.0,3.87828818365632e-09,0.0,0.0,1.4964388589223312,3.2247570622740094,-9.61800113258443e-05,1.5707963301278018,3.1415926599802706,0.24405449038011068,1.3499961458098917,0,0.0,0.0
1.413716694115407,1.5,0.5,1.0,0.0,0.05912360981882623,1.0,0.0,-1.1102230246251565e-16,0.00031431066583156744,0.017728808923093718,5.572353737018221e-06,0.0,1.1102230246251565e-16,1.0000000000155254,0.999685738749178,0.00031426126634737095,1.0208998611053367e-12,0.4994799489591046,7.124038592376536e-08,1.0,0.0,0.0,10.0,10.0,0.00046592847225341964,0.0,0.0,1.5884520891735756,3.0001723790929127,-0.0010401020817907905,1.5707963267959175,3.1415925316177735,0.24565530686673537,1.4999999511382178,0,0.0,0.0
1.413716694115407,1.65,0.5,1.0,0.0,0.0589839599751514,0.9999999999999999,1.1102230246251565e-16,0.0,0.0004295724944076766,0.020726130714816902,8.903375670583459e-06,1.1102230246251565e-16,0.0,1.0000000000396345,0.9995705198214191,0.0004294802182154278,3.092695997687897e-07,0.49965026057409945,1.33054904538632e-07,1.0,2.220446049250313e-16,0.0,10.0,10.0,0.0002613810788211948,0.0,0.0,1.551079923755532,3.2996075174217068,-0.0006994788518011302,1.5707960175252969,6.283184413414033,2.8962192779915186,4.791592027381454,0,0.0,0.0
1.413716694115407,1.7999999999999998,0.5,1.0,0.0,0.05796265939999931,1.0,0.0,0.0,0.0005607036958892916,0.02367918275383024,1.3277005285710588e-05,0.0,0.0,1.0000000000881388,0.9994394536086577,0.0005605464794811166,8.714524384872603e-08,0.4999779929786026,2.2665631560503385e-07,1.0,4.440892098500626e-16,0.0,10.0,10.0,-1.590263196362169e-05,0.0,0.0,1.4808966542551667,3.7425501803045353,-4.4014042794743276e-05,1.5707964139401405,6.283185202620111,2.8983800406579046,4.941592777351865,0,0.0,0.0
1.413716694115407,1.95,0.5,1.0,0.0,0.056096324883769255,1.0,0.0,0.0,0.0007027433285455914,0.026509306451614145,1.8629238253242443e-05,0.0,0.0,1.0000000001735239,0.9992975038125897,0.0007024963609341128,2.583845299403496e-08,0.4999978092144443,3.559858510193692e-07,1.0,0.0,1.1102230246251565e-16,10.0,10.0,-0.00034442184012662986,0.0,0.0,1.480775310588283,3.899959888925609,-4.381571111428898e-06,1.5707963009564436,3.141592656850104,0.23920411537946853,1.9500000357792004,0,0.0,0.0
1.413716694115407,2.1,0.5,1.0,0.0,0.05345141335822416,0.9999999999999999,1.1102230246251565e-16,-1.1102230246251565e-16,0.0008493217193574206,0.02914312473564598,2.475188880792662e-05,1.1102230246251565e-16,1.1102230246251565e-16,1.0000000003063279,0.9991510393375368,0.0008489609687910571,4.441042771846293e-08,0.4996387295038588,5.199002705014166e-07,1.0,0.0,0.0,10.0,10.0,-0.00010407512383169107,0.0,0.0,1.7990579569863538,1.8856118611906654,-0.000722540992282388,1.5707963712053243,3.1415926410128634,0.23340770526729487,2.0999991016596895,0,0.0,0.0
1.413716694115407,2.25,0.5,1.0,0.0,0.05012104820571196,1.0,0.0,0.0,0.000993233067354108,0.03151560038067033,3.130233643559949e-05,0.0,0.0,1.0000000004899183,0.9990072608015538,0.0009927396883645523,1.6975604671381604e-07,0.499892941889123,7.109112459824374e-07,1.0,0.0,0.0,10.0,10.0,5.041084526245989e-05,0.0,0.0,1.3861523829375861,4.769463640329477,-0.00021411622175407374,1.5707964965509433,3.1415924879625194,0.22590509262584751,2.2500002558706513,0,0.0,0.0
1.413716694115407,2.4,0.5,1.0,0.0,0.0462206043769942,1.0,0.0,0.0,0.0011271235535555634,0.03357266080541671,3.7840536749316865e-05,0.0,0.0,1.0000000007159535,0.9988735125460465,0.001126488169907014,2.8459995117393276e-13,0.4999995131962529,9.153725950561409e-07,1.0,0.0,0.0,10.0,10.0,-3.182137014285176e-06,0.0,0.0,1.415712734370874,4.759959732479578,-9.736074941879216e-07,1.5707963267951812,6.283184717931668,2.924787041305133,5.541592674288456,0,0.0,0.0
1.413716694115407,2.55,0.5,1.0,0.0,0.04188229613021793,0.9999999999999996,4.440892098500626e-16,0.0,0.0012442026898725606,0.035273257432119315,4.388708177761014e-05,4.440892098500626e-16,0.0,1.000000000963039,0.9987565725354407,0.001243428427598281,5.284650253568957e-07,0.49987346171299096,1.1152859737961762e-06,1.0,2.220446049250313e-16,0.0,10.0,10.0,-0.0002175793570930799,0.0,0.0,1.6415448158901245,3.775227283313081,-0.0002530765740180672,1.5707957983298713,6.283185133634028,2.9353540403196416,5.691591163488022,0,0.0,0.0
1.413716694115407,2.6999999999999997,0.5,1.0,0.0,0.037249064079726286,0.9999999999999993,6.661338147750939e-16,0.0,0.0013388837548261511,0.036590760511721415,4.899077482587803e-05,6.661338147750939e-16,0.0,1.0000000012000498,0.9986620140518975,0.0013379871481523642,1.0894055152993798e-07,0.4999774712447518,1.2913636512346116e-06,1.0,2.220446049250313e-16,2.9976021664879227e-15,10.0,10.0,-1.8502829491068436e-07,0.0,0.0,1.426292854521951,5.1026652726087205,-4.505751049647174e-05,1.570796217854345,6.283184469958721,2.9472418387066,5.841592439531613,0,0.0,0.0
1.413716694115407,2.85,0.5,1.0,0.0,0.0324680932321726,0.9999999999999997,3.3306690738754696e-16,0.0,0.0014072723292476897,0.03751362858012658,5.279189147048743e-05,3.3306690738754696e-16,0.0,1.0000000013934942,0.998593719622529,0.0014062817709652453,2.9611999646222177e-07,0.49999250302963466,1.426557830974673e-06,1.0,0.0,0.0,10.0,10.0,1.644043965460829e-07,0.0,0.0,1.5210258880645096,4.695898905619606,-1.499394073063915e-05,1.570796622914893,3.1415927584730214,0.18130784917872916,2.8499993779593735,0,0.0,0.0
1.413716694115407,3.0,0.5,1.0,0.0,0.027684308831211122,1.0000000000000002,-2.220446049250313e-16,0.0,0.0014474473667404686,0.03804533304809499,5.5068617137229214e-05,2.220446049250313e-16,0.0,1.0000000015162789,0.9985536020830152,0.0014463994332636343,3.234839779947894e-08,0.5000015298086641,1.5091109906162359e-06,1.0,2.220446049250313e-16,2.220446049250313e-16,10.0,10.0,5.051977480811454e-05,0.0,0.0,1.484142939687849,5.111128078263777,3.0596173282465565e-06,1.5707962944464988,1.19193281911123e-07,2.974306615389015,6.141591975574246,0,0.0,0.0
